filename,Hs,Tp,Tz,Direction,Damp_Heave,Damp_Roll,Damp_Pitch,Lin_Heave,Quad_Heave,Lin_Roll,Quad_Roll,Lin_Pitch,Quad_Pitch,Std Z,Std pitch,Std roll,Mean Z,Mean pitch,Mean roll,MPM Z,MPM pitch,MPM roll,Mean velocity Z,Mean velocity pitch,Mean velocity roll,std velocity Z,std velocity pitch,std velocity roll
ymlfiles\Case_001_H1_T3p5_dir0_heavelow_pitchlow_rolllow.yml,1,3.5,2.7132,0,low,low,low,1.0,1.0,100,300.0,150,200,0.014981687082813147,0.6751739497713486,0.00017280328615984573,-0.155892735286203,0.6844052422628657,-0.002331098692618786,-0.09594228118021189,3.390855982311396,-0.0016727817110813892,0.00020385814387375602,1.359448602680206e-06,1.0229666268872603e-09,0.026532392845217904,0.021246095474984447,2.457540869471358e-06
ymlfiles\Case_002_H1_T3p5_dir0_heavelinhigh_pitchlinhigh_rolllinhigh.yml,1,3.5,2.7132,0,linhigh,linhigh,linhigh,6.5,1.0,300,300.0,325,200,0.014646596142819119,0.6724264660267556,0.00015770207170699626,-0.15588164208928218,0.6841567138134065,-0.0023314415126540577,-0.09723800933912513,3.3796484843222694,-0.001729735474949551,0.00018329710711112278,1.3563885883738968e-06,9.104538244588891e-10,0.02620617348717954,0.02117234403399023,2.263095650458245e-06
ymlfiles\Case_003_H1_T3p5_dir0_heavequadhigh_pitchquadhigh_rollquadhigh.yml,1,3.5,2.7132,0,quadhigh,quadhigh,quadhigh,1.0,4.0,100,1300.0,150,1300,0.01498386061312906,0.6746387009884244,0.00017255951381841257,-0.15589222600857586,0.684348128411321,-0.002331115499623261,-0.0959305780713697,3.388489509452111,-0.001674048070965131,0.00019954156665857474,1.3558880683786592e-06,1.090954271052792e-09,0.026533348007104527,0.02123088203394858,2.453256404107479e-06
ymlfiles\Case_004_H1_T3p5_dir0_heaveDOFbest_pitchDOFbest_rollDOFbest.yml,1,3.5,2.7132,0,DOFbest,DOFbest,DOFbest,3.3,2.4,233,304.5,248,640,0.0148466552272944,0.6734342524973244,0.00016227599088321858,-0.15588882706518675,0.6842425622189569,-0.002331322409093535,-0.09646266809127113,3.3836652003385668,-0.0017121901866195082,0.00019063041136677851,1.3562332253609599e-06,9.518391996397207e-10,0.026401065582881654,0.02119926602567965,2.3219319336520848e-06
ymlfiles\Case_005_H1_T3p5_dir45_heavelow_pitchlow_rolllow.yml,1,3.5,2.7132,45,low,low,low,1.0,1.0,100,300.0,150,200,0.011490111296902852,0.31080482013745603,0.3516833853375659,-0.15553329186044057,0.6756665276566285,0.00433023369993243,-0.10982688959530158,1.9205722762529565,1.4112318894466005,0.00016480334103998148,4.88557714518618e-05,4.2450851021094634e-05,0.018765383161745086,0.009632450630290643,0.010678090968452127
ymlfiles\Case_006_H1_T3p5_dir45_heavelinhigh_pitchlinhigh_rolllinhigh.yml,1,3.5,2.7132,45,linhigh,linhigh,linhigh,6.5,1.0,300,300.0,325,200,0.01116117265477672,0.30920690181907007,0.3500500213918655,-0.15552471508845866,0.6756237150805399,0.00435577258023343,-0.11110023969720817,1.9142051362756392,1.4049280654138727,0.00015322947497409275,4.8773744920453876e-05,4.247218561990323e-05,0.0184336495467147,0.00959906160131244,0.01064249937738801
ymlfiles\Case_007_H1_T3p5_dir45_heavequadhigh_pitchquadhigh_rollquadhigh.yml,1,3.5,2.7132,45,quadhigh,quadhigh,quadhigh,1.0,4.0,100,1300.0,150,1300,0.01148630058761582,0.3106464493305976,0.35153982233330505,-0.15553271366525334,0.6756716120078046,0.004327966147672695,-0.10984252867079569,1.9199684836773856,1.410655301250206,0.0001637504203778634,4.884902975014169e-05,4.24533125488316e-05,0.018762274166847406,0.009629270082756979,0.01067498057207492
ymlfiles\Case_008_H1_T3p5_dir45_heaveDOFbest_pitchDOFbest_rollDOFbest.yml,1,3.5,2.7132,45,DOFbest,DOFbest,DOFbest,3.3,2.4,233,304.5,248,640,0.011350117595885115,0.3098288902333379,0.3505848363983051,-0.15552845068768623,0.6756475068333468,0.00435623167061705,-0.11036536523218507,1.9166950286743223,1.406980478550388,0.000157374756343364,4.880524651217811e-05,4.246485921009032e-05,0.018626718660570474,0.009612478189157118,0.010654449851653498
ymlfiles\Case_009_H1_T3p5_dir90_heavelow_pitchlow_rolllow.yml,1,3.5,2.7132,90,low,low,low,1.0,1.0,100,300.0,150,200,0.007981868601365868,0.11549646437090959,0.21823093648606307,-0.15510211794838874,0.675478397764577,-0.00014285684075587523,-0.12332717121660426,1.1322620814540134,0.8807783165423116,7.620040253573567e-06,-6.102354842070582e-07,-1.5217778098013572e-05,0.013313711890947148,0.002928201203302298,0.007769899804016138
ymlfiles\Case_010_H1_T3p5_dir90_heavelinhigh_pitchlinhigh_rolllinhigh.yml,1,3.5,2.7132,90,linhigh,linhigh,linhigh,6.5,1.0,300,300.0,325,200,0.007661345564149589,0.11255653484455458,0.2171142650666436,-0.1550989639849352,0.6754794133162036,-0.00011900488659012898,-0.12455321468877982,1.1210771745034773,0.8764656135096026,4.568608409256995e-06,-1.0380260285032943e-06,-1.5014813225621848e-05,0.013022182126304861,0.0028961091625382025,0.007748494744884686
ymlfiles\Case_011_H1_T3p5_dir90_heavequadhigh_pitchquadhigh_rollquadhigh.yml,1,3.5,2.7132,90,quadhigh,quadhigh,quadhigh,1.0,4.0,100,1300.0,150,1300,0.007977414368671982,0.11539087364515324,0.2181590419535677,-0.15510175654080016,0.6754792402760922,-0.000146970904690298,-0.1233430900607065,1.1318570272311623,0.8804996387493004,7.422749638519449e-06,-6.370244051575163e-07,-1.521133339541236e-05,0.013309617762279624,0.002927122359639276,0.007768568826557194
ymlfiles\Case_012_H1_T3p5_dir90_heaveDOFbest_pitchDOFbest_rollDOFbest.yml,1,3.5,2.7132,90,DOFbest,DOFbest,DOFbest,3.3,2.4,233,304.5,248,640,0.007836070388380387,0.11371326580798118,0.21746836388025756,-0.15509991768215484,0.675478531651644,-0.00012866610094596826,-0.1238805826412975,1.1254739187742944,0.8778544947857962,5.5414739064904315e-06,-8.96888480088354e-07,-1.5102054870120068e-05,0.013182335621156421,0.002909178293325163,0.0077555828221454485
ymlfiles\Case_013_H1_T3p5_dir135_heavelow_pitchlow_rolllow.yml,1,3.5,2.7132,135,low,low,low,1.0,1.0,100,300.0,150,200,0.012875342528893781,0.26605786190397895,0.11976655319119829,-0.1542652127496671,0.684133259446819,0.0029137485928035795,-0.10290698061738573,1.7512957163132434,0.485611283738401,7.081092661238328e-05,-2.521730053230284e-08,1.9074863826824836e-05,0.021480572558987252,0.00841352269069051,0.00416125034329352
ymlfiles\Case_014_H1_T3p5_dir135_heavelinhigh_pitchlinhigh_rolllinhigh.yml,1,3.5,2.7132,135,linhigh,linhigh,linhigh,6.5,1.0,300,300.0,325,200,0.012585678394246801,0.2650397593367321,0.11878309710368795,-0.15426546406799774,0.6841388688804991,0.0030202313668597548,-0.10404726780719686,1.747344887339155,0.4819982127809423,6.648406513692996e-05,-1.4251666265934773e-07,1.9225388192667654e-05,0.02109082274961629,0.008390031968658753,0.004148227826201553
ymlfiles\Case_015_H1_T3p5_dir135_heavequadhigh_pitchquadhigh_rollquadhigh.yml,1,3.5,2.7132,135,quadhigh,quadhigh,quadhigh,1.0,4.0,100,1300.0,150,1300,0.012868818715567235,0.265969011936174,0.11973091980277216,-0.15426567863881377,0.6841300585828209,0.0029175076512233137,-0.1029334692331869,1.7509574271736001,0.4854802532186455,7.047655905999522e-05,-3.02495260513174e-08,1.908770371503572e-05,0.02147144857639529,0.008411460347283099,0.004160813006799975
ymlfiles\Case_016_H1_T3p5_dir135_heaveDOFbest_pitchDOFbest_rollDOFbest.yml,1,3.5,2.7132,135,DOFbest,DOFbest,DOFbest,3.3,2.4,233,304.5,248,640,0.0127476536036063,0.26543858558486116,0.11908466900199402,-0.15426500709979032,0.6841380553872858,0.002973391422349578,-0.10340609523657943,1.7488803068698766,0.48306281202359075,6.815344913478883e-05,-1.032082966171197e-07,1.91629239285403e-05,0.02131006344070053,0.008399373557507948,0.004152400430570151
ymlfiles\Case_017_H1_T3p5_dir180_heavelow_pitchlow_rolllow.yml,1,3.5,2.7132,180,low,low,low,1.0,1.0,100,300.0,150,200,0.018398094416996247,0.6778687515474249,0.00016965969846701142,-0.15607925506336234,0.6853029329544866,-0.002341506667303089,-0.08266431452633768,3.4023378370706228,-0.0016964655984946478,0.0002583932779983648,-1.1914693586578091e-06,7.824683306303049e-10,0.030112450413583552,0.02125032359260201,2.3864673483651378e-06
ymlfiles\Case_018_H1_T3p5_dir180_heavelinhigh_pitchlinhigh_rolllinhigh.yml,1,3.5,2.7132,180,linhigh,linhigh,linhigh,6.5,1.0,300,300.0,325,200,0.017907431805640348,0.6753153300337342,0.00015879198040955313,-0.1560662147931524,0.6853981337252079,-0.0023407445660743034,-0.0845920034651273,3.3924717736129835,-0.0017358598612625996,0.0002374112102742712,-1.1772615106523317e-06,9.324097609988273e-10,0.02946902335794446,0.02118259748554167,2.248077313637702e-06
ymlfiles\Case_019_H1_T3p5_dir180_heavequadhigh_pitchquadhigh_rollquadhigh.yml,1,3.5,2.7132,180,quadhigh,quadhigh,quadhigh,1.0,4.0,100,1300.0,150,1300,0.018383515649833992,0.67733067321881,0.0001698781896702264,-0.15607944892346556,0.685264361319343,-0.0023413972200754807,-0.08272589896998991,3.400142538787942,-0.0016954280806424091,0.0002539022775401271,-1.1907208415666574e-06,8.078102002747374e-10,0.030091640970567213,0.021235264577677763,2.3889582795441897e-06
ymlfiles\Case_020_H1_T3p5_dir180_heaveDOFbest_pitchDOFbest_rollDOFbest.yml,1,3.5,2.7132,180,DOFbest,DOFbest,DOFbest,3.3,2.4,233,304.5,248,640,0.018181025624491434,0.6762070044759539,0.0001623530105480978,-0.1560741484129871,0.6853268574392337,-0.002341345483861385,-0.08351427568918829,3.3958654357862024,-0.0017239649400643067,0.0002448134611882088,-1.1830246678948564e-06,8.587724828726225e-10,0.02982838514751434,0.021206084821475114,2.2903622766829225e-06
ymlfiles\Case_021_H1_T4_dir0_heavelow_pitchlow_rolllow.yml,1,4.0,3.1008,0,low,low,low,1.0,1.0,100,300.0,150,200,0.029884900844748697,0.7490952068613904,0.00011114690432868455,-0.15603434602848443,0.6866183235691289,-0.0023370546020341524,-0.03842951648068828,3.6733591812814894,-0.0019124183957299026,1.0844460058355923e-05,9.342532319942306e-07,1.2061282792952556e-09,0.04049334359052506,0.021577580698031954,1.6526325037387048e-06
ymlfiles\Case_022_H1_T4_dir0_heavelinhigh_pitchlinhigh_rolllinhigh.yml,1,4.0,3.1008,0,linhigh,linhigh,linhigh,6.5,1.0,300,300.0,325,200,0.027884896941793042,0.7455126093353944,0.00010294830380528778,-0.1560242173784903,0.6864488174936054,-0.002336828948446541,-0.046141099170810884,3.658905388896801,-0.0019427262080810126,-1.072139171007276e-05,9.45301405095992e-07,1.3826089086427876e-09,0.03862226007151978,0.02148925081760597,1.548903069520028e-06
ymlfiles\Case_023_H1_T4_dir0_heavequadhigh_pitchquadhigh_rollquadhigh.yml,1,4.0,3.1008,0,quadhigh,quadhigh,quadhigh,1.0,4.0,100,1300.0,150,1300,0.029826613074291113,0.7483806770709217,0.00011110669982589627,-0.1560334039429176,0.6865732948911103,-0.002337019652777948,-0.03864809407224823,3.6703989148262957,-0.0019124190850910957,6.376397089204271e-06,9.376380827329048e-07,1.1972811001092912e-09,0.04043937881801994,0.021558944775689086,1.6522142608279776e-06
ymlfiles\Case_024_H1_T4_dir0_heaveDOFbest_pitchDOFbest_rollDOFbest.yml,1,4.0,3.1008,0,DOFbest,DOFbest,DOFbest,3.3,2.4,233,304.5,248,640,0.028975812660815527,0.7468261814811141,0.00010499672312153774,-0.1560298129887217,0.6865042644344052,-0.0023369041011609445,-0.04193902236448696,3.6641982202998666,-0.0019353038151606035,-2.8976383901652656e-06,9.427072528600176e-07,1.267475966826234e-09,0.03964837933658916,0.02152130891044087,1.575084478086383e-06
ymlfiles\Case_025_H1_T4_dir45_heavelow_pitchlow_rolllow.yml,1,4.0,3.1008,45,low,low,low,1.0,1.0,100,300.0,150,200,0.02854364503567701,0.3506681335104888,0.4256748761871795,-0.15554641944569894,0.6783275108232389,0.008227758625585531,-0.04388218305765029,2.07574163929955,1.7021136530017607,0.00019008381663548912,6.503019916635915e-05,4.9733647410227126e-05,0.035783797809448306,0.01004180685154309,0.01182581337075255
ymlfiles\Case_026_H1_T4_dir45_heavelinhigh_pitchlinhigh_rolllinhigh.yml,1,4.0,3.1008,45,linhigh,linhigh,linhigh,6.5,1.0,300,300.0,325,200,0.026014658491972945,0.3489883084867236,0.4234932852514244,-0.1555336357287214,0.6782811262731925,0.00828697575488418,-0.05363764449664016,2.0691553694218134,1.6937241121920494,0.00017545085287942372,6.499685085958296e-05,4.99585593213048e-05,0.0332766880530663,0.010004747122772484,0.011779589361944464
ymlfiles\Case_027_H1_T4_dir45_heavequadhigh_pitchquadhigh_rollquadhigh.yml,1,4.0,3.1008,45,quadhigh,quadhigh,quadhigh,1.0,4.0,100,1300.0,150,1300,0.028464337697818386,0.3504918302696701,0.42545681318814316,-0.1555443296770486,0.6783404515092394,0.00824017156995428,-0.04417652892570553,2.0750520107582022,1.7012583289505578,0.00018868918658873738,6.50278478245062e-05,4.9755307738065744e-05,0.03570501338237091,0.010037980363612706,0.01182123742742559
ymlfiles\Case_028_H1_T4_dir45_heaveDOFbest_pitchDOFbest_rollDOFbest.yml,1,4.0,3.1008,45,DOFbest,DOFbest,DOFbest,3.3,2.4,233,304.5,248,640,0.027379231749782445,0.3496402800652269,0.424206369096777,-0.15553803281232415,0.6783125566477831,0.008261983912497444,-0.04836614332248422,2.071755618648802,1.696459533652515,0.00018082058524723744,6.501259132690286e-05,4.987050126196292e-05,0.03463290614729861,0.010019432564406697,0.011794821226632116
ymlfiles\Case_029_H1_T4_dir90_heavelow_pitchlow_rolllow.yml,1,4.0,3.1008,90,low,low,low,1.0,1.0,100,300.0,150,200,0.02575242360902529,0.17206640139252513,0.24389828392815127,-0.15500363191889008,0.6751550819322241,-0.0013865273640622717,-0.054825951228692466,1.3548671633742448,0.9770895621913935,1.3091361784289947e-05,-5.123790051190946e-06,-2.9183115032818945e-05,0.029958371821999008,0.004284060869955927,0.00782957696802657
ymlfiles\Case_030_H1_T4_dir90_heavelinhigh_pitchlinhigh_rolllinhigh.yml,1,4.0,3.1008,90,linhigh,linhigh,linhigh,6.5,1.0,300,300.0,325,200,0.022695698834012897,0.16930108271195388,0.2427441944400702,-0.1549993748417976,0.675132509394555,-0.001378940143825855,-0.06659596730604925,1.3443392904727263,0.9726025682889811,8.364654076873108e-06,-5.965278489667912e-06,-2.8730545767412357e-05,0.026895817963932908,0.004246131256711497,0.007805168521492493
ymlfiles\Case_031_H1_T4_dir90_heavequadhigh_pitchquadhigh_rollquadhigh.yml,1,4.0,3.1008,90,quadhigh,quadhigh,quadhigh,1.0,4.0,100,1300.0,150,1300,0.02567066309037103,0.1719298224693138,0.24382691450043176,-0.15500328239406763,0.675154308604004,-0.0013906646804090182,-0.05513682138588863,1.3543802318226261,0.9768185551551,1.283822316783859e-05,-5.17601112930592e-06,-2.9163367158849803e-05,0.029875757614254168,0.004282290759971636,0.007828075200016259
ymlfiles\Case_032_H1_T4_dir90_heaveDOFbest_pitchDOFbest_rollDOFbest.yml,1,4.0,3.1008,90,DOFbest,DOFbest,DOFbest,3.3,2.4,233,304.5,248,640,0.02433425894515941,0.17039028858638017,0.24311866219295095,-0.15500066343599933,0.6751425195745672,-0.0013830308531805088,-0.06025936605771484,1.3484972337081205,0.9741203328725531,1.0148635200857535e-05,-5.683188422924702e-06,-2.8922138145354848e-05,0.028536356660897946,0.004261687947301529,0.007813335029692664
ymlfiles\Case_033_H1_T4_dir135_heavelow_pitchlow_rolllow.yml,1,4.0,3.1008,135,low,low,low,1.0,1.0,100,300.0,150,200,0.02885291302218974,0.2925473117483945,0.13792577340414078,-0.1541555405916692,0.6843391222954119,0.0020542657398019324,-0.041201273061531346,1.8516419694285067,0.5542851808214588,6.890500670343169e-05,-1.4752614934373886e-06,2.3579152415372826e-05,0.03634680696951599,0.008520888899633242,0.004278607222124246
ymlfiles\Case_034_H1_T4_dir135_heavelinhigh_pitchlinhigh_rolllinhigh.yml,1,4.0,3.1008,135,linhigh,linhigh,linhigh,6.5,1.0,300,300.0,325,200,0.02619658466902019,0.29142468319569814,0.1368252358558385,-0.154153128989767,0.6843722296808047,0.0021856581210008014,-0.05143755184076927,1.8472720742479738,0.5501004611872697,6.268485388682216e-05,-1.6760744019751178e-06,2.379472951478676e-05,0.033727348987184755,0.008495089763551011,0.004262873772355415
ymlfiles\Case_035_H1_T4_dir135_heavequadhigh_pitchquadhigh_rollquadhigh.yml,1,4.0,3.1008,135,quadhigh,quadhigh,quadhigh,1.0,4.0,100,1300.0,150,1300,0.02876460579296435,0.2924401142193945,0.1378848679003579,-0.1541552890161603,0.6843363320327033,0.0020604019418345265,-0.04154672933143476,1.851237023397791,0.5541275384690678,6.847756842158244e-05,-1.4821039630896682e-06,2.3596502136528252e-05,0.03625877659604698,0.008518494000515594,0.0042780823000155834
ymlfiles\Case_036_H1_T4_dir135_heaveDOFbest_pitchDOFbest_rollDOFbest.yml,1,4.0,3.1008,135,DOFbest,DOFbest,DOFbest,3.3,2.4,233,304.5,248,640,0.027612046759023647,0.29186672776333944,0.13717471283118002,-0.15415312250526045,0.6843567948089454,0.0021287333664876252,-0.04599497436803361,1.8489695474834882,0.5514430122452609,6.52704457107534e-05,-1.6083663756856863e-06,2.3708051113963584e-05,0.035127329877300106,0.008505295271588357,0.0042679791675756815
ymlfiles\Case_037_H1_T4_dir180_heavelow_pitchlow_rolllow.yml,1,4.0,3.1008,180,low,low,low,1.0,1.0,100,300.0,150,200,0.03518926489507259,0.7677343080155112,0.00011939988826173992,-0.1561104531652962,0.6874240522988987,-0.002345977484195027,-0.01783593259130989,3.7471873767469006,-0.0018902803637864088,0.00025108100495472267,-4.3230185212209987e-07,6.734945138192045e-10,0.04581130272240366,0.021927557506880885,1.72734288350017e-06
ymlfiles\Case_038_H1_T4_dir180_heavelinhigh_pitchlinhigh_rolllinhigh.yml,1,4.0,3.1008,180,linhigh,linhigh,linhigh,6.5,1.0,300,300.0,325,200,0.032674286302063385,0.7642039233560813,0.0001087504865269821,-0.15610083286421084,0.6875815567491252,-0.0023460451455572825,-0.02755299948292131,3.7333429259627966,-0.0019311301940303101,0.00022668841586297468,-4.0057050244778403e-07,8.44333221062059e-10,0.0431536902780281,0.021843959640078993,1.5945110732785825e-06
ymlfiles\Case_039_H1_T4_dir180_heavequadhigh_pitchquadhigh_rollquadhigh.yml,1,4.0,3.1008,180,quadhigh,quadhigh,quadhigh,1.0,4.0,100,1300.0,150,1300,0.03508389009133711,0.7669824714026187,0.00011904179215504015,-0.15610791963096768,0.6874270231017791,-0.0023459887359817393,-0.018243336908627145,3.7441254689728143,-0.0018920041519066308,0.0002457807960519396,-4.280933991354556e-07,7.249226902888559e-10,0.045694543644903496,0.021908495187621217,1.7225929880862593e-06
ymlfiles\Case_040_H1_T4_dir180_heaveDOFbest_pitchDOFbest_rollDOFbest.yml,1,4.0,3.1008,180,DOFbest,DOFbest,DOFbest,3.3,2.4,233,304.5,248,640,0.03402683176092167,0.7654453777539205,0.00011227058712684804,-0.15610463293211846,0.6874913029007048,-0.0023461094769266226,-0.022326541613286316,3.738132220295233,-0.0019179059420412145,0.00023533939580292425,-4.1187935107208677e-07,8.844769992627282e-10,0.04458578539938182,0.021872877665766212,1.6394010056977668e-06
ymlfiles\Case_041_H1_T4p5_dir0_heavelow_pitchlow_rolllow.yml,1,4.5,3.4884,0,low,low,low,1.0,1.0,100,300.0,150,200,0.06160111272081234,0.7337165321511887,8.946844007047747e-05,-0.15572519990427314,0.6814073726017477,-0.002341992728772586,0.08368595423252945,3.5940958105560936,-0.0019985521333153082,-0.00023106722827606632,2.4807319908620373e-06,2.5906379259067837e-09,0.06908688240517943,0.01973298292882535,1.4284279687457886e-06
ymlfiles\Case_042_H1_T4p5_dir0_heavelinhigh_pitchlinhigh_rolllinhigh.yml,1,4.5,3.4884,0,linhigh,linhigh,linhigh,6.5,1.0,300,300.0,325,200,0.05506785402709237,0.7288009988776711,8.318687742246174e-05,-0.15571598012413446,0.681401114950272,-0.002341261927149726,0.0585260151177108,3.574853728089577,-0.0020218102301609595,-0.0002455425009518152,2.482476741524361e-06,2.5842000564613934e-09,0.06272583112361961,0.01962420526779527,1.3402356778201814e-06
ymlfiles\Case_043_H1_T4p5_dir0_heavequadhigh_pitchquadhigh_rollquadhigh.yml,1,4.5,3.4884,0,quadhigh,quadhigh,quadhigh,1.0,4.0,100,1300.0,150,1300,0.06119672265187802,0.7328059696731746,8.932001628821155e-05,-0.15572437295551936,0.6813633411094147,-0.0023419765399091807,0.08213166022820087,3.5904370522782387,-0.0019991350948148257,-0.00023379211589071887,2.4714024301272047e-06,2.597094248986201e-09,0.06869160982157564,0.01971217423578617,1.4250533204881652e-06
ymlfiles\Case_044_H1_T4p5_dir0_heaveDOFbest_pitchDOFbest_rollDOFbest.yml,1,4.5,3.4884,0,DOFbest,DOFbest,DOFbest,3.3,2.4,233,304.5,248,640,0.058518564765935636,0.7306436859273983,8.509225842342643e-05,-0.15572060156281464,0.681373854787474,-0.0023418216099896556,0.07182114758358668,3.5820030607924007,-0.002014955724875713,-0.00024024388096896787,2.4778001966949085e-06,2.6077653379937767e-09,0.06608589592845296,0.019664560097154712,1.3693375082188903e-06
ymlfiles\Case_045_H1_T4p5_dir45_heavelow_pitchlow_rolllow.yml,1,4.5,3.4884,45,low,low,low,1.0,1.0,100,300.0,150,200,0.06578220907422465,0.326085688536625,0.45193662894564735,-0.15537634501420935,0.6790554767672847,0.006573805505404439,0.0999336819833663,1.9741626471048037,1.795768896377351,0.000249012868860577,6.602648452712313e-05,4.383046961756705e-05,0.07215701627301267,0.008851216604481552,0.011606858775748977
ymlfiles\Case_046_H1_T4p5_dir45_heavelinhigh_pitchlinhigh_rolllinhigh.yml,1,4.5,3.4884,45,linhigh,linhigh,linhigh,6.5,1.0,300,300.0,325,200,0.0580695065952967,0.3240107038462385,0.44845489785656006,-0.15536313129241205,0.6790380973627625,0.006612367559552739,0.07017262651301531,1.9661183221870706,1.7825591708017126,0.00023502401972385218,6.580598218624923e-05,4.403340740366021e-05,0.06441051575587618,0.00880867416705843,0.011540662070979578
ymlfiles\Case_047_H1_T4p5_dir45_heavequadhigh_pitchquadhigh_rollquadhigh.yml,1,4.5,3.4884,45,quadhigh,quadhigh,quadhigh,1.0,4.0,100,1300.0,150,1300,0.06528020961682818,0.3258985466099955,0.4516200127247375,-0.15537487910802464,0.6790584528958022,0.006590815640851002,0.0979868172265286,1.9734223558665862,1.7945775002359938,0.0002477316021211878,6.600556864465354e-05,4.384691795576656e-05,0.07165120165064116,0.008847382311285646,0.011600697777329815
ymlfiles\Case_048_H1_T4p5_dir45_heaveDOFbest_pitchDOFbest_rollDOFbest.yml,1,4.5,3.4884,45,DOFbest,DOFbest,DOFbest,3.3,2.4,233,304.5,248,640,0.06213564862525761,0.32483639196785224,0.4496454328609971,-0.1553678063456867,0.6790493779456643,0.006587884748727649,0.08585821948530836,1.9693788707943087,1.7870259010000298,0.00024008826935777462,6.588137935066224e-05,4.394664829185767e-05,0.0684964834794569,0.008825698053157575,0.011562781030486755
ymlfiles\Case_049_H1_T4p5_dir90_heavelow_pitchlow_rolllow.yml,1,4.5,3.4884,90,low,low,low,1.0,1.0,100,300.0,150,200,0.06461463258150434,0.23000068472860155,0.21697697789628353,-0.15486262885241983,0.6762163144947724,-0.000673673221640531,0.09537055875392594,1.5818310085745093,0.8669751877578059,1.5076782030999648e-05,-7.182716958448436e-06,-3.7286379927978206e-05,0.06809505096281042,0.005431120643712802,0.006655174295212664
ymlfiles\Case_050_H1_T4p5_dir90_heavelinhigh_pitchlinhigh_rolllinhigh.yml,1,4.5,3.4884,90,linhigh,linhigh,linhigh,6.5,1.0,300,300.0,325,200,0.05610030103502057,0.22676118328477332,0.21554768338560468,-0.1548633670943905,0.6761611578031732,-0.0008053428203807941,0.06249285866269483,1.5691936873325867,0.8611462230733467,1.240482291361311e-05,-7.865360475480081e-06,-3.6567721014947885e-05,0.05951917503380041,0.005377138682757539,0.0066279130762472984
ymlfiles\Case_051_H1_T4p5_dir90_heavequadhigh_pitchquadhigh_rollquadhigh.yml,1,4.5,3.4884,90,quadhigh,quadhigh,quadhigh,1.0,4.0,100,1300.0,150,1300,0.06409387936087697,0.22980396269781544,0.21689951595491028,-0.15486285034948122,0.6762084698522117,-0.0006840095449309366,0.09336278181585483,1.5810485820565108,0.866655096151474,1.493460832681871e-05,-7.2181959589864365e-06,-3.724579565492254e-05,0.06756882652235272,0.005427996200560288,0.006653757813237056
ymlfiles\Case_052_H1_T4p5_dir90_heaveDOFbest_pitchDOFbest_rollDOFbest.yml,1,4.5,3.4884,90,DOFbest,DOFbest,DOFbest,3.3,2.4,233,304.5,248,640,0.06058753833445115,0.22810571620066072,0.21604952426581633,-0.1548622828835764,0.6761861476340607,-0.0007365297731494204,0.07983629733520936,1.574439130626112,0.8632582608947748,1.331035040523898e-05,-7.648597399673882e-06,-3.686989215020337e-05,0.06403846296724959,0.005399790409349443,0.006637336176758024
ymlfiles\Case_053_H1_T4p5_dir135_heavelow_pitchlow_rolllow.yml,1,4.5,3.4884,135,low,low,low,1.0,1.0,100,300.0,150,200,0.06554790350685015,0.27150892184881226,0.13388705498228123,-0.15411642241694765,0.683366730940857,0.003081256972921769,0.10020252021069673,1.762804989879959,0.536645095395907,6.121124466102693e-05,-3.12958422585171e-06,2.1265544115009455e-05,0.07076159969784906,0.0074633102365983485,0.003829084425961246
ymlfiles\Case_054_H1_T4p5_dir135_heavelinhigh_pitchlinhigh_rolllinhigh.yml,1,4.5,3.4884,135,linhigh,linhigh,linhigh,6.5,1.0,300,300.0,325,200,0.05742405231073824,0.26941536081589523,0.13236727948312524,-0.1541219299307284,0.6834297329149983,0.0031389884793672075,0.06879670500689761,1.7548196981504927,0.5307177314325968,5.6386177259515794e-05,-3.31241621833951e-06,2.1378056020096928e-05,0.06263343450080697,0.007427913627273729,0.0038089463721452327
ymlfiles\Case_055_H1_T4p5_dir135_heavequadhigh_pitchquadhigh_rollquadhigh.yml,1,4.5,3.4884,135,quadhigh,quadhigh,quadhigh,1.0,4.0,100,1300.0,150,1300,0.06502746230492198,0.2713409007518148,0.13382900726275307,-0.1541174286623647,0.6833678950864593,0.003083471754216194,0.09816418621934245,1.7621381524027306,0.5364159796423171,6.0866541571816685e-05,-3.134663843319418e-06,2.1273944061443628e-05,0.07023880264840243,0.007460567700270315,0.0038284590161397902
ymlfiles\Case_056_H1_T4p5_dir135_heaveDOFbest_pitchDOFbest_rollDOFbest.yml,1,4.5,3.4884,135,DOFbest,DOFbest,DOFbest,3.3,2.4,233,304.5,248,640,0.061688131340657607,0.2703055207144168,0.13289561044910692,-0.15411804266020454,0.68339779970679,0.0031180852652618572,0.08525961832690043,1.7581772923139463,0.5328138317396942,5.8290501668051006e-05,-3.2511495054084846e-06,2.133281860396846e-05,0.06690004816484212,0.007442563156704351,0.0038157615386909286
ymlfiles\Case_057_H1_T4p5_dir180_heavelow_pitchlow_rolllow.yml,1,4.5,3.4884,180,low,low,low,1.0,1.0,100,300.0,150,200,0.07352739877611737,0.7820531716863488,9.607189052345822e-05,-0.15581031011525015,0.6861995082688711,-0.002347580813819997,0.13030619984509756,3.7879080989491687,-0.0019789579416055795,0.0003154239127937728,-1.3644925885316987e-06,6.889825552896722e-10,0.08276928322098816,0.020648381353480984,1.4900115908073446e-06
ymlfiles\Case_058_H1_T4p5_dir180_heavelinhigh_pitchlinhigh_rolllinhigh.yml,1,4.5,3.4884,180,linhigh,linhigh,linhigh,6.5,1.0,300,300.0,325,200,0.06595272354557084,0.7761825627811832,8.733291763259641e-05,-0.15580830734830298,0.6864948682338678,-0.002347210160655503,0.10114437888333494,3.7652991426121174,-0.0020123838816674274,0.00029130340673544586,-1.3307346743934991e-06,6.356152607633829e-10,0.07501518400286145,0.02052845039594634,1.3738522870642514e-06
ymlfiles\Case_059_H1_T4p5_dir180_heavequadhigh_pitchquadhigh_rollquadhigh.yml,1,4.5,3.4884,180,quadhigh,quadhigh,quadhigh,1.0,4.0,100,1300.0,150,1300,0.07295482440489469,0.7808998894369388,9.599359968906373e-05,-0.1558088320607316,0.6862337352949425,-0.002347427988087126,0.12811823808792988,3.7833682821761965,-0.0019792816988673024,0.00031047208565998795,-1.361268537740725e-06,6.890485616623944e-10,0.08217871693720122,0.02062363349517653,1.4891454518692463e-06
ymlfiles\Case_060_H1_T4p5_dir180_heaveDOFbest_pitchDOFbest_rollDOFbest.yml,1,4.5,3.4884,180,DOFbest,DOFbest,DOFbest,3.3,2.4,233,304.5,248,640,0.06992110309253095,0.7783594485734046,9.070332429930822e-05,-0.15580778085361724,0.6863384167929443,-0.002347218023183706,0.11644148275560062,3.773702265885088,-0.001999396559031356,0.00029996505918768694,-1.3451904560299938e-06,6.41101398632114e-10,0.0790805764679984,0.0205719176659057,1.4216152041786413e-06
ymlfiles\Case_061_H1_T5_dir0_heavelow_pitchlow_rolllow.yml,1,5.0,3.876,0,low,low,low,1.0,1.0,100,300.0,150,200,0.0991578520045898,0.6759961868999634,0.00010082598864481974,-0.1551757843663187,0.6772867959198223,-0.002344391558424152,0.2286683684074405,3.3514271301529464,-0.0019559772969350354,-0.00037254963324148644,1.3119938159875305e-06,2.7983731007549354e-09,0.10397843245241223,0.017280900349612566,1.6734214011120472e-06
ymlfiles\Case_062_H1_T5_dir0_heavelinhigh_pitchlinhigh_rolllinhigh.yml,1,5.0,3.876,0,linhigh,linhigh,linhigh,6.5,1.0,300,300.0,325,200,0.08939232665406832,0.6698704985994365,9.192560674905422e-05,-0.15518167955464554,0.6775140794397203,-0.002344005551865647,0.19094963784915817,3.3278279921016125,-0.0019898203998536634,-0.0003826253481568379,1.2576494897999662e-06,2.7923117523075324e-09,0.09410241175398212,0.01715826356494366,1.5355322626819643e-06
ymlfiles\Case_063_H1_T5_dir0_heavequadhigh_pitchquadhigh_rollquadhigh.yml,1,5.0,3.876,0,quadhigh,quadhigh,quadhigh,1.0,4.0,100,1300.0,150,1300,0.09828954613780592,0.6750100946161772,0.00010047162736659522,-0.15517714627602816,0.6772756280242381,-0.0023445805988186433,0.2253340482572291,3.347515127902894,-0.001957563226750345,-0.00037387703819633477,1.304291912577582e-06,2.765274291380247e-09,0.10309767484888217,0.017260562867998187,1.6677536423657697e-06
ymlfiles\Case_064_H1_T5_dir0_heaveDOFbest_pitchDOFbest_rollDOFbest.yml,1,5.0,3.876,0,DOFbest,DOFbest,DOFbest,3.3,2.4,233,304.5,248,640,0.09448741473223654,0.6722071671434585,9.53223510263109e-05,-0.15517841667101992,0.6773745496496637,-0.0023441915339300835,0.2106406384777357,3.336661969523292,-0.0019768311881072503,-0.00037824275037078866,1.2835237231942107e-06,2.8033339774774764e-09,0.09925168892721714,0.017205038698875626,1.5924981048752287e-06
ymlfiles\Case_065_H1_T5_dir45_heavelow_pitchlow_rolllow.yml,1,5.0,3.876,45,low,low,low,1.0,1.0,100,300.0,150,200,0.10967406181066212,0.2884955688785003,0.44888771794195564,-0.15488436220936916,0.67908522997881,0.005065207397058858,0.2697630613321965,1.8214591244153215,1.7735689291648908,0.0003841002808354877,5.505935093588672e-05,3.380293169779549e-05,0.11552664711551519,0.007423158093055045,0.010662411127472906
ymlfiles\Case_066_H1_T5_dir45_heavelinhigh_pitchlinhigh_rolllinhigh.yml,1,5.0,3.876,45,linhigh,linhigh,linhigh,6.5,1.0,300,300.0,325,200,0.09838900587107596,0.2839417574951106,0.4421452678301392,-0.1548789686126887,0.6791666639899656,0.005150780176722241,0.22607333254675402,1.804014998282396,1.7476158630152878,0.0003639750278247929,5.443958053779767e-05,3.374587123886589e-05,0.10393946351143472,0.007356852615864594,0.010551201046753686
ymlfiles\Case_067_H1_T5_dir45_heavequadhigh_pitchquadhigh_rollquadhigh.yml,1,5.0,3.876,45,quadhigh,quadhigh,quadhigh,1.0,4.0,100,1300.0,150,1300,0.10856207345609001,0.28811071568273205,0.44829026053707144,-0.15488487217722047,0.6790980826375268,0.0050866175709117015,0.26545703935921433,1.8199193870777033,1.7711879953584775,0.0003824876951975264,5.500529011132201e-05,3.3795331736114873e-05,0.11438273797396835,0.007417697177866464,0.010652523106654016
ymlfiles\Case_068_H1_T5_dir45_heaveDOFbest_pitchDOFbest_rollDOFbest.yml,1,5.0,3.876,45,DOFbest,DOFbest,DOFbest,3.3,2.4,233,304.5,248,640,0.10425840591596053,0.2858507857983381,0.4446518520316762,-0.1548796970641665,0.679126404881975,0.005095092544942433,0.2487983287199767,1.8113396203969454,1.757390576358196,0.0003719775219329986,5.4674283038924016e-05,3.377168092957945e-05,0.10996359360358757,0.007384544855459663,0.01059225121709811
ymlfiles\Case_069_H1_T5_dir90_heavelow_pitchlow_rolllow.yml,1,5.0,3.876,90,low,low,low,1.0,1.0,100,300.0,150,200,0.1058638244377731,0.26842570645304664,0.19365212506431373,-0.15442088117772973,0.6778082524087319,0.0009210775271140605,0.2551219032197661,1.729054443140726,0.7721688393277902,6.597495134834196e-05,-5.528506872954627e-06,-3.370090834829237e-05,0.10923748497977889,0.005843604767205439,0.005532558905278461
ymlfiles\Case_070_H1_T5_dir90_heavelinhigh_pitchlinhigh_rolllinhigh.yml,1,5.0,3.876,90,linhigh,linhigh,linhigh,6.5,1.0,300,300.0,325,200,0.09456394667725505,0.261692870187294,0.1903407246445997,-0.15443537857991294,0.6777859707801376,0.0006499366611175796,0.21139246013075166,1.7032533266056125,0.7591532935250372,5.7959956359293365e-05,-5.8186994145802155e-06,-3.2739294583778506e-05,0.09771089037645024,0.005734338302696133,0.005492378036120992
ymlfiles\Case_071_H1_T5_dir90_heavequadhigh_pitchquadhigh_rollquadhigh.yml,1,5.0,3.876,90,quadhigh,quadhigh,quadhigh,1.0,4.0,100,1300.0,150,1300,0.10481900118674817,0.26794621331364754,0.1934366337416512,-0.15442341277585062,0.6778012636288101,0.0008905570175133706,0.251077388199069,1.7272973525098783,0.7713315584297227,6.546730963369839e-05,-5.532436936782802e-06,-3.3639257711034954e-05,0.10817005595669447,0.005836001043314021,0.005530230093532947
ymlfiles\Case_072_H1_T5_dir90_heaveDOFbest_pitchDOFbest_rollDOFbest.yml,1,5.0,3.876,90,DOFbest,DOFbest,DOFbest,3.3,2.4,233,304.5,248,640,0.10045635432116648,0.2646453201968103,0.19160324113823765,-0.15442747541271745,0.6777993172479201,0.0007830086110083594,0.23421020019135347,1.7145852573483622,0.7641630390870655,6.156969404970728e-05,-5.7468310888296195e-06,-3.315538347817172e-05,0.10371827558866935,0.005782686643957011,0.005507215672422821
ymlfiles\Case_073_H1_T5_dir135_heavelow_pitchlow_rolllow.yml,1,5.0,3.876,135,low,low,low,1.0,1.0,100,300.0,150,200,0.10667283426831006,0.24225701754552526,0.13331751099561032,-0.15384487300915728,0.6834559949194944,0.005090000862798416,0.2589509616728532,1.6430772661370372,0.5324516361956307,0.00010418472040156223,-2.2098424058625624e-06,1.5213915444366323e-05,0.11064776117532119,0.00624903894472048,0.0033657193505358734
ymlfiles\Case_074_H1_T5_dir135_heavelinhigh_pitchlinhigh_rolllinhigh.yml,1,5.0,3.876,135,linhigh,linhigh,linhigh,6.5,1.0,300,300.0,325,200,0.09550115090586873,0.23746422863912103,0.13031668331131516,-0.1538489819158074,0.683549247945479,0.004921302546712143,0.21577015406805158,1.624746002153537,0.5208967771115365,9.458230010774151e-05,-2.350614841263667e-06,1.5151167581648626e-05,0.09921446853952777,0.006184141779911041,0.003330304568732037
ymlfiles\Case_075_H1_T5_dir135_heavequadhigh_pitchquadhigh_rollquadhigh.yml,1,5.0,3.876,135,quadhigh,quadhigh,quadhigh,1.0,4.0,100,1300.0,150,1300,0.10562387310352833,0.24188148772610105,0.1331895743876009,-0.15384747812830624,0.6834636593188235,0.005072346648590381,0.25490443917770833,1.6416451907634206,0.5319413815782448,0.00010355661808978259,-2.2144047241424406e-06,1.520672843054732e-05,0.10957105034210719,0.006244104335923024,0.0033643629044844865
ymlfiles\Case_076_H1_T5_dir135_heaveDOFbest_pitchDOFbest_rollDOFbest.yml,1,5.0,3.876,135,DOFbest,DOFbest,DOFbest,3.3,2.4,233,304.5,248,640,0.10130511315853531,0.23958310620523815,0.13141104872141499,-0.15384635242004124,0.683505743881087,0.005017910890219638,0.23816314183621007,1.6329128464532334,0.5251952113388207,9.899477143796056e-05,-2.300088027909797e-06,1.5187188534488525e-05,0.10515024622083768,0.00621276702370087,0.0033431520582002596
ymlfiles\Case_077_H1_T5_dir180_heavelow_pitchlow_rolllow.yml,1,5.0,3.876,180,low,low,low,1.0,1.0,100,300.0,150,200,0.12087636431006132,0.768494416416878,0.00010585847029350808,-0.15525664721893678,0.6831870640202754,-0.0023481735012416925,0.313416187446126,3.715488881943307,-0.0019403828628642053,0.0004939473275281419,-1.4317238876870983e-07,-9.834465075722056e-10,0.12868971455171715,0.018707199660341848,1.7625032840199056e-06
ymlfiles\Case_078_H1_T5_dir180_heavelinhigh_pitchlinhigh_rolllinhigh.yml,1,5.0,3.876,180,linhigh,linhigh,linhigh,6.5,1.0,300,300.0,325,200,0.10913645266720683,0.7568961128876958,9.582334795361565e-05,-0.15525666677420707,0.6835954997576745,-0.002348146914218153,0.26807972759432114,3.670850698118712,-0.001978466773998856,0.000461594811819048,-1.1636325826370236e-07,-7.987553507585509e-10,0.11646599042817926,0.018511505698813605,1.60688105347553e-06
ymlfiles\Case_079_H1_T5_dir180_heavequadhigh_pitchquadhigh_rollquadhigh.yml,1,5.0,3.876,180,quadhigh,quadhigh,quadhigh,1.0,4.0,100,1300.0,150,1300,0.11957678086080137,0.7664463782539749,0.00010543852838020762,-0.1552571420754868,0.683233189965903,-0.00234825370104119,0.3083936038290968,3.707615653220189,-0.0019422454932677773,0.000488463901255027,-1.3707483853644335e-07,-9.536882544284881e-10,0.12733266485862418,0.018672185097071196,1.7535713681318552e-06
ymlfiles\Case_080_H1_T5_dir180_heaveDOFbest_pitchDOFbest_rollDOFbest.yml,1,5.0,3.876,180,DOFbest,DOFbest,DOFbest,3.3,2.4,233,304.5,248,640,0.11517340069398231,0.7613585187861152,9.962220681225244e-05,-0.15525362728735118,0.6833801571180628,-0.002348399228998114,0.2914195084852621,3.6879267468063457,-0.0019644312400453126,0.00047423642829091614,-1.1867773365148006e-07,-8.681582680146159e-10,0.12275065572863128,0.018586875055517246,1.670355943361051e-06
ymlfiles\Case_081_H1_T6_dir0_heavelow_pitchlow_rolllow.yml,1,6.0,4.6512,0,low,low,low,1.0,1.0,100,300.0,150,200,0.185636903307094,0.6090000898402944,0.0001770874399459113,-0.1536744270878198,0.6687948475523211,-0.0023481664106520593,0.5624719330955719,3.0607175311544834,-0.0016671545404771206,-0.0006799084192392441,-1.1247126910748468e-06,4.060229728195372e-09,0.18407286881923113,0.01385983386295506,2.8970465522568956e-06
ymlfiles\Case_082_H1_T6_dir0_heavelinhigh_pitchlinhigh_rolllinhigh.yml,1,6.0,4.6512,0,linhigh,linhigh,linhigh,6.5,1.0,300,300.0,325,200,0.17134056092297534,0.5985195607477296,0.00016082618065558327,-0.15380865112714515,0.6694138201715778,-0.002346746777483599,0.5069224500456883,3.020985607507806,-0.0017283718510174195,-0.0006767344466560171,-1.021458610683259e-06,3.993589264307409e-09,0.16946338462856983,0.013713146660919082,2.618423987621077e-06
ymlfiles\Case_083_H1_T6_dir0_heavequadhigh_pitchquadhigh_rollquadhigh.yml,1,6.0,4.6512,0,quadhigh,quadhigh,quadhigh,1.0,4.0,100,1300.0,150,1300,0.1835888047684236,0.6075078777642092,0.0001833627053999016,-0.1537243470672836,0.6688969844713221,-0.00234716033470839,0.5545208992339219,3.055304286571948,-0.0016422210049613555,-0.000679615248635213,-1.1112722474756531e-06,4.07899305123061e-09,0.18197506925876447,0.01383902605027161,2.9537442275683598e-06
ymlfiles\Case_084_H1_T6_dir0_heaveDOFbest_pitchDOFbest_rollDOFbest.yml,1,6.0,4.6512,0,DOFbest,DOFbest,DOFbest,3.3,2.4,233,304.5,248,640,0.1785274693352576,0.6019291930466897,0.00017179948750874584,-0.153762955269411,0.669096141889986,-0.002348317832758782,0.5348752210087343,3.0338625508570205,-0.0016877790441288416,-0.0006765776356497631,-1.0719202248228018e-06,4.334485769444104e-09,0.17679582050603182,0.013762892768099487,2.7893637705664397e-06
ymlfiles\Case_085_H1_T6_dir45_heavelow_pitchlow_rolllow.yml,1,6.0,4.6512,45,low,low,low,1.0,1.0,100,300.0,150,200,0.20791532824934578,0.3806446307221611,0.605814072541113,-0.1538612127542049,0.6744470872789586,0.005678261623094056,0.648230412884403,2.151433707349469,2.3551309017784243,0.0006402333186444486,4.4257399765282584e-05,2.559854175014479e-05,0.20690840930322066,0.0073088212223239345,0.011363098476932534
ymlfiles\Case_086_H1_T6_dir45_heavelinhigh_pitchlinhigh_rolllinhigh.yml,1,6.0,4.6512,45,linhigh,linhigh,linhigh,6.5,1.0,300,300.0,325,200,0.1918074347697147,0.35436311438911194,0.5753476905851195,-0.15387653226191286,0.6752563451985072,0.005151364523698668,0.5860150674759462,2.0536364027947496,2.2393166179918476,0.0006058882790269875,4.300827976623923e-05,2.483509711728874e-05,0.19038649970203467,0.006989038171123445,0.010950610553535746
ymlfiles\Case_087_H1_T6_dir45_heavequadhigh_pitchquadhigh_rollquadhigh.yml,1,6.0,4.6512,45,quadhigh,quadhigh,quadhigh,1.0,4.0,100,1300.0,150,1300,0.20529897995384272,0.378217613984611,0.6023440284222847,-0.15388072465934344,0.6745984985615548,0.0055917082259898665,0.6380863641260376,2.142481975952763,2.341755270632797,0.000637280057977915,4.412509207267685e-05,2.5519601035287943e-05,0.20421570940583225,0.007278341552764421,0.011314849595015756
ymlfiles\Case_088_H1_T6_dir45_heaveDOFbest_pitchDOFbest_rollDOFbest.yml,1,6.0,4.6512,45,DOFbest,DOFbest,DOFbest,3.3,2.4,233,304.5,248,640,0.1998776950708155,0.3648182292270028,0.5862215714189617,-0.1538704418275292,0.6748730052127385,0.0053605290857050925,0.6170910259828785,2.092401368705474,2.2807029905457847,0.0006181241661715421,4.3439666826139244e-05,2.5119327950996513e-05,0.19865361595034223,0.007116482941088395,0.0111007484487371
ymlfiles\Case_089_H1_T6_dir90_heavelow_pitchlow_rolllow.yml,1,6.0,4.6512,90,low,low,low,1.0,1.0,100,300.0,150,200,0.1977887471346577,0.3865361214777914,0.35334391977870794,-0.15336791987875184,0.6787322912707731,0.007173988212489277,0.6095681830687085,2.1712478214716353,1.3742247744864813,0.00015962719094651486,-9.157285965202165e-06,-2.6326037044653866e-05,0.19533232555480498,0.00689555616349254,0.006351659172524784
ymlfiles\Case_090_H1_T6_dir90_heavelinhigh_pitchlinhigh_rolllinhigh.yml,1,6.0,4.6512,90,linhigh,linhigh,linhigh,6.5,1.0,300,300.0,325,200,0.18242957644312827,0.3632095346107643,0.32732143938281255,-0.15342745175349293,0.6791367016758708,0.006490546097321869,0.550067357858679,2.082719380818327,1.2755744436695442,0.00013953551285212967,-8.61326345102621e-06,-2.527348315409232e-05,0.17960137987039018,0.006564810952855254,0.006028181326905055
ymlfiles\Case_091_H1_T6_dir90_heavequadhigh_pitchquadhigh_rollquadhigh.yml,1,6.0,4.6512,90,quadhigh,quadhigh,quadhigh,1.0,4.0,100,1300.0,150,1300,0.1954496308695747,0.384455420171825,0.3513602052901332,-0.1533847666675033,0.6787974900530541,0.007066740702644695,0.6005285972542204,2.1633941988804097,1.3665447798176977,0.00015820067454199994,-9.086897694859344e-06,-2.6230676145338928e-05,0.19293344897953962,0.006865434262534065,0.006325261652039603
ymlfiles\Case_092_H1_T6_dir90_heaveDOFbest_pitchDOFbest_rollDOFbest.yml,1,6.0,4.6512,90,DOFbest,DOFbest,DOFbest,3.3,2.4,233,304.5,248,640,0.19016710055270766,0.37290610995571283,0.33635610201652555,-0.15339776537118527,0.6789488005913451,0.00682195834151972,0.5799930888730858,2.1196707846940286,1.310032598145719,0.0001470483552223735,-8.862000573596935e-06,-2.5727376910308648e-05,0.18751776280666801,0.00670366084191907,0.006142714380762025
ymlfiles\Case_093_H1_T6_dir135_heavelow_pitchlow_rolllow.yml,1,6.0,4.6512,135,low,low,low,1.0,1.0,100,300.0,150,200,0.1982618669366692,0.35637409753884797,0.24923899682472786,-0.1532596215128448,0.6865587093632816,0.010577741562303846,0.6115609032179188,2.0691314087856965,0.9713167236726755,0.00014627400343768333,-5.35015530706604e-06,1.104278117398593e-05,0.19542809898999486,0.006677009983506584,0.004263096168750173
ymlfiles\Case_094_H1_T6_dir135_heavelinhigh_pitchlinhigh_rolllinhigh.yml,1,6.0,4.6512,135,linhigh,linhigh,linhigh,6.5,1.0,300,300.0,325,200,0.18296326504882282,0.33611110995348,0.23353878932563096,-0.15327823470648408,0.686609458994096,0.009913358717046255,0.5523297159047155,1.9919607192042634,0.9110606952798729,0.00013585207298969906,-5.186417477906089e-06,1.0739009372296543e-05,0.1796899158671965,0.006409808593908269,0.004065181101897451
ymlfiles\Case_095_H1_T6_dir135_heavequadhigh_pitchquadhigh_rollquadhigh.yml,1,6.0,4.6512,135,quadhigh,quadhigh,quadhigh,1.0,4.0,100,1300.0,150,1300,0.19593204002009443,0.3547880812562807,0.24878391525203641,-0.1532737019183208,0.6865691707465768,0.010464161418721113,0.602529383653681,2.0630874293636143,0.969487258921,0.0001457937938644909,-5.338181924110885e-06,1.1001340975172849e-05,0.19302450377343322,0.0066539815560834005,0.004256873183715068
ymlfiles\Case_096_H1_T6_dir135_heaveDOFbest_pitchDOFbest_rollDOFbest.yml,1,6.0,4.6512,135,DOFbest,DOFbest,DOFbest,3.3,2.4,233,304.5,248,640,0.19062667613534062,0.34423324331391325,0.2384565919888737,-0.15326902871989104,0.6865980547767706,0.010236819218948704,0.5820106382042441,2.022879295382295,0.930215559001592,0.00013970355226325398,-5.251104974694826e-06,1.0884639062474085e-05,0.1875620088482956,0.00651892308883273,0.0041282267990635875
ymlfiles\Case_097_H1_T6_dir180_heavelow_pitchlow_rolllow.yml,1,6.0,4.6512,180,low,low,low,1.0,1.0,100,300.0,150,200,0.22572322296139025,1.013949584950547,0.0001975997991130134,-0.15421638218725214,0.6860278586558657,-0.0023488854392848747,0.7170187665068279,4.623630631724621,-0.0015886234719816338,0.0008009499976812933,1.014065205825735e-06,-2.578853956940067e-09,0.22420169195133632,0.019384941287851103,3.211404118518e-06
ymlfiles\Case_098_H1_T6_dir180_heavelinhigh_pitchlinhigh_rolllinhigh.yml,1,6.0,4.6512,180,linhigh,linhigh,linhigh,6.5,1.0,300,300.0,325,200,0.20843382156715196,0.9654829823652301,0.00017419325224975952,-0.1542348620138831,0.6857055305329901,-0.002348488109591474,0.6500142854712914,4.439151222833766,-0.00167818125169353,0.0007533958176040788,9.333422815889325e-07,-2.198069707078622e-09,0.2063911239189983,0.018718116874961204,2.856438111552806e-06
ymlfiles\Case_099_H1_T6_dir180_heavequadhigh_pitchquadhigh_rollquadhigh.yml,1,6.0,4.6512,180,quadhigh,quadhigh,quadhigh,1.0,4.0,100,1300.0,150,1300,0.22269290824476168,1.0039808320713306,0.00019102939842942097,-0.15423589268148014,0.6859659403077829,-0.002348783357987255,0.7053029996057731,4.585541630415522,-0.0016136798101086033,0.0007914889934374975,1.001933609447122e-06,-2.3834713474062845e-09,0.2210685392865908,0.019247796652253093,3.122889960745133e-06
ymlfiles\Case_100_H1_T6_dir180_heaveDOFbest_pitchDOFbest_rollDOFbest.yml,1,6.0,4.6512,180,DOFbest,DOFbest,DOFbest,3.3,2.4,233,304.5,248,640,0.21696056494745905,0.9828418018294799,0.00018271701805048387,-0.15422731298199177,0.6858504763884697,-0.0023486616571765763,0.6831196106689041,4.5049235046474445,-0.0016454331233660044,0.0007706458796764149,9.586414019590382e-07,-2.372212217499475e-09,0.21516383887670854,0.018961199853708463,2.99254005473046e-06
ymlfiles\Case_101_H1_T7_dir0_heavelow_pitchlow_rolllow.yml,1,7.0,5.4264,0,low,low,low,1.0,1.0,100,300.0,150,200,0.2342680688379426,0.6488922318054436,0.00027181093232450806,-0.15295095112195878,0.6701142087217244,-0.002348253496697681,0.7459295202087765,3.1909553043050263,-0.0013084059315847884,-0.0009377602530555894,-4.3562383480293855e-07,5.620698288348481e-09,0.21403139442868727,0.012466333867518567,4.112370217955727e-06
ymlfiles\Case_102_H1_T7_dir0_heavelinhigh_pitchlinhigh_rolllinhigh.yml,1,7.0,5.4264,0,linhigh,linhigh,linhigh,6.5,1.0,300,300.0,325,200,0.2207516654202015,0.6270362791559366,0.00024514811356711013,-0.15308731028396735,0.6701636955793407,-0.002348255716750226,0.6936744371146664,3.1087824687920973,-0.0014103262742514496,-0.0009269536126847019,-3.794786535537667e-07,5.172967574711058e-09,0.20076335322757116,0.012198402922410955,3.715902508486759e-06
ymlfiles\Case_103_H1_T7_dir0_heavequadhigh_pitchquadhigh_rollquadhigh.yml,1,7.0,5.4264,0,quadhigh,quadhigh,quadhigh,1.0,4.0,100,1300.0,150,1300,0.2320927665590219,0.6464114342058437,0.0002694333912089538,-0.1530064777969629,0.6701412006275578,-0.0023481863749941815,0.7374889481312595,3.1817839103154912,-0.00131743439819638,-0.0009378447190345932,-4.2827208894265615e-07,5.559000829543746e-09,0.2119007996686522,0.012435825980487548,4.0830482680659626e-06
ymlfiles\Case_104_H1_T7_dir0_heaveDOFbest_pitchDOFbest_rollDOFbest.yml,1,7.0,5.4264,0,DOFbest,DOFbest,DOFbest,3.3,2.4,233,304.5,248,640,0.22749121458112445,0.6340547424092896,0.00025355777440537366,-0.15303505056348743,0.6701242809026662,-0.0023492106481224112,0.7197296169465607,3.1351885295427833,-0.0013791500838575225,-0.0009275659844388086,-4.0031027889837036e-07,5.412418149930916e-09,0.20736620039258288,0.0122858834916863,3.846546221833191e-06
ymlfiles\Case_105_H1_T7_dir45_heavelow_pitchlow_rolllow.yml,1,7.0,5.4264,45,low,low,low,1.0,1.0,100,300.0,150,200,0.25758825235034044,0.5958060740352181,0.9018859024804445,-0.15332992572732984,0.6739205233594308,0.004477605423520294,0.8351147806114815,2.9595472508452416,3.463298756678227,0.0006931271335644382,3.1645068636503246e-05,2.2627419906778912e-05,0.2357241628282627,0.009478446157222315,0.01430626477183917
ymlfiles\Case_106_H1_T7_dir45_heavelinhigh_pitchlinhigh_rolllinhigh.yml,1,7.0,5.4264,45,linhigh,linhigh,linhigh,6.5,1.0,300,300.0,325,200,0.24313029563248906,0.5391705363710817,0.832528357293812,-0.1532989102103497,0.6748234783105527,0.0033065765935062436,0.77958569423864,2.744965992570343,3.199107050645071,0.0006387243453149423,2.990622500677991e-05,2.0789326861815246e-05,0.22153085697682987,0.008705750586182247,0.013368471179219172
ymlfiles\Case_107_H1_T7_dir45_heavequadhigh_pitchquadhigh_rollquadhigh.yml,1,7.0,5.4264,45,quadhigh,quadhigh,quadhigh,1.0,4.0,100,1300.0,150,1300,0.2549723811135416,0.589337483807566,0.892638779936571,-0.15335053506018312,0.6741235197536445,0.004228027121705148,0.8250562753230273,2.935229117334467,3.4277346092491476,0.0006878490104764874,3.144195894543456e-05,2.2409294997371954e-05,0.23316119476246092,0.009388710651849824,0.014179652140895931
ymlfiles\Case_108_H1_T7_dir45_heaveDOFbest_pitchDOFbest_rollDOFbest.yml,1,7.0,5.4264,45,DOFbest,DOFbest,DOFbest,3.3,2.4,233,304.5,248,640,0.25034765273390225,0.5613539589311812,0.8561600972526153,-0.15330170343657518,0.6744141604121068,0.0038069643740526933,0.8072342191455462,2.829083809394787,3.288974303322549,0.0006576598508543348,3.0447768137125933e-05,2.1446858455438646e-05,0.2286101145191688,0.009008082823745758,0.013691277899361812
ymlfiles\Case_109_H1_T7_dir90_heavelow_pitchlow_rolllow.yml,1,7.0,5.4264,90,low,low,low,1.0,1.0,100,300.0,150,200,0.2467764128282115,0.586933822482507,0.6382988590793992,-0.15285940533835451,0.6767099276925216,0.006778980346899069,0.7940573204329172,2.925729940173034,2.446709683151988,0.00014297486940981224,-7.4545985979114435e-06,-2.052107284592508e-05,0.22428338501234266,0.009200208892359608,0.00965508363918745
ymlfiles\Case_110_H1_T7_dir90_heavelinhigh_pitchlinhigh_rolllinhigh.yml,1,7.0,5.4264,90,linhigh,linhigh,linhigh,6.5,1.0,300,300.0,325,200,0.2329507948721766,0.5327782939018483,0.5831034924119745,-0.15287587496938126,0.6780272797165104,0.00593223212351647,0.7406794318428761,2.721413401287384,2.237417043354549,0.00011152849937672279,-6.74855655001114e-06,-1.9270390398960884e-05,0.21068542380675268,0.008428347929559566,0.008910520092474684
ymlfiles\Case_111_H1_T7_dir90_heavequadhigh_pitchquadhigh_rollquadhigh.yml,1,7.0,5.4264,90,quadhigh,quadhigh,quadhigh,1.0,4.0,100,1300.0,150,1300,0.244406543733643,0.5806500699044895,0.63298500378779,-0.15288641332336755,0.6769738921815028,0.006581409880111259,0.7848963019325084,2.9021121529131886,2.4264218847898755,0.00014058497089919185,-7.351978987918475e-06,-2.0376944646458935e-05,0.22195954334226514,0.009109441725079541,0.009582055357967485
ymlfiles\Case_112_H1_T7_dir90_heaveDOFbest_pitchDOFbest_rollDOFbest.yml,1,7.0,5.4264,90,DOFbest,DOFbest,DOFbest,3.3,2.4,233,304.5,248,640,0.23987571096563295,0.5546079997680565,0.601388702230433,-0.1528701994075897,0.6774578887483895,0.006309557288886093,0.7674084541435001,2.803916508137704,2.3069375067177527,0.0001224088710775496,-7.041331366269818e-06,-1.9802956955669733e-05,0.21748952523721574,0.00874049296129103,0.009159315553009037
ymlfiles\Case_113_H1_T7_dir135_heavelow_pitchlow_rolllow.yml,1,7.0,5.4264,135,low,low,low,1.0,1.0,100,300.0,150,200,0.24804827334233037,0.5837195130162464,0.42559701153248164,-0.1528813768856166,0.684655467927443,0.009828796587665521,0.7989567172552097,2.9217788678687295,1.6348833191678847,6.821884519156649e-05,-9.507831646156035e-06,5.392293808847635e-06,0.22499282237836363,0.009168095522518663,0.0063078947295543124
ymlfiles\Case_114_H1_T7_dir135_heavelinhigh_pitchlinhigh_rolllinhigh.yml,1,7.0,5.4264,135,linhigh,linhigh,linhigh,6.5,1.0,300,300.0,325,200,0.2341129212909141,0.5445957644621896,0.39051121945592154,-0.15287147059375272,0.684997310166324,0.00906916220814678,0.7451426647068125,2.7732287585235653,1.5007145763249683,5.4085253846018636e-05,-8.90036183361577e-06,5.518338885082317e-06,0.21116961753527924,0.008625535123709288,0.0058384890511994246
ymlfiles\Case_115_H1_T7_dir135_heavequadhigh_pitchquadhigh_rollquadhigh.yml,1,7.0,5.4264,135,quadhigh,quadhigh,quadhigh,1.0,4.0,100,1300.0,150,1300,0.24565991088080485,0.5803057736778533,0.42399051094924367,-0.1529035439203272,0.6846904849728068,0.00966416645364719,0.7897696633101251,2.90863264728703,1.6285845974693642,6.750718200872798e-05,-9.495452380136695e-06,5.3834815090297655e-06,0.2226266649319099,0.009119422727317732,0.0062862716101049305
ymlfiles\Case_116_H1_T7_dir135_heaveDOFbest_pitchDOFbest_rollDOFbest.yml,1,7.0,5.4264,135,DOFbest,DOFbest,DOFbest,3.3,2.4,233,304.5,248,640,0.24103450751251054,0.5592798110647448,0.4013495214599322,-0.1528757233582059,0.6848523926011686,0.009439397857394383,0.771968560564829,2.8290196718124427,1.542341374862858,5.890392796046662e-05,-9.094997783687084e-06,5.5057432294833565e-06,0.21802349753714068,0.008830828691398543,0.005984004844579342
ymlfiles\Case_117_H1_T7_dir180_heavelow_pitchlow_rolllow.yml,1,7.0,5.4264,180,low,low,low,1.0,1.0,100,300.0,150,200,0.2739634999843448,1.4444802742756138,0.0002863703325108601,-0.15368135191875146,0.6839082194178803,-0.00234588680170844,0.8981432559788152,6.2306719470131,-0.0012492975752300215,0.0005202885201618789,2.6130759406140925e-06,1.27675069322414e-09,0.2497300141877003,0.023386957278087244,4.368006407834221e-06
ymlfiles\Case_118_H1_T7_dir180_heavelinhigh_pitchlinhigh_rolllinhigh.yml,1,7.0,5.4264,180,linhigh,linhigh,linhigh,6.5,1.0,300,300.0,325,200,0.25836754859603167,1.3423774752330928,0.00025700344988735074,-0.15362047801271508,0.6834255286812039,-0.002347788944317911,0.838028011750187,5.843355173414064,-0.0013635295161992863,0.000478287426965357,2.667322214492555e-06,1.297404166216156e-09,0.23431306108381514,0.021970536361039877,3.934454209474726e-06
ymlfiles\Case_119_H1_T7_dir180_heavequadhigh_pitchquadhigh_rollquadhigh.yml,1,7.0,5.4264,180,quadhigh,quadhigh,quadhigh,1.0,4.0,100,1300.0,150,1300,0.2710023089836276,1.4195823032982184,0.0003007219246287163,-0.1536984621076281,0.6839210020397642,-0.0023530797253865955,0.8866669587399385,6.135316351917506,-0.0012016480724472687,0.0005105695832477578,2.6143131084691485e-06,2.5324811542147916e-09,0.24680932198344632,0.02304197768964281,4.532841309298057e-06
ymlfiles\Case_120_H1_T7_dir180_heaveDOFbest_pitchDOFbest_rollDOFbest.yml,1,7.0,5.4264,180,DOFbest,DOFbest,DOFbest,3.3,2.4,233,304.5,248,640,0.266020489115951,1.376369575376296,0.0002679327338149014,-0.15363604395257285,0.6837330781453915,-0.002347685502807913,0.8675169016668618,5.971205617689184,-0.00132134254536708,0.0004919096132278399,2.651978154971167e-06,1.315202325273049e-09,0.24187150232225088,0.022445253254788487,4.102108235304827e-06
ymlfiles\Case_121_H1_T8_dir0_heavelow_pitchlow_rolllow.yml,1,8.0,6.2016,0,low,low,low,1.0,1.0,100,300.0,150,200,0.24888398750501145,0.7978481390023631,0.0003619416152450974,-0.15327332371160282,0.6737863777366803,-0.002346041700844081,0.7965509831725166,3.734246858247773,-0.0009687517708098093,-0.0016063860171873848,-1.934856083423996e-06,1.0986626383913529e-08,0.20883886379361516,0.012883361998500393,5.091352343963551e-06
ymlfiles\Case_122_H1_T8_dir0_heavelinhigh_pitchlinhigh_rolllinhigh.yml,1,8.0,6.2016,0,linhigh,linhigh,linhigh,6.5,1.0,300,300.0,325,200,0.2385639287849666,0.7570549227566239,0.00031394229055359713,-0.1533427707019993,0.6733785141297568,-0.0023490846331547105,0.7566215811493666,3.5798640949659006,-0.0011538556737284626,-0.0015478963240537571,-1.7953037025038212e-06,9.938461256861612e-09,0.1989555095811898,0.01236616107087079,4.448679298385e-06
ymlfiles\Case_123_H1_T8_dir0_heavequadhigh_pitchquadhigh_rollquadhigh.yml,1,8.0,6.2016,0,quadhigh,quadhigh,quadhigh,1.0,4.0,100,1300.0,150,1300,0.24727522758943032,0.7931639830842105,0.000350639702876007,-0.15332024870050345,0.6737495945870757,-0.0023470576246095174,0.7903198841640136,3.7165060514785884,-0.0010124445469205036,-0.0016003417252217823,-1.9120176769737015e-06,1.063187743430128e-08,0.20730004947601988,0.012823476475314743,4.954722749232552e-06
ymlfiles\Case_124_H1_T8_dir0_heaveDOFbest_pitchDOFbest_rollDOFbest.yml,1,8.0,6.2016,0,DOFbest,DOFbest,DOFbest,3.3,2.4,233,304.5,248,640,0.2437585858791371,0.7707317070691201,0.00033000110808203054,-0.15331147783113275,0.6735742283237431,-0.0023477895641149066,0.7767323867705026,3.6312976623896898,-0.0010913603373375839,-0.0015657139306271626,-1.8443966938603297e-06,1.0413643013620824e-08,0.20391565864223876,0.012540353175428369,4.675637782221484e-06
ymlfiles\Case_125_H1_T8_dir45_heavelow_pitchlow_rolllow.yml,1,8.0,6.2016,45,low,low,low,1.0,1.0,100,300.0,150,200,0.2689593526604575,0.7054747236691462,1.117095796580403,-0.15370512108370388,0.6757180196264504,-0.0013962451453527213,0.8732648684888584,3.365090253639241,4.2528196764605495,-0.0002872594855860892,1.1728662940022887e-05,8.25799389842265e-06,0.2264680890076031,0.010300579711806215,0.016066717292133215
ymlfiles\Case_126_H1_T8_dir45_heavelinhigh_pitchlinhigh_rolllinhigh.yml,1,8.0,6.2016,45,linhigh,linhigh,linhigh,6.5,1.0,300,300.0,325,200,0.2583026562733567,0.6341090271034415,1.0092026497371733,-0.15355786296781954,0.6761741603634613,-0.001833068508241678,0.8323043206438665,3.0946519474434027,3.843928348705832,-0.00025805018787699647,1.0890364745559484e-05,6.656204985179513e-06,0.2161219011419467,0.009327928552354009,0.01465177174304636
ymlfiles\Case_127_H1_T8_dir45_heavequadhigh_pitchquadhigh_rollquadhigh.yml,1,8.0,6.2016,45,quadhigh,quadhigh,quadhigh,1.0,4.0,100,1300.0,150,1300,0.26712689062828504,0.6973425457122221,1.1022187572300863,-0.1537272929300738,0.6758627720363438,-0.0015133951243215243,0.8661979859067069,3.3341059926465553,4.196046563882656,-0.00028308274583645795,1.1611547660131417e-05,8.093743610977653e-06,0.22468860569211802,0.010189361118177427,0.01587143498401613
ymlfiles\Case_128_H1_T8_dir45_heaveDOFbest_pitchDOFbest_rollDOFbest.yml,1,8.0,6.2016,45,DOFbest,DOFbest,DOFbest,3.3,2.4,233,304.5,248,640,0.2636935206939239,0.661671082699557,1.0440000087155945,-0.1536094154860498,0.6760069449914033,-0.001594943079962029,0.8529703435914321,3.1986359027545443,3.9756099357832,-0.00026875435006351876,1.1099161580121062e-05,7.1497564458068675e-06,0.22133677572859708,0.009702670947970718,0.015108866387260967
ymlfiles\Case_129_H1_T8_dir90_heavelow_pitchlow_rolllow.yml,1,8.0,6.2016,90,low,low,low,1.0,1.0,100,300.0,150,200,0.260264396161495,0.7074151357175068,0.8497138387236257,-0.15311323811022223,0.676645723961074,0.0033133650547275666,0.8403754880527735,3.374112897234629,3.235258189509895,-0.000549993655007306,2.5112484631294214e-08,-1.5112129835496895e-05,0.21719777183647707,0.010295516227890994,0.011838277497507791
ymlfiles\Case_130_H1_T8_dir90_heavelinhigh_pitchlinhigh_rolllinhigh.yml,1,8.0,6.2016,90,linhigh,linhigh,linhigh,6.5,1.0,300,300.0,325,200,0.2500799738400816,0.6326239510007989,0.7645745035875212,-0.15301273180406288,0.6775594634733981,0.003052706530219546,0.8011499471877994,3.089716265408714,2.9117443069487994,-0.000528488543684464,4.762133018453389e-07,-1.4149149272708243e-05,0.20727964874922167,0.009255753213457809,0.010711441507882962
ymlfiles\Case_131_H1_T8_dir90_heavequadhigh_pitchquadhigh_rollquadhigh.yml,1,8.0,6.2016,90,quadhigh,quadhigh,quadhigh,1.0,4.0,100,1300.0,150,1300,0.2585793094990719,0.6988823980275197,0.840795190631302,-0.1531327302143693,0.676837996910487,0.003230133393777828,0.8339236347558716,3.341896303429347,3.2014119282074653,-0.0005483275717614059,1.1597090699243193e-07,-1.4980152857766831e-05,0.21555862454335645,0.010176248956767253,0.011720842152984322
ymlfiles\Case_132_H1_T8_dir90_heaveDOFbest_pitchDOFbest_rollDOFbest.yml,1,8.0,6.2016,90,DOFbest,DOFbest,DOFbest,3.3,2.4,233,304.5,248,640,0.2552406688839364,0.6620594656150095,0.7912489122939588,-0.1530513343170788,0.677183289687048,0.0031681860716773124,0.8210782016192901,3.201817745529479,3.01288790695237,-0.0005335860902531453,2.903439724773152e-07,-1.4554901004277599e-05,0.21228584972402773,0.009665455089422497,0.011063901549989078
ymlfiles\Case_133_H1_T8_dir135_heavelow_pitchlow_rolllow.yml,1,8.0,6.2016,135,low,low,low,1.0,1.0,100,300.0,150,200,0.2597696422084867,0.7622155839226952,0.5842365814291597,-0.15324818938062804,0.6820123595446371,0.00330643013042074,0.838539634921268,3.5862929583702594,2.223027678094429,-0.0004740505862846981,-1.6392910902097432e-05,-1.0188799478624355e-05,0.2161555420853078,0.011006175513676537,0.008022203330054116
ymlfiles\Case_134_H1_T8_dir135_heavelinhigh_pitchlinhigh_rolllinhigh.yml,1,8.0,6.2016,135,linhigh,linhigh,linhigh,6.5,1.0,300,300.0,325,200,0.24976085632734454,0.7040765482610817,0.5217969555778128,-0.15316055591665736,0.6828498376372499,0.002642172622172224,0.7997845524869213,3.3659924073379353,1.986037545828975,-0.0004574755154372802,-1.5236962593559421e-05,-8.006025405092358e-06,0.2062876170626367,0.010199507377581973,0.007190737956824069
ymlfiles\Case_135_H1_T8_dir135_heavequadhigh_pitchquadhigh_rollquadhigh.yml,1,8.0,6.2016,135,quadhigh,quadhigh,quadhigh,1.0,4.0,100,1300.0,150,1300,0.25811064038351667,0.756579688725807,0.5799571784874753,-0.15325958193091077,0.6821276183383843,0.0031447497477944766,0.8321942543171412,3.56493368761805,2.2067190646787784,-0.0004725604820049711,-1.6354209581004494e-05,-9.964780818795193e-06,0.21451743267054305,0.01092760761222299,0.00796559440492583
ymlfiles\Case_136_H1_T8_dir135_heaveDOFbest_pitchDOFbest_rollDOFbest.yml,1,8.0,6.2016,135,DOFbest,DOFbest,DOFbest,3.3,2.4,233,304.5,248,640,0.25483065940899136,0.7249741145036486,0.5412148933981793,-0.15319592276457336,0.68247792024607,0.002880905360957912,0.8194618202298581,3.4449907721267214,2.059565253690892,-0.000462531404874868,-1.560382931992413e-05,-8.781173211799875e-06,0.2112638748381461,0.010490007579409703,0.007448496875578717
ymlfiles\Case_137_H1_T8_dir180_heavelow_pitchlow_rolllow.yml,1,8.0,6.2016,180,low,low,low,1.0,1.0,100,300.0,150,200,0.2776806891036998,1.6922441294179054,0.00034128679271701166,-0.1540888040062447,0.6741392492565703,-0.002347622983842398,0.9066289009003223,7.132010193152848,-0.001047587526302469,-0.0010477596128103798,-1.2362358343980205e-06,1.6140744345681928e-08,0.23277014963156967,0.025012094164010967,4.8995036796815225e-06
ymlfiles\Case_138_H1_T8_dir180_heavelinhigh_pitchlinhigh_rolllinhigh.yml,1,8.0,6.2016,180,linhigh,linhigh,linhigh,6.5,1.0,300,300.0,325,200,0.2664446361428848,1.5522200375399615,0.00030462762382044476,-0.15384605862574294,0.6753900011349365,-0.0023469379677028366,0.8634265669606381,6.603108416383826,-0.0011861503869621695,-0.0009422424034142413,-1.3961044527616716e-06,1.4426359410372876e-08,0.22167037484000163,0.02310875497854496,4.3858046551075275e-06
ymlfiles\Case_139_H1_T8_dir180_heavequadhigh_pitchquadhigh_rollquadhigh.yml,1,8.0,6.2016,180,quadhigh,quadhigh,quadhigh,1.0,4.0,100,1300.0,150,1300,0.2757089579620784,1.6569406540427885,0.00034109812882024713,-0.1540474624049393,0.674562560784125,-0.002347362652097902,0.8990403188163241,6.99891227167786,-0.0010479825524357278,-0.001020814240813617,-1.2849789961905793e-06,1.5483260639724327e-08,0.23081485442418015,0.02453187237344307,4.893740601244075e-06
ymlfiles\Case_140_H1_T8_dir180_heaveDOFbest_pitchDOFbest_rollDOFbest.yml,1,8.0,6.2016,180,DOFbest,DOFbest,DOFbest,3.3,2.4,233,304.5,248,640,0.2720966999477942,1.5969451043833798,0.00031781890778736295,-0.15391317911539407,0.6750176049059907,-0.0023471605678007114,0.8851833603129591,6.77238537384935,-0.0011364030006604916,-0.0009761735935637614,-1.346916787546835e-06,1.4933331347832837e-08,0.22722330754022205,0.023716603537605754,4.572516205220767e-06
ymlfiles\Case_141_H1_T8p5_dir0_heavelow_pitchlow_rolllow.yml,1,8.5,6.5891,0,low,low,low,1.0,1.0,100,300.0,150,200,0.2480314494216756,0.8019056763859065,0.0003489286441440448,-0.15337929214031396,0.6735193869071117,-0.0023471310361090065,0.7908470664333853,3.740498132664997,-0.0010205811746884716,-0.001686911249023219,1.2210112751439378e-06,1.3893206875066136e-08,0.20091492100299857,0.012397126187764253,4.835209485346818e-06
ymlfiles\Case_142_H1_T8p5_dir0_heavelinhigh_pitchlinhigh_rolllinhigh.yml,1,8.5,6.5891,0,linhigh,linhigh,linhigh,6.5,1.0,300,300.0,325,200,0.23896198503460592,0.7614677809975648,0.0003117938917368147,-0.15338350069133272,0.673026512992942,-0.0023483071526896066,0.7558207429608854,3.5852131864360093,-0.0011631145874693753,-0.0016283216675479094,1.2337315749046745e-06,1.278127568157817e-08,0.1921380119684614,0.011878768353729365,4.328683213183929e-06
ymlfiles\Case_143_H1_T8p5_dir0_heavequadhigh_pitchquadhigh_rollquadhigh.yml,1,8.5,6.5891,0,quadhigh,quadhigh,quadhigh,1.0,4.0,100,1300.0,150,1300,0.24665689137240543,0.7974480595808315,0.00035320450475373537,-0.15339863542445029,0.6734515350142246,-0.0023477738181858134,0.785502444380082,3.72352057566624,-0.0010052387667645662,-0.0016808178233928153,1.2267675515392804e-06,1.4302935237571428e-08,0.19958443961973818,0.012339270420018231,4.8856724489948255e-06
ymlfiles\Case_144_H1_T8p5_dir0_heaveDOFbest_pitchDOFbest_rollDOFbest.yml,1,8.5,6.5891,0,DOFbest,DOFbest,DOFbest,3.3,2.4,233,304.5,248,640,0.24354794146102582,0.7753535737507843,0.00032150695813876803,-0.1533804222877763,0.6732531145426147,-0.0023462068942106027,0.7734574747544923,3.639085369752365,-0.0011239713385291956,-0.0016480551641323137,1.2233959477218828e-06,1.2950357146152445e-08,0.19655882917984974,0.012057290976473413,4.468702299457722e-06
ymlfiles\Case_145_H1_T8p5_dir45_heavelow_pitchlow_rolllow.yml,1,8.5,6.5891,45,low,low,low,1.0,1.0,100,300.0,150,200,0.2665023270011043,0.6598114337971529,1.090596794271629,-0.15383690421199975,0.6755996070781588,-0.002167910677612119,0.8612033292478196,3.18609590385574,4.144472780575067,-0.0007723013408075714,1.6877451055630518e-06,9.132764630952782e-06,0.21686913724730889,0.009423934505067143,0.015272021724956853
ymlfiles\Case_146_H1_T8p5_dir45_heavelinhigh_pitchlinhigh_rolllinhigh.yml,1,8.5,6.5891,45,linhigh,linhigh,linhigh,6.5,1.0,300,300.0,325,200,0.2570581476671384,0.5972149309506538,0.9840807724573042,-0.15367016996608537,0.6758418961626895,-0.0023201668368998973,0.8248703274008268,2.9497368777463078,3.742298463228689,-0.0006797972414360134,1.3385642789412975e-06,7.355598651377798e-06,0.20755371647746443,0.008576220094361006,0.013894136161325427
ymlfiles\Case_147_H1_T8p5_dir45_heavequadhigh_pitchquadhigh_rollquadhigh.yml,1,8.5,6.5891,45,quadhigh,quadhigh,quadhigh,1.0,4.0,100,1300.0,150,1300,0.264933031440581,0.6532393536031468,1.0767307986196861,-0.15384215934550247,0.6756772729127337,-0.002226236427325096,0.8551224223428434,3.1611676632387904,4.091899227682113,-0.0007611417721748436,1.6542294875041984e-06,8.94423161100914e-06,0.21531559026147168,0.009334901174198844,0.015092456171309243
ymlfiles\Case_148_H1_T8p5_dir45_heaveDOFbest_pitchDOFbest_rollDOFbest.yml,1,8.5,6.5891,45,DOFbest,DOFbest,DOFbest,3.3,2.4,233,304.5,248,640,0.2618431089605263,0.6216596857007147,1.018083194479624,-0.15372542953545384,0.6757962264970331,-0.002193114699102699,0.8434227851616477,3.0418327357109534,3.8702700599481408,-0.0007123805879258741,1.3866308143335418e-06,7.912414045026517e-06,0.21225087227660652,0.008906131336765755,0.014333803775892119
ymlfiles\Case_149_H1_T8p5_dir90_heavelow_pitchlow_rolllow.yml,1,8.5,6.5891,90,low,low,low,1.0,1.0,100,300.0,150,200,0.2595496032880669,0.6584068072759118,0.8462798321595272,-0.15326878652532497,0.6775499116455749,0.002966740827051785,0.8349042686983745,3.183694622308109,3.216571165756247,-0.0008781651215690597,-2.0322132320550236e-06,-9.778092242744854e-06,0.20907587668898944,0.00942571159235379,0.011476682602938357
ymlfiles\Case_150_H1_T8p5_dir90_heavelinhigh_pitchlinhigh_rolllinhigh.yml,1,8.5,6.5891,90,linhigh,linhigh,linhigh,6.5,1.0,300,300.0,325,200,0.2504874731347007,0.5920389668727175,0.7613362213336843,-0.1531585980629164,0.6782591621471673,0.002959993131639993,0.7999937086273703,2.932556126840423,2.895041386636917,-0.0008026708268989469,-1.6092846339456037e-06,-9.285891698436743e-06,0.20011302999091307,0.00850732316702333,0.010366713585974815
ymlfiles\Case_151_H1_T8p5_dir90_heavequadhigh_pitchquadhigh_rollquadhigh.yml,1,8.5,6.5891,90,quadhigh,quadhigh,quadhigh,1.0,4.0,100,1300.0,150,1300,0.25809394066201863,0.6515376875490985,0.8376629636655146,-0.15328649345132492,0.6776867152556347,0.0028993788362167085,0.8292961725636381,3.157807269645796,3.1839459204842067,-0.0008716366197681229,-1.953014625740257e-06,-9.730701293388805e-06,0.20763350143271014,0.009330077797046981,0.01136491362907211
ymlfiles\Case_152_H1_T8p5_dir90_heaveDOFbest_pitchDOFbest_rollDOFbest.yml,1,8.5,6.5891,90,DOFbest,DOFbest,DOFbest,3.3,2.4,233,304.5,248,640,0.2550812049766209,0.6182305371082485,0.7878618766567518,-0.1531945742804607,0.6779342809590307,0.002986780907427093,0.8176299490569305,3.0314978325330375,2.995830954457494,-0.0008248630709612191,-1.786661237001313e-06,-9.510128495887894e-06,0.20463515741394273,0.008869958561179178,0.010711681342502628
ymlfiles\Case_153_H1_T8p5_dir135_heavelow_pitchlow_rolllow.yml,1,8.5,6.5891,135,low,low,low,1.0,1.0,100,300.0,150,200,0.25835221045606305,0.7298365882437424,0.59005080558507,-0.15331091411961306,0.6822457920942104,0.001872280421116985,0.830544554041916,3.4590343292677668,2.2400419074169444,-0.0006686217105481008,-1.632878634783972e-05,-1.1160938785257704e-05,0.20754719236229696,0.010322094877950966,0.007874459741622996
ymlfiles\Case_154_H1_T8p5_dir135_heavelinhigh_pitchlinhigh_rolllinhigh.yml,1,8.5,6.5891,135,linhigh,linhigh,linhigh,6.5,1.0,300,300.0,325,200,0.24961791766983085,0.6773575169206832,0.5254018818438028,-0.15320390864381744,0.6830983669781856,0.0014234839913238482,0.7967336867605732,3.2609813960479626,1.9951021467891294,-0.0006305905939678988,-1.5027534745080881e-05,-8.9710454200026e-06,0.19875259075512905,0.009590533429685211,0.0070258520770534755
ymlfiles\Case_155_H1_T8p5_dir135_heavequadhigh_pitchquadhigh_rollquadhigh.yml,1,8.5,6.5891,135,quadhigh,quadhigh,quadhigh,1.0,4.0,100,1300.0,150,1300,0.25694270675758996,0.7250630328149783,0.5854319154227203,-0.15331982318361428,0.6823707874398799,0.0017415825000080317,0.8251200768280039,3.440860359111194,2.2223909221342244,-0.0006662466402488987,-1.6235104306852035e-05,-1.0951032179535746e-05,0.20612371675914598,0.01025506080439435,0.007814516377441065
ymlfiles\Case_156_H1_T8p5_dir135_heaveDOFbest_pitchDOFbest_rollDOFbest.yml,1,8.5,6.5891,135,DOFbest,DOFbest,DOFbest,3.3,2.4,233,304.5,248,640,0.25406427458204184,0.6964308884624546,0.5457800198967099,-0.15324199965826535,0.6827050444608326,0.0016086122706306968,0.8139994304103695,3.332783690147959,2.0719645172616676,-0.0006424143267607738,-1.5493516389860948e-05,-9.775453602378715e-06,0.20320132265083315,0.009856915040629372,0.007291686834776607
ymlfiles\Case_157_H1_T8p5_dir180_heavelow_pitchlow_rolllow.yml,1,8.5,6.5891,180,low,low,low,1.0,1.0,100,300.0,150,200,0.272601199829092,1.5883299168220826,0.0003329670268268673,-0.15397784866916192,0.6748018319318374,-0.0023467191899047162,0.8846957412706415,6.7276552006301555,-0.0010798309290196873,-0.0014507301200224532,-1.0116017903547051e-06,2.085831761173649e-08,0.2207998886704994,0.023031172390906306,4.701008586391143e-06
ymlfiles\Case_158_H1_T8p5_dir180_heavelinhigh_pitchlinhigh_rolllinhigh.yml,1,8.5,6.5891,180,linhigh,linhigh,linhigh,6.5,1.0,300,300.0,325,200,0.26276116936280186,1.4628761891709814,0.00029704284139833595,-0.15374736596081218,0.6762102261544453,-0.002346147397063954,0.8469948629611224,6.253929013479491,-0.0012153317979588236,-0.00131345351636159,-8.221303356441916e-07,1.889053838766391e-08,0.21089095309891837,0.021334777584394577,4.205158186553285e-06
ymlfiles\Case_159_H1_T8p5_dir180_heavequadhigh_pitchquadhigh_rollquadhigh.yml,1,8.5,6.5891,180,quadhigh,quadhigh,quadhigh,1.0,4.0,100,1300.0,150,1300,0.2709414256076246,1.559169979521134,0.00033318761202716634,-0.15394015280662968,0.6752201026218805,-0.002346911476415563,0.8782589136640332,6.617237355631926,-0.0010791839228130329,-0.0014191737695099856,-9.78798562554962e-07,2.0295226244707124e-08,0.2191162878144019,0.022636304216171337,4.701318392340788e-06
ymlfiles\Case_160_H1_T8p5_dir180_heaveDOFbest_pitchDOFbest_rollDOFbest.yml,1,8.5,6.5891,180,DOFbest,DOFbest,DOFbest,3.3,2.4,233,304.5,248,640,0.2677475535098401,1.5037760182198732,0.00030979955790668323,-0.1538172436976699,0.675717572125644,-0.0023464804987505332,0.8660652408686524,6.408286564200245,-0.001167333750109941,-0.0013594230335380476,-8.851762544322935e-07,1.95526139086886e-08,0.21587339238339634,0.021887266707066318,4.383380902108989e-06
ymlfiles\Case_161_H1_T9_dir0_heavelow_pitchlow_rolllow.yml,1,9.0,6.9767,0,low,low,low,1.0,1.0,100,300.0,150,200,0.24789028994470577,0.7743314403824645,0.00032699036025729734,-0.15340993536793257,0.6726384596408548,-0.002347224239569349,0.7875446357685904,3.622941107717987,-0.001106414501692228,-0.0016937948737489248,-8.769628899968778e-07,1.2925661063382306e-08,0.19366603005730137,0.0115902744408621,4.484669215596106e-06
ymlfiles\Case_162_H1_T9_dir0_heavelinhigh_pitchlinhigh_rolllinhigh.yml,1,9.0,6.9767,0,linhigh,linhigh,linhigh,6.5,1.0,300,300.0,325,200,0.23990088851854416,0.7379789125674945,0.0002949870304248679,-0.15344276690115063,0.6721547012494399,-0.0023473030331584844,0.7568565539977649,3.484898907474211,-0.0012283435999790064,-0.0016526035988326292,-7.030899218081863e-07,1.2025448988183099e-08,0.1858431054845739,0.011118667596462265,4.044423956828574e-06
ymlfiles\Case_163_H1_T9_dir0_heavequadhigh_pitchquadhigh_rollquadhigh.yml,1,9.0,6.9767,0,quadhigh,quadhigh,quadhigh,1.0,4.0,100,1300.0,150,1300,0.24670783000051988,0.7706016872763521,0.0003267476119066606,-0.1534376635421343,0.6725884744682787,-0.0023463827146715495,0.7829801240385739,3.6088227590797883,-0.001106881180815841,-0.0016895200893857327,-8.620055620493812e-07,1.2852032178729438e-08,0.1925036600729631,0.0115413274622965,4.481224052230932e-06
ymlfiles\Case_164_H1_T9_dir0_heaveDOFbest_pitchDOFbest_rollDOFbest.yml,1,9.0,6.9767,0,DOFbest,DOFbest,DOFbest,3.3,2.4,233,304.5,248,640,0.2439573114937529,0.7507464911437192,0.00030500118790139464,-0.15342761576557581,0.6724047231373619,-0.0023468897062064167,0.7724065151903378,3.5336732935816335,-0.0011894023369947197,-0.0016668696044105167,-7.726708432406165e-07,1.2447367432385934e-08,0.18979473393499804,0.011284826498212629,4.190460281770663e-06
ymlfiles\Case_165_H1_T9_dir45_heavelow_pitchlow_rolllow.yml,1,9.0,6.9767,45,low,low,low,1.0,1.0,100,300.0,150,200,0.2646597136482372,0.5986604933737834,1.0157053942253362,-0.15388698303599901,0.673820886947292,-0.0037524267119833916,0.8509805005364377,2.950171501787994,3.8528948612163654,-0.0010668497422282308,-5.0903480205360155e-06,4.777916822639419e-06,0.20790890060460263,0.00840666892810065,0.013956536395742281
ymlfiles\Case_166_H1_T9_dir45_heavelinhigh_pitchlinhigh_rolllinhigh.yml,1,9.0,6.9767,45,linhigh,linhigh,linhigh,6.5,1.0,300,300.0,325,200,0.2562739531756404,0.5470400432166874,0.920803834747868,-0.1537389528449073,0.6740304126826372,-0.003565977145789774,0.8189382807926584,2.7540990868339734,3.4947017239005125,-0.0009522972141841154,-5.21992409221808e-06,3.5710164023818507e-06,0.1995083498832907,0.007708137980271923,0.012738806704661855
ymlfiles\Case_167_H1_T9_dir45_heavequadhigh_pitchquadhigh_rollquadhigh.yml,1,9.0,6.9767,45,quadhigh,quadhigh,quadhigh,1.0,4.0,100,1300.0,150,1300,0.2633018651682358,0.5936690602596078,1.004368464304705,-0.15389052221374014,0.6738895617243577,-0.003718637590066329,0.8457186248437747,2.9312607183176023,3.8100731299177295,-0.0010540670982046073,-5.099076264854962e-06,4.67126640824703e-06,0.2065382635110125,0.00833931905019675,0.013811097893155082
ymlfiles\Case_168_H1_T9_dir45_heaveDOFbest_pitchDOFbest_rollDOFbest.yml,1,9.0,6.9767,45,DOFbest,DOFbest,DOFbest,3.3,2.4,233,304.5,248,640,0.26052597981148784,0.5674882941047155,0.9509736552565944,-0.15378886238285344,0.6740226556042671,-0.0035687559513093796,0.8352308805828079,2.831192545924917,3.6083970802155316,-0.0009921852770186357,-5.228170983503288e-06,3.9688996156219596e-06,0.20374263553394514,0.007983574314848925,0.013125271313565303
ymlfiles\Case_169_H1_T9_dir90_heavelow_pitchlow_rolllow.yml,1,9.0,6.9767,90,low,low,low,1.0,1.0,100,300.0,150,200,0.2593742346374043,0.587884591543891,0.8011134902890467,-0.1534544473345114,0.6774162391913796,0.0015898953910918204,0.8312943575240401,2.913584346059388,3.0378776683099047,-0.0011025462148488829,-2.049260037700796e-06,-9.816111974350875e-06,0.20138279220758196,0.008340412211248423,0.010617592092961942
ymlfiles\Case_170_H1_T9_dir90_heavelinhigh_pitchlinhigh_rolllinhigh.yml,1,9.0,6.9767,90,linhigh,linhigh,linhigh,6.5,1.0,300,300.0,325,200,0.25130198174893653,0.5329744207000214,0.7248184954543281,-0.15333491738424002,0.6780155963313318,0.0017835459099342157,0.8003739493062506,2.705119049811954,2.749773761782988,-0.000999551260493416,-1.4601772316172089e-06,-8.985481186038256e-06,0.19328473041444255,0.007578076645470867,0.009628829708710736
ymlfiles\Case_171_H1_T9_dir90_heavequadhigh_pitchquadhigh_rollquadhigh.yml,1,9.0,6.9767,90,quadhigh,quadhigh,quadhigh,1.0,4.0,100,1300.0,150,1300,0.25810714272509966,0.5827785130793672,0.7938329346002391,-0.1534649113295931,0.6775049987162163,0.00154775481571658,0.826373599193617,2.894361420751447,3.0100822645875156,-0.001093693418876724,-1.9637900135012498e-06,-9.744222073984537e-06,0.20010411491132016,0.008268754185895606,0.010524475534853006
ymlfiles\Case_172_H1_T9_dir90_heaveDOFbest_pitchDOFbest_rollDOFbest.yml,1,9.0,6.9767,90,DOFbest,DOFbest,DOFbest,3.3,2.4,233,304.5,248,640,0.25539385882022475,0.5548356221507881,0.7487998809870356,-0.153376428631351,0.677795965627204,0.001672607674380457,0.8160117730935157,2.78814857900374,2.8399876237496553,-0.0010306020095238691,-1.6741959378969469e-06,-9.31604428144629e-06,0.1973675848147286,0.007881710378781333,0.009937269213658239
ymlfiles\Case_173_H1_T9_dir135_heavelow_pitchlow_rolllow.yml,1,9.0,6.9767,135,low,low,low,1.0,1.0,100,300.0,150,200,0.2582500268068441,0.6684012736688139,0.5583881695166786,-0.15342956662713633,0.682478664491903,0.0014946483919044207,0.8272524069720375,3.222477400490123,2.1161366058122124,-0.0008232508838700215,-1.3458485014829545e-05,-1.369349439701484e-05,0.20003832351791748,0.009296717031220869,0.007270323011208808
ymlfiles\Case_174_H1_T9_dir135_heavelinhigh_pitchlinhigh_rolllinhigh.yml,1,9.0,6.9767,135,linhigh,linhigh,linhigh,6.5,1.0,300,300.0,325,200,0.250480051285448,0.6256265313211087,0.4996481306248414,-0.15333278021959101,0.6831897596461443,0.0014372090602962453,0.7973551596853765,3.0597907162410194,1.8938307201366773,-0.0007777279384242652,-1.2634659755496093e-05,-1.14253462254945e-05,0.1920639237137959,0.008694021038986258,0.006507980966493661
ymlfiles\Case_175_H1_T9_dir135_heavequadhigh_pitchquadhigh_rollquadhigh.yml,1,9.0,6.9767,135,quadhigh,quadhigh,quadhigh,1.0,4.0,100,1300.0,150,1300,0.25702430356253514,0.6649345204704152,0.5542057329009525,-0.15343862939013148,0.6825691622642743,0.0014375006515648344,0.8225387220455858,3.2092657077451086,2.1002403761666804,-0.0008212622561448043,-1.3366174232152484e-05,-1.350399712884187e-05,0.1987719451933606,0.009247149219791886,0.007217108666462686
ymlfiles\Case_176_H1_T9_dir135_heaveDOFbest_pitchDOFbest_rollDOFbest.yml,1,9.0,6.9767,135,DOFbest,DOFbest,DOFbest,3.3,2.4,233,304.5,248,640,0.2544336529845576,0.6414324240375948,0.5184620213004023,-0.1533703228195527,0.6828674392633132,0.0014610250913533788,0.8124231199729546,3.1198865200431687,1.9650060705566892,-0.000791305760524542,-1.297879412928174e-05,-1.2274021750036623e-05,0.19609156725891638,0.00891730368859542,0.006749672527802925
ymlfiles\Case_177_H1_T9_dir180_heavelow_pitchlow_rolllow.yml,1,9.0,6.9767,180,low,low,low,1.0,1.0,100,300.0,150,200,0.26954990730083944,1.4350711073852591,0.0003155910199205027,-0.153766414242355,0.6745777265973556,-0.002346012209798383,0.8699830737527026,6.139698410841454,-0.001146125847150557,-0.0015513192349024074,-1.065301489954128e-06,2.0051122696877883e-08,0.2106904192219563,0.020577952727771083,4.413570283376419e-06
ymlfiles\Case_178_H1_T9_dir180_heavelinhigh_pitchlinhigh_rolllinhigh.yml,1,9.0,6.9767,180,linhigh,linhigh,linhigh,6.5,1.0,300,300.0,325,200,0.26079543401363836,1.3309697607310171,0.0002809106736307428,-0.15359307151133242,0.6759812379045591,-0.0023451662889069523,0.8366024058886778,5.7463888825533544,-0.0012768155726221716,-0.001432334170510441,-1.0463164359125758e-06,1.8537289773466738e-08,0.20171947473616128,0.019169414296814166,3.940829069736121e-06
ymlfiles\Case_179_H1_T9_dir180_heavequadhigh_pitchquadhigh_rollquadhigh.yml,1,9.0,6.9767,180,quadhigh,quadhigh,quadhigh,1.0,4.0,100,1300.0,150,1300,0.2681011613136408,1.4133067873545127,0.0003156523476349722,-0.1537376368637626,0.6748920191083565,-0.002345959236844758,0.8644574413899233,6.057917834467988,-0.00114590006367588,-0.0015269931666415137,-1.0602133541700349e-06,1.9620294792391064e-08,0.20919431809410752,0.020282549555770094,4.412077833470742e-06
ymlfiles\Case_180_H1_T9_dir180_heaveDOFbest_pitchDOFbest_rollDOFbest.yml,1,9.0,6.9767,180,DOFbest,DOFbest,DOFbest,3.3,2.4,233,304.5,248,640,0.2652312236495779,1.3658348501813777,0.00029298681218061477,-0.15364411974953915,0.6754244913798875,-0.002345583136000478,0.8535483405375496,5.878905848922916,-0.001231303398350741,-0.0014735022354646536,-1.0562841691325145e-06,1.9069287782920814e-08,0.20622615286354273,0.01964025760832103,4.10721332607458e-06
ymlfiles\Case_181_H1_T9p5_dir0_heavelow_pitchlow_rolllow.yml,1,9.5,7.3643,0,low,low,low,1.0,1.0,100,300.0,150,200,0.2468353576140702,0.7291686482103843,0.00030291101974352843,-0.15333173204450015,0.671182408734438,-0.002347860986975135,0.7811771243674458,3.4442947976681433,-0.0011992210152930104,-0.0016535855204821862,6.186513584574933e-07,1.3209229481911155e-08,0.18648341882959765,0.010681218820287474,4.133641164969122e-06
ymlfiles\Case_182_H1_T9p5_dir0_heavelinhigh_pitchlinhigh_rolllinhigh.yml,1,9.5,7.3643,0,linhigh,linhigh,linhigh,6.5,1.0,300,300.0,325,200,0.2397224857634815,0.6972582733910393,0.00027999761837625166,-0.15337966181771695,0.6707563736666421,-0.002345146532733533,0.7537091656603148,3.323703144872528,-0.001283786851014201,-0.0016236625149511795,5.587223696419983e-07,1.23669969738165e-08,0.17940073526110126,0.01025934207638426,3.8137010038090413e-06
ymlfiles\Case_183_H1_T9p5_dir0_heavequadhigh_pitchquadhigh_rollquadhigh.yml,1,9.5,7.3643,0,quadhigh,quadhigh,quadhigh,1.0,4.0,100,1300.0,150,1300,0.24581161129742837,0.7261062683545669,0.000304173637908772,-0.1533535940982202,0.6711423670831774,-0.002347351038057394,0.7772793994354557,3.432469968529305,-0.0011941050504380216,-0.0016505337762759266,6.19768144569552e-07,1.3151292516380359e-08,0.18545578697918047,0.010640229732053775,4.151714836848374e-06
ymlfiles\Case_184_H1_T9p5_dir0_heaveDOFbest_pitchDOFbest_rollDOFbest.yml,1,9.5,7.3643,0,DOFbest,DOFbest,DOFbest,3.3,2.4,233,304.5,248,640,0.24334438717300014,0.7086806799307127,0.0002871417957884845,-0.15335571944789272,0.6709650467638151,-0.0023482415600874357,0.7677364074824578,3.366835658469901,-0.0012595702138539124,-0.0016352127344439289,5.733044877690256e-07,1.2689063130951627e-08,0.1829837095471419,0.010410653838841506,3.922346546382958e-06
ymlfiles\Case_185_H1_T9p5_dir45_heavelow_pitchlow_rolllow.yml,1,9.5,7.3643,45,low,low,low,1.0,1.0,100,300.0,150,200,0.26158111736054857,0.5462544751065946,0.9172589919869834,-0.15385222395445775,0.672735595924016,-0.003752601847391114,0.8371394056659857,2.746937853698495,3.4766823521882553,-0.0011369157902485472,-9.261623388207865e-06,6.223249377516571e-06,0.19883649575370627,0.0075951615826681754,0.012486484696153117
ymlfiles\Case_186_H1_T9p5_dir45_heavelinhigh_pitchlinhigh_rolllinhigh.yml,1,9.5,7.3643,45,linhigh,linhigh,linhigh,6.5,1.0,300,300.0,325,200,0.25410720649761004,0.5016415780777115,0.8384163334088789,-0.15375445998158624,0.6729184850358478,-0.00367737571745234,0.8082840838514522,2.5784993588764644,3.1785832133033667,-0.0010321372608700428,-9.346883458632239e-06,4.715686437988299e-06,0.19120708905172912,0.0069859013699000265,0.011473391998684825
ymlfiles\Case_187_H1_T9p5_dir45_heavequadhigh_pitchquadhigh_rollquadhigh.yml,1,9.5,7.3643,45,quadhigh,quadhigh,quadhigh,1.0,4.0,100,1300.0,150,1300,0.2604033805650501,0.5421643114113981,0.9087334071100422,-0.15385640969588596,0.6727765546447788,-0.0037570242488051938,0.832462533316779,2.731447906664045,3.4443241300606493,-0.0011260360631103535,-9.256174200791634e-06,6.122267055902506e-06,0.19762211960326198,0.00753964599313332,0.012376933875166186
ymlfiles\Case_188_H1_T9p5_dir45_heaveDOFbest_pitchDOFbest_rollDOFbest.yml,1,9.5,7.3643,45,DOFbest,DOFbest,DOFbest,3.3,2.4,233,304.5,248,640,0.25791099767649023,0.5194116125863428,0.8634463752847101,-0.1537800144703258,0.6729069764720437,-0.0036656655053828417,0.8228890966610394,2.6456885049391814,3.2737673026859704,-0.0010698707330616254,-9.380465393266142e-06,5.2054788092428105e-06,0.1950620823376304,0.007227298374711942,0.011794358401690814
ymlfiles\Case_189_H1_T9p5_dir90_heavelow_pitchlow_rolllow.yml,1,9.5,7.3643,90,low,low,low,1.0,1.0,100,300.0,150,200,0.2576115405697093,0.5295881117671033,0.7312199569968026,-0.15350347917406115,0.6779462760813654,0.0019378562169266099,0.8220121450825951,2.6914140117907253,2.7701690914382087,-0.0011662661202493205,-4.9597936708136984e-06,-7.004817310598667e-06,0.19320453147949065,0.007499323523031714,0.009522652503344622
ymlfiles\Case_190_H1_T9p5_dir90_heavelinhigh_pitchlinhigh_rolllinhigh.yml,1,9.5,7.3643,90,linhigh,linhigh,linhigh,6.5,1.0,300,300.0,325,200,0.25043239208745377,0.4820249178614693,0.6678966019658267,-0.1534113529914345,0.6785172339675521,0.002171860734459018,0.7946110386793679,2.510414463408016,2.5310806239481685,-0.0010616575149028629,-4.0259054692918224e-06,-6.537096629702693e-06,0.18586962016082953,0.006831505821232687,0.008704142357705422
ymlfiles\Case_191_H1_T9p5_dir90_heavequadhigh_pitchquadhigh_rollquadhigh.yml,1,9.5,7.3643,90,quadhigh,quadhigh,quadhigh,1.0,4.0,100,1300.0,150,1300,0.2565103687521494,0.5254680778904054,0.7256665501329028,-0.15351848906478577,0.6779973567700249,0.0019335244271744198,0.8178272509132192,2.675803490569228,2.7492853528486036,-0.0011575885793979484,-4.862463443144488e-06,-6.954195216080523e-06,0.1920697439722052,0.007440752821393083,0.009452411800881818
ymlfiles\Case_192_H1_T9p5_dir90_heaveDOFbest_pitchDOFbest_rollDOFbest.yml,1,9.5,7.3643,90,DOFbest,DOFbest,DOFbest,3.3,2.4,233,304.5,248,640,0.2540859717464152,0.5010763059840792,0.6879541150366439,-0.15344312381772574,0.678288547051778,0.002032745696375388,0.8085668293377075,2.582974255568185,2.6070268565557426,-0.0010954336906944778,-4.360858095787032e-06,-6.751833254524898e-06,0.18957769561673365,0.007099350700000089,0.008960391445942736
ymlfiles\Case_193_H1_T9p5_dir135_heavelow_pitchlow_rolllow.yml,1,9.5,7.3643,135,low,low,low,1.0,1.0,100,300.0,150,200,0.2571313640343193,0.6127348210484798,0.5030065541079596,-0.1534400100857108,0.682592251279332,0.002022750162656282,0.8206208984684418,3.0079097639160635,1.905049553044657,-0.000902490148339841,-1.174955199496378e-05,-1.1177602188881942e-05,0.19251123567756692,0.00843201915142189,0.006427068633579655
ymlfiles\Case_194_H1_T9p5_dir135_heavelinhigh_pitchlinhigh_rolllinhigh.yml,1,9.5,7.3643,135,linhigh,linhigh,linhigh,6.5,1.0,300,300.0,325,200,0.2500962375323545,0.5766196235462187,0.45439811987297174,-0.15336913556483528,0.6832805378013179,0.002043791959094802,0.7932796778396183,2.871428096807651,1.7215442240856997,-0.0008517034053207597,-1.1260039106441573e-05,-9.63470667931118e-06,0.18514242201603368,0.007912462671129196,0.005800322321540124
ymlfiles\Case_195_H1_T9p5_dir135_heavequadhigh_pitchquadhigh_rollquadhigh.yml,1,9.5,7.3643,135,quadhigh,quadhigh,quadhigh,1.0,4.0,100,1300.0,150,1300,0.25604946458652805,0.610089021834563,0.49969450726377035,-0.15345125735460063,0.6826737692188741,0.001992013170360668,0.8164594411793367,2.9978305023418446,1.892385266710424,-0.0008999498551076654,-1.1671999326013346e-05,-1.1045582043987121e-05,0.19136694460223436,0.00839316268506934,0.006385800524295395
ymlfiles\Case_196_H1_T9p5_dir135_heaveDOFbest_pitchDOFbest_rollDOFbest.yml,1,9.5,7.3643,135,DOFbest,DOFbest,DOFbest,3.3,2.4,233,304.5,248,640,0.25367420723519646,0.5899670841181588,0.47018849042029354,-0.15339822334157577,0.6829576746359459,0.00203301464391721,0.8071044003184065,2.9216398243955153,1.7808990997255836,-0.000868230926432616,-1.1518946247968626e-05,-1.0245744321151322e-05,0.18885974057324528,0.008105413811611598,0.00600071919875945
ymlfiles\Case_197_H1_T9p5_dir180_heavelow_pitchlow_rolllow.yml,1,9.5,7.3643,180,low,low,low,1.0,1.0,100,300.0,150,200,0.2664108338621648,1.2923663372761232,0.00029327306020796793,-0.15343245684295762,0.6743131222441192,-0.0023456499338933116,0.8562101770557681,5.59176805245293,-0.0012304175215159662,-0.0014512555482987838,1.213286633860127e-06,1.9500433900472734e-08,0.2014080654811447,0.01846744260420607,4.104134520263476e-06
ymlfiles\Case_198_H1_T9p5_dir180_heavelinhigh_pitchlinhigh_rolllinhigh.yml,1,9.5,7.3643,180,linhigh,linhigh,linhigh,6.5,1.0,300,300.0,325,200,0.2584912429920253,1.2043423900552155,0.0002612555826790919,-0.15331939131757016,0.6755986808132217,-0.002344638609255766,0.8256849173579612,5.259263017897894,-0.0013507623344517256,-0.0013588933536158767,9.96046820294771e-07,1.800092982760386e-08,0.19313111651204273,0.01726507231464223,3.6681187283215246e-06
ymlfiles\Case_199_H1_T9p5_dir180_heavequadhigh_pitchquadhigh_rollquadhigh.yml,1,9.5,7.3643,180,quadhigh,quadhigh,quadhigh,1.0,4.0,100,1300.0,150,1300,0.26513209478608246,1.2754899116927498,0.0002928824126778056,-0.15342006942959166,0.6745802774496318,-0.002345509124528706,0.8511630907392033,5.527338395316914,-0.0012317064418948152,-0.0014341947488229732,1.1830348393641848e-06,1.918041303610751e-08,0.2000598879527199,0.01823652464654547,4.097174057037054e-06
ymlfiles\Case_200_H1_T9p5_dir180_heaveDOFbest_pitchDOFbest_rollDOFbest.yml,1,9.5,7.3643,180,DOFbest,DOFbest,DOFbest,3.3,2.4,233,304.5,248,640,0.2625011768941736,1.23433589892389,0.0002725983686175247,-0.1533528467866353,0.6750663667125859,-0.002345108366327977,0.8410499007052882,5.3728784255071425,-0.0013082883492354712,-0.0013924766352032404,1.074757796886637e-06,1.853948940893432e-08,0.19728329930208796,0.017674309354287602,3.823706100593031e-06
ymlfiles\Case_201_H1_T10_dir0_heavelow_pitchlow_rolllow.yml,1,10.0,7.7519,0,low,low,low,1.0,1.0,100,300.0,150,200,0.24550876721279977,0.685865926311411,0.00029026412284514696,-0.15285939699592105,0.6677192725491773,-0.002349559786254795,0.7750801610700335,3.2764372806917303,-0.0012490390798704414,-0.001612803616194415,1.142259368209162e-06,1.0489283002972526e-08,0.18043817768894047,0.009885608776429806,3.960648352842819e-06
ymlfiles\Case_202_H1_T10_dir0_heavelinhigh_pitchlinhigh_rolllinhigh.yml,1,10.0,7.7519,0,linhigh,linhigh,linhigh,6.5,1.0,300,300.0,325,200,0.23889167711063092,0.656202177765583,0.0002675210715139593,-0.15287967829194776,0.6672381537268235,-0.0023493766725880484,0.7492433660907298,3.1647381786594515,-0.0013346580990169527,-0.0015909158751364143,1.2025088590663004e-06,1.0252160691226449e-08,0.17366350280253098,0.009484603217512846,3.6367122435819814e-06
ymlfiles\Case_203_H1_T10_dir0_heavequadhigh_pitchquadhigh_rollquadhigh.yml,1,10.0,7.7519,0,quadhigh,quadhigh,quadhigh,1.0,4.0,100,1300.0,150,1300,0.24459346358722117,0.6831915727126685,0.0002887789806759655,-0.15286438055643037,0.6676775633072162,-0.002348016992537526,0.7716156414145082,3.266353295527847,-0.0012526104737617192,-0.0016106823934240915,1.1487283012862198e-06,1.0976146550506228e-08,0.17949918058945644,0.00984904982873065,3.9364178818784715e-06
ymlfiles\Case_204_H1_T10_dir0_heaveDOFbest_pitchDOFbest_rollDOFbest.yml,1,10.0,7.7519,0,DOFbest,DOFbest,DOFbest,3.3,2.4,233,304.5,248,640,0.2422664704998108,0.6668751151415167,0.00026928203768207683,-0.15285905200329145,0.6674712410512714,-0.0023484899310584864,0.762520450978107,3.2052156725490786,-0.0013269865831479195,-0.0015995696310075653,1.1778488114692663e-06,1.063307308278266e-08,0.17709727062168923,0.009629165115559564,3.689182368991992e-06
ymlfiles\Case_205_H1_T10_dir45_heavelow_pitchlow_rolllow.yml,1,10.0,7.7519,45,low,low,low,1.0,1.0,100,300.0,150,200,0.2582273119458385,0.5121081561503076,0.8406576710689232,-0.15360884980515385,0.6706483853575147,-0.002499572695850433,0.8229411348378819,2.617092517034345,3.1899518127824558,-0.0011146970145803354,-1.0333530971684539e-05,2.220187325318705e-06,0.19092967072886124,0.007083761993319833,0.011396811688081583
ymlfiles\Case_206_H1_T10_dir45_heavelinhigh_pitchlinhigh_rolllinhigh.yml,1,10.0,7.7519,45,linhigh,linhigh,linhigh,6.5,1.0,300,300.0,325,200,0.2512719825485931,0.46995101318926513,0.771901055665203,-0.153521377702308,0.670799622174059,-0.002342957114382616,0.7957243938925075,2.4572813906750475,2.929900028200593,-0.0010321506680440666,-1.0575803962617948e-05,1.379484154090063e-06,0.1836280508641951,0.0064994916740142746,0.010501215861233957
ymlfiles\Case_207_H1_T10_dir45_heavequadhigh_pitchquadhigh_rollquadhigh.yml,1,10.0,7.7519,45,quadhigh,quadhigh,quadhigh,1.0,4.0,100,1300.0,150,1300,0.25717691951362914,0.5084282400671154,0.8336736994092707,-0.15361984850475366,0.6707313876525267,-0.0025170133171879797,0.8189578192450236,2.603286327919685,3.1637365422958634,-0.0011061733868025793,-1.0347907796575719e-05,2.177511675588584e-06,0.18982501177936525,0.007033276788558102,0.011306152944758507
ymlfiles\Case_208_H1_T10_dir45_heaveDOFbest_pitchDOFbest_rollDOFbest.yml,1,10.0,7.7519,45,DOFbest,DOFbest,DOFbest,3.3,2.4,233,304.5,248,640,0.254823095686389,0.4867875613653864,0.7937302453242474,-0.15354788897071295,0.6706623946419051,-0.002217480446092289,0.8097565980896795,2.5208668501140643,3.0135627165805046,-0.0010625804059208482,-1.053674314773722e-05,1.6688613107384989e-06,0.18733086143959418,0.00673173188564879,0.01078541903227784
ymlfiles\Case_209_H1_T10_dir90_heavelow_pitchlow_rolllow.yml,1,10.0,7.7519,90,low,low,low,1.0,1.0,100,300.0,150,200,0.255259980648474,0.48994483998109317,0.6795149461478655,-0.1535729688415309,0.6778143205515623,0.0010310430986113154,0.8112750530047327,2.542905943571116,2.572152701694341,-0.0011611409425572026,-4.2591842354974806e-06,-8.922794029828866e-06,0.1859280497189552,0.006940927677341525,0.008737834734890329
ymlfiles\Case_210_H1_T10_dir90_heavelinhigh_pitchlinhigh_rolllinhigh.yml,1,10.0,7.7519,90,linhigh,linhigh,linhigh,6.5,1.0,300,300.0,325,200,0.24860510153606946,0.4448724630804545,0.6246598892286639,-0.15349460696196932,0.6783545411354321,0.0012163799701522466,0.7854145919625648,2.3709438317185283,2.3650335294840072,-0.001070831775709221,-3.621557786749984e-06,-8.214977449087272e-06,0.17892486931680232,0.006300893165686377,0.008021060802851154
ymlfiles\Case_211_H1_T10_dir90_heavequadhigh_pitchquadhigh_rollquadhigh.yml,1,10.0,7.7519,90,quadhigh,quadhigh,quadhigh,1.0,4.0,100,1300.0,150,1300,0.2542760123824639,0.4862236793653759,0.6749119140865885,-0.15359274789678806,0.6778747546740903,0.0010525050125712624,0.8074827642545075,2.5287096909679603,2.5547573937564363,-0.0011536397157519364,-4.177853144070447e-06,-8.862609209206948e-06,0.184892849686174,0.006887430442935732,0.008679526587003989
ymlfiles\Case_212_H1_T10_dir90_heaveDOFbest_pitchDOFbest_rollDOFbest.yml,1,10.0,7.7519,90,DOFbest,DOFbest,DOFbest,3.3,2.4,233,304.5,248,640,0.2520033350988322,0.4628442433058297,0.642147305346524,-0.15353066813832875,0.6781186794574635,0.001115067848076489,0.7987433905926853,2.439346772272192,2.4308433867273833,-0.0011013052704862787,-3.848434975482942e-06,-8.495053876939559e-06,0.18247718415327513,0.006556916334867505,0.008246354094929386
ymlfiles\Case_213_H1_T10_dir135_heavelow_pitchlow_rolllow.yml,1,10.0,7.7519,135,low,low,low,1.0,1.0,100,300.0,150,200,0.255267726918925,0.5748529256664765,0.4582406947353407,-0.15342147857305824,0.6820148224583195,0.0033696914342274576,0.8118287184962081,2.8653993092371706,1.7354362104263448,-0.0009157717614113581,-1.1678375500569816e-05,-1.2335113466185618e-05,0.18565694884723474,0.007858080560258955,0.005789203844902028
ymlfiles\Case_214_H1_T10_dir135_heavelinhigh_pitchlinhigh_rolllinhigh.yml,1,10.0,7.7519,135,linhigh,linhigh,linhigh,6.5,1.0,300,300.0,325,200,0.2486754440266543,0.5407342300292898,0.4158833975386051,-0.15335919176573054,0.6826470679410812,0.0033522545267954075,0.7857617085103961,2.7351773385191045,1.574965348762921,-0.0008716520820958078,-1.1342099928454564e-05,-1.0863368637528702e-05,0.17854759852657093,0.007359212530956709,0.005240494881955456
ymlfiles\Case_215_H1_T10_dir135_heavequadhigh_pitchquadhigh_rollquadhigh.yml,1,10.0,7.7519,135,quadhigh,quadhigh,quadhigh,1.0,4.0,100,1300.0,150,1300,0.25429471816184523,0.5724888470915641,0.45539488196736444,-0.15342788029865373,0.6821031220318889,0.0033103121301864932,0.8081430545863268,2.8563972555173356,1.7247153775693491,-0.0009133823476770508,-1.1610906257220444e-05,-1.2224109682043777e-05,0.18460598429666583,0.007822698988522945,0.0057541322085208945
ymlfiles\Case_216_H1_T10_dir135_heaveDOFbest_pitchDOFbest_rollDOFbest.yml,1,10.0,7.7519,135,DOFbest,DOFbest,DOFbest,3.3,2.4,233,304.5,248,640,0.2520346695634432,0.5533671337291179,0.42970363925072386,-0.15338468439862546,0.6823707863368564,0.0033221220229277372,0.7992721000577228,2.7828532963131325,1.6272517040328045,-0.0008866748488969602,-1.1549137862146353e-05,-1.141972708696168e-05,0.18214397576644106,0.007545145814534184,0.005415751339087574
ymlfiles\Case_217_H1_T10_dir180_heavelow_pitchlow_rolllow.yml,1,10.0,7.7519,180,low,low,low,1.0,1.0,100,300.0,150,200,0.26352864368005635,1.1933960608341505,0.0002739055222071208,-0.15312070199203323,0.6725638932769266,-0.002344451996410887,0.8434762776854071,5.2186435039159855,-0.0013020200607923296,-0.0013183544241822814,-1.7346790985455719e-06,1.5848004902254405e-08,0.19367274169934987,0.017039081311846182,3.861596679679943e-06
ymlfiles\Case_218_H1_T10_dir180_heavelinhigh_pitchlinhigh_rolllinhigh.yml,1,10.0,7.7519,180,linhigh,linhigh,linhigh,6.5,1.0,300,300.0,325,200,0.2560747152495064,1.1114339472916017,0.00024419104434376417,-0.15301439480138954,0.6736026891391353,-0.002343523003566544,0.8150215736735739,4.909502176562466,-0.0014139047265580827,-0.001247657015055806,-1.6717743343976111e-06,1.4929306952712122e-08,0.18566499853921206,0.015907882349967446,3.4538742266214134e-06
ymlfiles\Case_219_H1_T10_dir180_heavequadhigh_pitchquadhigh_rollquadhigh.yml,1,10.0,7.7519,180,quadhigh,quadhigh,quadhigh,1.0,4.0,100,1300.0,150,1300,0.262372430045329,1.1788479528830773,0.00027370079237024845,-0.1531092869999921,0.6728350403758749,-0.00234435700154088,0.8390606694847476,5.163489882015129,-0.0013027557643767536,-0.0013057361991732671,-1.7235796671866436e-06,1.562576182920604e-08,0.19243016069882676,0.01683871138219253,3.856869518532849e-06
ymlfiles\Case_220_H1_T10_dir180_heaveDOFbest_pitchDOFbest_rollDOFbest.yml,1,10.0,7.7519,180,DOFbest,DOFbest,DOFbest,3.3,2.4,233,304.5,248,640,0.2598504660160889,1.1397781286241888,0.0002547864797228158,-0.15304786799223344,0.6731772536668565,-0.002343933317423237,0.829585198733491,5.016477380392523,-0.0013740254714956742,-0.0012738949756632002,-1.699067612469796e-06,1.5278416927972074e-08,0.18969008392247524,0.01629921430491929,3.600479116071175e-06
ymlfiles\Case_221_H1_T11_dir0_heavelow_pitchlow_rolllow.yml,1,11.0,8.5271,0,low,low,low,1.0,1.0,100,300.0,150,200,0.24456966281610282,0.6370869934718262,0.0002863059662047285,-0.15256379822514807,0.6591498228243625,-0.0023468931291217034,0.767914773385283,3.077133749010947,-0.0012615735189159232,-0.0015527059130679404,1.5887938438698248e-06,1.1230544517813568e-08,0.16911811084084263,0.008886548283243216,3.904524326891701e-06
ymlfiles\Case_222_H1_T11_dir0_heavelinhigh_pitchlinhigh_rolllinhigh.yml,1,11.0,8.5271,0,linhigh,linhigh,linhigh,6.5,1.0,300,300.0,325,200,0.23914637873658542,0.6072861335738997,0.0002703686645483882,-0.15266103681659943,0.6586862180222534,-0.0023468740344723634,0.7467072796832344,2.9645184881769127,-0.0013232178592748334,-0.0015389644785008096,1.4228310546598985e-06,1.0215733420634268e-08,0.16335687999975831,0.008470697275721278,3.6291658336576296e-06
ymlfiles\Case_223_H1_T11_dir0_heavequadhigh_pitchquadhigh_rollquadhigh.yml,1,11.0,8.5271,0,quadhigh,quadhigh,quadhigh,1.0,4.0,100,1300.0,150,1300,0.2438731273225563,0.6345514755801068,0.0002832554576071913,-0.15258309926258376,0.6591179137529032,-0.002347286341503571,0.7652739452590288,3.0677275673618714,-0.0012739281883303948,-0.001551370096247924,1.5752098922082382e-06,1.0577470244832816e-08,0.16836708701462444,0.008850951475584005,3.850017707409487e-06
ymlfiles\Case_224_H1_T11_dir0_heaveDOFbest_pitchDOFbest_rollDOFbest.yml,1,11.0,8.5271,0,DOFbest,DOFbest,DOFbest,3.3,2.4,233,304.5,248,640,0.24193420998427934,0.6182316540207246,0.0002541244222783652,-0.15261302151455633,0.6589264457407257,-0.0023462712430017785,0.7576213249302928,3.006073830708722,-0.0013836562982137,-0.0015443236797095812,1.484778618797731e-06,9.186895149797432e-09,0.16629370408658248,0.00862389064539658,3.4853935500816525e-06
ymlfiles\Case_225_H1_T11_dir45_heavelow_pitchlow_rolllow.yml,1,11.0,8.5271,45,low,low,low,1.0,1.0,100,300.0,150,200,0.2532858145860638,0.4635530872928412,0.7464385314939321,-0.15354204206769306,0.6666392570839313,-0.004410616992310912,0.7999549717805582,2.427070336896786,2.824577809927511,-0.0010683083776540103,-1.3508480581613001e-05,2.9184506195573614e-06,0.176245363087389,0.006353611558978953,0.009993541662192311
ymlfiles\Case_226_H1_T11_dir45_heavelinhigh_pitchlinhigh_rolllinhigh.yml,1,11.0,8.5271,45,linhigh,linhigh,linhigh,6.5,1.0,300,300.0,325,200,0.24757284986768996,0.4243989471923969,0.6878108305729942,-0.15347634950029376,0.6668963089059059,-0.004312719246030105,0.7775109742408943,2.2784668895353675,2.6041258614225478,-0.001010169417543153,-1.3762761513193312e-05,1.905007132365388e-06,0.17005281850221482,0.0058009755861712815,0.009212587885143309
ymlfiles\Case_227_H1_T11_dir45_heavequadhigh_pitchquadhigh_rollquadhigh.yml,1,11.0,8.5271,45,quadhigh,quadhigh,quadhigh,1.0,4.0,100,1300.0,150,1300,0.2524899512473629,0.46050605888586044,0.7412748539406515,-0.15355412566574375,0.6666806920917551,-0.004379977890453561,0.7967781051118964,2.415629622728643,2.805038205235362,-0.0010630882463466692,-1.3518853145418328e-05,2.8576617370733367e-06,0.17537375238004876,0.006311036129787584,0.009925075004249469
ymlfiles\Case_228_H1_T11_dir45_heaveDOFbest_pitchDOFbest_rollDOFbest.yml,1,11.0,8.5271,45,DOFbest,DOFbest,DOFbest,3.3,2.4,233,304.5,248,640,0.25051380122432065,0.44012004132493354,0.706089032189879,-0.15349717167278415,0.6668302024174295,-0.004357470798116323,0.7889472209572457,2.338184204248078,2.6722728737473798,-0.0010317814521322226,-1.370200673882127e-05,2.241213074671762e-06,0.1732148746217977,0.006022057133416015,0.009456259098285054
ymlfiles\Case_229_H1_T11_dir90_heavelow_pitchlow_rolllow.yml,1,11.0,8.5271,90,low,low,low,1.0,1.0,100,300.0,150,200,0.25173952380194115,0.44267677542079514,0.6196343119031945,-0.1536903581037463,0.6794912807337559,0.0014907626095402155,0.793308669062882,2.3625156326078427,2.3431579399495703,-0.0011727881937603074,-7.4659137306471615e-06,-7.655579796868892e-06,0.17203416583331407,0.006233066702108316,0.007759068761151298
ymlfiles\Case_230_H1_T11_dir90_heavelinhigh_pitchlinhigh_rolllinhigh.yml,1,11.0,8.5271,90,linhigh,linhigh,linhigh,6.5,1.0,300,300.0,325,200,0.24630853961867158,0.4008106937518901,0.5737525407532534,-0.1536492467636933,0.6800217332019485,0.001747797229853496,0.7719833499409735,2.2037956840571784,2.170263045562847,-0.0010978896034190286,-6.87723887399366e-06,-7.334699659088932e-06,0.1661305635949441,0.005631823274469799,0.007144000744449861
ymlfiles\Case_231_H1_T11_dir90_heavequadhigh_pitchquadhigh_rollquadhigh.yml,1,11.0,8.5271,90,quadhigh,quadhigh,quadhigh,1.0,4.0,100,1300.0,150,1300,0.25099384033436717,0.439551557184177,0.6162453542478012,-0.15372311862286464,0.6795515571107844,0.0015273221110116983,0.7902999701101825,2.3506919171041867,2.330387250474375,-0.0011672782133878273,-7.405639228681744e-06,-7.632359359244575e-06,0.17121697575694092,0.006187591170280387,0.007715619541102026
ymlfiles\Case_232_H1_T11_dir90_heaveDOFbest_pitchDOFbest_rollDOFbest.yml,1,11.0,8.5271,90,DOFbest,DOFbest,DOFbest,3.3,2.4,233,304.5,248,640,0.24910294011105338,0.41764039433096756,0.5882162306588857,-0.15368525661054175,0.6798171861033458,0.0016257285088377943,0.7830720172680877,2.2677328924534024,2.2249300090807616,-0.0011235692832346877,-7.0883574524019764e-06,-7.479223850910283e-06,0.16914270544297208,0.005874582061787935,0.007334605676468219
ymlfiles\Case_233_H1_T11_dir135_heavelow_pitchlow_rolllow.yml,1,11.0,8.5271,135,low,low,low,1.0,1.0,100,300.0,150,200,0.252239798611688,0.5237358459432382,0.4028240161158375,-0.15368336752966485,0.6814187518843895,0.005889131277929141,0.7954843305226085,2.668140955939251,1.5275260372903683,-0.000907894252122555,-1.2942875907818147e-05,-1.2023312682548798e-05,0.1720882771047169,0.007065199488665285,0.004982736953875911
ymlfiles\Case_234_H1_T11_dir135_heavelinhigh_pitchlinhigh_rolllinhigh.yml,1,11.0,8.5271,135,linhigh,linhigh,linhigh,6.5,1.0,300,300.0,325,200,0.24679914254828228,0.4920042933681585,0.36742120200246786,-0.1536400383503438,0.6819213473917258,0.005983643447459363,0.7743978724922388,2.547393927225471,1.3935004680481444,-0.0008718782271666448,-1.2605310091102061e-05,-1.1059423882028312e-05,0.16600065439346648,0.006591170245810989,0.004517123302109308
ymlfiles\Case_235_H1_T11_dir135_heavequadhigh_pitchquadhigh_rollquadhigh.yml,1,11.0,8.5271,135,quadhigh,quadhigh,quadhigh,1.0,4.0,100,1300.0,150,1300,0.25149067569358,0.5217701692471677,0.4006904820367328,-0.15369269917744616,0.6814842829684097,0.005850363681473002,0.7924279787546396,2.6606465707596265,1.5195125612217755,-0.0009063781268804547,-1.2879046308217655e-05,-1.1962988360563383e-05,0.17124257124948142,0.00703505295457046,0.004956800030497168
ymlfiles\Case_236_H1_T11_dir135_heaveDOFbest_pitchDOFbest_rollDOFbest.yml,1,11.0,8.5271,135,DOFbest,DOFbest,DOFbest,3.3,2.4,233,304.5,248,640,0.24959170297560013,0.5037748730644781,0.3788706514149055,-0.15365667678358616,0.6816690782339431,0.005932066035669007,0.7849825627572605,2.5919715736440705,1.436926866575065,-0.0008844609026707502,-1.279876961944378e-05,-1.1432242645850583e-05,0.16909771954669123,0.006768627304040371,0.00466329271541126
ymlfiles\Case_237_H1_T11_dir180_heavelow_pitchlow_rolllow.yml,1,11.0,8.5271,180,low,low,low,1.0,1.0,100,300.0,150,200,0.25890226083464435,1.0551295750001346,0.00026731486941782473,-0.1529950070692515,0.6716206537934969,-0.0023429749044993863,0.8218215666967735,4.68813757623451,-0.0013257989750988784,-0.0011513140720414159,-1.825530831959422e-06,1.2940234594593892e-08,0.17863439255192007,0.014982130515624888,3.7650007601379518e-06
ymlfiles\Case_238_H1_T11_dir180_heavelinhigh_pitchlinhigh_rolllinhigh.yml,1,11.0,8.5271,180,linhigh,linhigh,linhigh,6.5,1.0,300,300.0,325,200,0.2527407965270845,0.9803760277621001,0.00023657918090527944,-0.15290036737482574,0.6723261829919388,-0.002341594935190196,0.7978096471733681,4.405195223085427,-0.0014411493400116767,-0.0010987353958212276,-1.822451891776751e-06,1.2145759891554304e-08,0.1717610817804422,0.013939648405091862,3.342746444567693e-06
ymlfiles\Case_239_H1_T11_dir180_heavequadhigh_pitchquadhigh_rollquadhigh.yml,1,11.0,8.5271,180,quadhigh,quadhigh,quadhigh,1.0,4.0,100,1300.0,150,1300,0.25801540598890826,1.0435072158254157,0.0002669937541862651,-0.15298419929240312,0.6717902899063057,-0.002342824823574592,0.8183773264938635,4.643868991771299,-0.0013268694891903359,-0.001143298418431867,-1.8211325241995824e-06,1.2795640108792884e-08,0.1776390060956218,0.01482026817967827,3.7590318211067736e-06
ymlfiles\Case_240_H1_T11_dir180_heaveDOFbest_pitchDOFbest_rollDOFbest.yml,1,11.0,8.5271,180,DOFbest,DOFbest,DOFbest,3.3,2.4,233,304.5,248,640,0.2558841759144353,1.006601790698351,0.0002469937476281169,-0.15292923075935796,0.6720228666438689,-0.0023422019774711413,0.8100653176619154,4.5049369250275895,-0.001402165069846151,-0.0011186548321523077,-1.8175014330567433e-06,1.2425259068620522e-08,0.17523685277010742,0.014305648639627942,3.487913142568524e-06
ymlfiles\Case_241_H1_T12_dir0_heavelow_pitchlow_rolllow.yml,1,12.0,9.3023,0,low,low,low,1.0,1.0,100,300.0,150,200,0.2454731802027458,0.5909695282791771,0.0002522467156858889,-0.15230244817631836,0.6562264815553189,-0.0023443873883684826,0.7676523468925575,2.895012493757505,-0.0013894341739302046,-0.0014287010358533065,1.391816870253852e-06,8.455129576723493e-09,0.15917626683844296,0.008037992203559267,3.4791374064659484e-06
ymlfiles\Case_242_H1_T12_dir0_heavelinhigh_pitchlinhigh_rolllinhigh.yml,1,12.0,9.3023,0,linhigh,linhigh,linhigh,6.5,1.0,300,300.0,325,200,0.24109958820046315,0.5618019007526858,0.0002341559873783356,-0.15244751094608291,0.655638250372573,-0.002340559791857752,0.7500148629155001,2.784043907085307,-0.0014544127364597716,-0.0014204114768640076,1.3871129344916748e-06,7.523558778174045e-09,0.15429482034742903,0.007622816908829727,3.2824612802746526e-06
ymlfiles\Case_243_H1_T12_dir0_heavequadhigh_pitchquadhigh_rollquadhigh.yml,1,12.0,9.3023,0,quadhigh,quadhigh,quadhigh,1.0,4.0,100,1300.0,150,1300,0.2449419058529454,0.5886560561535318,0.00025830040717578803,-0.15230591994011888,0.6561291183614009,-0.0023437722681695795,0.765599497731467,2.8863885227787165,-0.0013659550594083824,-0.001427902938940906,1.3928659422206296e-06,8.063615425896269e-09,0.1585661208154419,0.008004900769263568,3.633609298120937e-06
ymlfiles\Case_244_H1_T12_dir0_heaveDOFbest_pitchDOFbest_rollDOFbest.yml,1,12.0,9.3023,0,DOFbest,DOFbest,DOFbest,3.3,2.4,233,304.5,248,640,0.24336049901103088,0.572659128206417,0.00023806090262440586,-0.15235419308907158,0.6558885020746831,-0.0023445087043523936,0.7589838091736688,2.825308725350175,-0.001443802832121483,-0.0014236452300836367,1.3904785604860362e-06,7.866112196309413e-09,0.1567892686338346,0.007777523136149607,3.2767864731852928e-06
ymlfiles\Case_245_H1_T12_dir45_heavelow_pitchlow_rolllow.yml,1,12.0,9.3023,45,low,low,low,1.0,1.0,100,300.0,150,200,0.25066133066861884,0.4235004429739349,0.6783500012942641,-0.1535710381447013,0.6665896283094404,-0.009827497392723658,0.7859464978676768,2.2736242388086927,2.559263183260527,-0.0010089934399823313,-1.7267288546260276e-05,3.3221512769736656e-06,0.16363998825197631,0.0057757825826281394,0.008912758257022091
ymlfiles\Case_246_H1_T12_dir45_heavelinhigh_pitchlinhigh_rolllinhigh.yml,1,12.0,9.3023,45,linhigh,linhigh,linhigh,6.5,1.0,300,300.0,325,200,0.24601374769319495,0.3863153326546152,0.6283379131811788,-0.15353119937380608,0.6666352182360874,-0.00940247344040984,0.7676834396945,2.132491236666364,2.37066131545274,-0.0009614688170182601,-1.7393701326672617e-05,2.644103187608991e-06,0.15836904605610883,0.005246930282337551,0.008233636584819388
ymlfiles\Case_247_H1_T12_dir45_heavequadhigh_pitchquadhigh_rollquadhigh.yml,1,12.0,9.3023,45,quadhigh,quadhigh,quadhigh,1.0,4.0,100,1300.0,150,1300,0.2500489154027267,0.4208269427594337,0.6743623641967866,-0.15357655137232276,0.6666204413837725,-0.009784554397529685,0.7835861232712584,2.263510062787594,2.5443406991404016,-0.0010049447019842863,-1.7266709143623814e-05,3.2855684666544305e-06,0.16293452693483235,0.005737976150179926,0.008858910222842208
ymlfiles\Case_248_H1_T12_dir45_heaveDOFbest_pitchDOFbest_rollDOFbest.yml,1,12.0,9.3023,45,DOFbest,DOFbest,DOFbest,3.3,2.4,233,304.5,248,640,0.2484134310725293,0.40131055738363214,0.6437508743275897,-0.15353576963762067,0.6667645454047987,-0.009682136110800271,0.7770823430731972,2.1894381683112543,2.428241803939257,-0.0009790116665847795,-1.7366076273741408e-05,2.8789919068248974e-06,0.1610622203144032,0.00545955801729526,0.008443358182310401
ymlfiles\Case_249_H1_T12_dir90_heavelow_pitchlow_rolllow.yml,1,12.0,9.3023,90,low,low,low,1.0,1.0,100,300.0,150,200,0.24983261103098628,0.39939562409528095,0.5862732292837226,-0.15368027118594038,0.6817602944735955,0.0023567492546070663,0.7821958368969342,2.198029121992964,2.2136531063192804,-0.0011863652198911567,-1.2527538997459636e-05,-8.661523489865504e-06,0.16015681192305029,0.005559587027308786,0.007132267374478696
ymlfiles\Case_250_H1_T12_dir90_heavelinhigh_pitchlinhigh_rolllinhigh.yml,1,12.0,9.3023,90,linhigh,linhigh,linhigh,6.5,1.0,300,300.0,325,200,0.24538089769340587,0.3620478854127233,0.5474706057400668,-0.15365983418395365,0.6819787761562359,0.0026571505768889594,0.7643514080830026,2.0558939139000483,2.0671270487040334,-0.0011199480660260305,-1.211089359963996e-05,-8.295685680654517e-06,0.15508807589677873,0.005017388971127542,0.006597453180292079
ymlfiles\Case_251_H1_T12_dir90_heavequadhigh_pitchquadhigh_rollquadhigh.yml,1,12.0,9.3023,90,quadhigh,quadhigh,quadhigh,1.0,4.0,100,1300.0,150,1300,0.249252367465738,0.39683244513085303,0.5836502747301294,-0.15369986018625598,0.6817590607370357,0.002361533898616891,0.7800026481918254,2.188297014584668,2.2037646712844845,-0.0011816205128688919,-1.2481923491399454e-05,-8.635819665985577e-06,0.15948556248489765,0.005521713412755291,0.007097882347932577
ymlfiles\Case_252_H1_T12_dir90_heaveDOFbest_pitchDOFbest_rollDOFbest.yml,1,12.0,9.3023,90,DOFbest,DOFbest,DOFbest,3.3,2.4,233,304.5,248,640,0.24767983191864842,0.37712406569776724,0.5595189827408881,-0.15367445926342485,0.6819178045553099,0.0025048175737311025,0.773719216178159,2.113118878569914,2.112771716332316,-0.0011426096764807795,-1.2263345865849882e-05,-8.438784213739158e-06,0.15767700870117227,0.005237378309599287,0.0067607590853679955
ymlfiles\Case_253_H1_T12_dir135_heavelow_pitchlow_rolllow.yml,1,12.0,9.3023,135,low,low,low,1.0,1.0,100,300.0,150,200,0.25063683991901103,0.473392121588554,0.3700608681030593,-0.1538461496337167,0.681534369709236,0.007135333137197014,0.7852836313999317,2.4757189094161953,1.40292522879431,-0.0008446225450061019,-1.4342401866039932e-05,-1.2659812149725611e-05,0.15999968610310927,0.006332524973925689,0.004479887508143677
ymlfiles\Case_254_H1_T12_dir135_heavelinhigh_pitchlinhigh_rolllinhigh.yml,1,12.0,9.3023,135,linhigh,linhigh,linhigh,6.5,1.0,300,300.0,325,200,0.2462004177718417,0.4446374542577927,0.34026900879333283,-0.15383738200137415,0.6821043670276336,0.007265896378108838,0.7674811876093712,2.366050828705607,1.290172739961427,-0.0008124834926952945,-1.4329765122645101e-05,-1.1746123778449962e-05,0.1547885811483325,0.0058983882284881,0.004079500190121752
ymlfiles\Case_255_H1_T12_dir135_heavequadhigh_pitchquadhigh_rollquadhigh.yml,1,12.0,9.3023,135,quadhigh,quadhigh,quadhigh,1.0,4.0,100,1300.0,150,1300,0.2500556411435851,0.4717799744179064,0.36844286375530927,-0.15385306050052644,0.68160490489028,0.007128365411509503,0.7830380266913324,2.46967931010746,1.3968154971333395,-0.0008431782965564546,-1.430741054210643e-05,-1.2609407146903337e-05,0.15930696006076975,0.006307503243484495,0.00446011954558407
ymlfiles\Case_256_H1_T12_dir135_heaveDOFbest_pitchDOFbest_rollDOFbest.yml,1,12.0,9.3023,135,DOFbest,DOFbest,DOFbest,3.3,2.4,233,304.5,248,640,0.24848473485952077,0.4553914586527745,0.3497264921489482,-0.15383370767289378,0.6818483198056053,0.007187321355930704,0.7765150377860985,2.4072596931996593,1.3257514531625305,-0.0008237055324647967,-1.4391200405826992e-05,-1.2088869411035803e-05,0.15744140601473053,0.006062248254060996,0.004202644677844497
ymlfiles\Case_257_H1_T12_dir180_heavelow_pitchlow_rolllow.yml,1,12.0,9.3023,180,low,low,low,1.0,1.0,100,300.0,150,200,0.25694269613785825,0.9388329677667837,0.0002587012393384815,-0.1528161314045939,0.669604803749808,-0.0023399601536420673,0.8107314297921221,4.244212677776217,-0.0013560289852156426,-0.0009550578738142316,-1.7678671651507802e-07,9.38559168582421e-09,0.1658809549530392,0.013260438632965896,3.628184778143164e-06
ymlfiles\Case_258_H1_T12_dir180_heavelinhigh_pitchlinhigh_rolllinhigh.yml,1,12.0,9.3023,180,linhigh,linhigh,linhigh,6.5,1.0,300,300.0,325,200,0.2519379508098922,0.8718940078007955,0.00022840451138791973,-0.15275756955446965,0.6704337266075234,-0.0023386782656545702,0.7908225421856057,3.9886995059148336,-0.0014697150891547623,-0.000915880178852604,-2.741988691340217e-07,8.94328931695518e-09,0.15998192244239626,0.012320611251906954,3.2114493940176828e-06
ymlfiles\Case_259_H1_T12_dir180_heavequadhigh_pitchquadhigh_rollquadhigh.yml,1,12.0,9.3023,180,quadhigh,quadhigh,quadhigh,1.0,4.0,100,1300.0,150,1300,0.2562550267731851,0.9295192120285651,0.0002584443219260795,-0.15280702586378955,0.669764371762007,-0.002339924988528145,0.8080407894870858,4.208388241050899,-0.0013567245133687446,-0.0009496065622872555,-1.9730019781172552e-07,9.295523402920822e-09,0.1650631671652247,0.013129684314289864,3.6229546462465165e-06
ymlfiles\Case_260_H1_T12_dir180_heaveDOFbest_pitchDOFbest_rollDOFbest.yml,1,12.0,9.3023,180,DOFbest,DOFbest,DOFbest,3.3,2.4,233,304.5,248,640,0.25449487908528284,0.8957140380108267,0.00023859737055321778,-0.15277218798303047,0.6700820827145151,-0.0023393291456640744,0.800932436256739,4.079339374608933,-0.0014315421826565644,-0.0009308217982225033,-2.438810655038497e-07,9.096403515581719e-09,0.16296405554002863,0.012655440326503665,3.353678499879243e-06
ymlfiles\Case_261_H2_T3p5_dir0_heavelow_pitchlow_rolllow.yml,2,3.5,2.7132,0,low,low,low,1.0,1.0,100,300.0,150,200,0.029537932033473855,1.3575314647781953,0.00041119321858736947,-0.1634457734096991,0.6793123781516677,-0.0023025844638369475,-0.045387074730567814,6.12090579070199,-0.0007407739378965,0.0007369195064728823,2.633196531142256e-06,3.857844857416883e-09,0.05293550307151391,0.042586749032051806,7.256296637227651e-06
ymlfiles\Case_262_H2_T3p5_dir0_heavelinhigh_pitchlinhigh_rolllinhigh.yml,2,3.5,2.7132,0,linhigh,linhigh,linhigh,6.5,1.0,300,300.0,325,200,0.02879821107097175,1.350563639851102,0.00040887365515260537,-0.16339059454259552,0.6784552470386012,-0.002327105850439963,-0.04821310899797682,6.091899852421641,-0.0007741095740599162,0.0006573506312354235,2.6478778530668297e-06,6.260140989179904e-09,0.052262604737837115,0.042405524507828175,6.155720414932196e-06
ymlfiles\Case_263_H2_T3p5_dir0_heavequadhigh_pitchquadhigh_rollquadhigh.yml,2,3.5,2.7132,0,quadhigh,quadhigh,quadhigh,1.0,4.0,100,1300.0,150,1300,0.029535549936073546,1.3547530098201819,0.0004371797943714661,-0.1634209110354816,0.6789707632386238,-0.0023276822294622263,-0.04536169671662893,6.109317241260966,-0.0006661589173645661,0.0007039593043563213,2.6338484644457847e-06,6.086455853445833e-09,0.05296705056512514,0.04251230736373749,6.4536143089430926e-06
ymlfiles\Case_264_H2_T3p5_dir0_heaveDOFbest_pitchDOFbest_rollDOFbest.yml,2,3.5,2.7132,0,DOFbest,DOFbest,DOFbest,3.3,2.4,233,304.5,248,640,0.02923062602202593,1.352558889191874,0.00038231146055049166,-0.16341063145504162,0.6787363718467797,-0.0023146080039635614,-0.046535603340283935,6.1001785061588425,-0.0008610243297071816,0.0006792814066968891,2.6423180426129945e-06,5.687650747264673e-09,0.052683485480585775,0.042457075368961913,5.818266281268563e-06
ymlfiles\Case_265_H2_T3p5_dir45_heavelow_pitchlow_rolllow.yml,2,3.5,2.7132,45,low,low,low,1.0,1.0,100,300.0,150,200,0.023959745341046265,0.6331461830666515,0.7046782836030995,-0.16268772480363694,0.6605855039275497,0.01789735766787764,-0.06741403532553822,3.1953517079809077,2.8368883458480947,0.0006071008862993224,0.00019677219184588613,0.00017049384414523586,0.038641864066752796,0.01935372567937861,0.02126894978775394
ymlfiles\Case_266_H2_T3p5_dir45_heavelinhigh_pitchlinhigh_rolllinhigh.yml,2,3.5,2.7132,45,linhigh,linhigh,linhigh,6.5,1.0,300,300.0,325,200,0.02323246621029349,0.6287943331554797,0.7005502553792423,-0.1626530434802522,0.6604612520706167,0.018001918252784667,-0.0702135582160888,3.1783758545117666,2.8207722389759073,0.000560395671764671,0.00019623095025556777,0.00017048180023675587,0.03790458389409149,0.01926880168542464,0.021181368271887997
ymlfiles\Case_267_H2_T3p5_dir45_heavequadhigh_pitchquadhigh_rollquadhigh.yml,2,3.5,2.7132,45,quadhigh,quadhigh,quadhigh,1.0,4.0,100,1300.0,150,1300,0.023943504526774694,0.632239648132086,0.7039175770278376,-0.1626870789778846,0.6606479099870075,0.017923987549104282,-0.06748463433321816,3.192045998183322,2.8340486014076975,0.0005987048200963678,0.00019667642534076663,0.0001704993977236011,0.03863386324389804,0.019337020146636248,0.021253258761976437
ymlfiles\Case_268_H2_T3p5_dir45_heaveDOFbest_pitchDOFbest_rollDOFbest.yml,2,3.5,2.7132,45,DOFbest,DOFbest,DOFbest,3.3,2.4,233,304.5,248,640,0.023647609820980797,0.6303162222875985,0.7018928022853916,-0.16267272608110445,0.660551563361122,0.018005557687128564,-0.06860741810641108,3.184560347424152,2.8261471570499213,0.0005764731052582571,0.00019642074425322577,0.000170493238611453,0.038340255375713776,0.019299555556220115,0.021210527087998695
ymlfiles\Case_269_H2_T3p5_dir90_heavelow_pitchlow_rolllow.yml,2,3.5,2.7132,90,low,low,low,1.0,1.0,100,300.0,150,200,0.017215684859384163,0.25665273396055127,0.44647618124919997,-0.1629054730578053,0.6678190705337221,0.01499879800643305,-0.09454790461093869,1.6799862485283432,1.816302007851917,4.571933449245896e-05,-1.1516183987447496e-06,-6.122595849458617e-05,0.026935446655269552,0.006255152577516295,0.015661777303140098
ymlfiles\Case_270_H2_T3p5_dir90_heavelinhigh_pitchlinhigh_rolllinhigh.yml,2,3.5,2.7132,90,linhigh,linhigh,linhigh,6.5,1.0,300,300.0,325,200,0.01649410498662935,0.2501618504233885,0.443507569114783,-0.16289839691920835,0.6678146071072971,0.01504673893730192,-0.09733452467516139,1.6558044861091346,1.8045335657826747,3.296970895154107e-05,-2.838107519094185e-06,-6.021690113762682e-05,0.026249492645995482,0.006183990704116177,0.015610719808394654
ymlfiles\Case_271_H2_T3p5_dir90_heavequadhigh_pitchquadhigh_rollquadhigh.yml,2,3.5,2.7132,90,quadhigh,quadhigh,quadhigh,1.0,4.0,100,1300.0,150,1300,0.017196240195650955,0.2561773181002133,0.4460891699324985,-0.1629042286923284,0.6678155239315378,0.014961101680544462,-0.0946206010825708,1.6782167781709336,1.814670611879628,4.413048845936189e-05,-1.3622834835650413e-06,-6.115892137114973e-05,0.026917111118556027,0.006250204585513579,0.01565531699542351
ymlfiles\Case_272_H2_T3p5_dir90_heaveDOFbest_pitchDOFbest_rollDOFbest.yml,2,3.5,2.7132,90,DOFbest,DOFbest,DOFbest,3.3,2.4,233,304.5,248,640,0.016888185851070665,0.2526881102298658,0.4444602848760684,-0.16290197103961204,0.6678091880574635,0.015020734835376186,-0.09581440930879187,1.6653810141959173,1.808287339648544,3.7165059194106215e-05,-2.2800708063588283e-06,-6.06391211396916e-05,0.02662740470127111,0.006212408519721582,0.015627698661545193
ymlfiles\Case_273_H2_T3p5_dir135_heavelow_pitchlow_rolllow.yml,2,3.5,2.7132,135,low,low,low,1.0,1.0,100,300.0,150,200,0.027214709597661597,0.52059362900304,0.2547176304891392,-0.15968712810605967,0.6984329538421887,0.021229617885548526,-0.05120841328709101,2.785957640946695,1.0463018261512889,0.00026835356436016535,1.2435246941124896e-06,7.25825749126841e-05,0.04496404920458649,0.016357622482408112,0.008592609759780578
ymlfiles\Case_274_H2_T3p5_dir135_heavelinhigh_pitchlinhigh_rolllinhigh.yml,2,3.5,2.7132,135,linhigh,linhigh,linhigh,6.5,1.0,300,300.0,325,200,0.026533046833947617,0.5181195309773672,0.2522546124292705,-0.1596848601956705,0.6985980383404244,0.0216172436775761,-0.053871399413408724,2.7763708599430545,1.0374224418286582,0.0002511614743247974,8.367371082612488e-07,7.313264830311921e-05,0.04403285323414985,0.01630283556683174,0.008562204490150053
ymlfiles\Case_275_H2_T3p5_dir135_heavequadhigh_pitchquadhigh_rollquadhigh.yml,2,3.5,2.7132,135,quadhigh,quadhigh,quadhigh,1.0,4.0,100,1300.0,150,1300,0.027184669617867446,0.5201798969269047,0.25453400386807823,-0.15968941685023197,0.6984134051858913,0.021247144123113362,-0.051328022671237455,2.784237217316574,1.045618858409794,0.0002658188915301132,1.2131669839662135e-06,7.267116065544675e-05,0.04492197678543684,0.016348204634062093,0.008590496801159548
ymlfiles\Case_276_H2_T3p5_dir135_heaveDOFbest_pitchDOFbest_rollDOFbest.yml,2,3.5,2.7132,135,DOFbest,DOFbest,DOFbest,3.3,2.4,233,304.5,248,640,0.026909341971014508,0.5190152299922908,0.2530178541887976,-0.1596879572222896,0.6985078608154939,0.021452721057282617,-0.05240479838638901,2.7799143201588654,1.0400468589634577,0.00025739587138664556,9.692464523489394e-07,7.292171817861719e-05,0.044550046495974056,0.016322698558694056,0.008571820137512738
ymlfiles\Case_277_H2_T3p5_dir180_heavelow_pitchlow_rolllow.yml,2,3.5,2.7132,180,low,low,low,1.0,1.0,100,300.0,150,200,0.038619898995200436,1.3713087298499766,0.00036293142482189054,-0.1644550453072653,0.6998468288576157,-0.0023557527520724694,-0.010456620261371535,6.195556847893314,-0.0009795430495533562,0.000972287263269286,-2.3911235054074723e-06,5.133293020471188e-09,0.06257207240548175,0.042842489167798876,4.906761809153789e-06
ymlfiles\Case_278_H2_T3p5_dir180_heavelinhigh_pitchlinhigh_rolllinhigh.yml,2,3.5,2.7132,180,linhigh,linhigh,linhigh,6.5,1.0,300,300.0,325,200,0.0375665963335336,1.364785974530507,0.0003452606435429922,-0.16443126663995658,0.7000321770328071,-0.0023562966386931217,-0.014556798614814376,6.170370086816385,-0.0010490426118703222,0.0008901075027114129,-2.318656030036136e-06,5.977189325220257e-09,0.06124091745450087,0.042675007398189996,4.67340165446901e-06
ymlfiles\Case_279_H2_T3p5_dir180_heavequadhigh_pitchquadhigh_rollquadhigh.yml,2,3.5,2.7132,180,quadhigh,quadhigh,quadhigh,1.0,4.0,100,1300.0,150,1300,0.03857210954215697,1.3683928141226014,0.0003649002827071723,-0.16444703979521014,0.6995742214617025,-0.0023563768054283636,-0.010632353200051042,6.183820522440541,-0.0009737964369305333,0.0009374711630157732,-2.3737416343683288e-06,5.151695951943883e-09,0.06253543016311477,0.042766235483652305,4.942762709719165e-06
ymlfiles\Case_280_H2_T3p5_dir180_heaveDOFbest_pitchDOFbest_rollDOFbest.yml,2,3.5,2.7132,180,DOFbest,DOFbest,DOFbest,3.3,2.4,233,304.5,248,640,0.038151552063886277,1.3664387226840125,0.00034797526806100583,-0.16443966683297848,0.699800287601739,-0.0023560881368618566,-0.012265012481591675,6.176430410211419,-0.0010384140665759597,0.0009123028116416353,-2.3437979453317557e-06,5.990943488148252e-09,0.06200272761326629,0.04271726150077669,4.71124752623993e-06
ymlfiles\Case_281_H2_T4_dir0_heavelow_pitchlow_rolllow.yml,2,4.0,3.1008,0,low,low,low,1.0,1.0,100,300.0,150,200,0.049919353257454696,1.4754908317502746,0.0002433460271595277,-0.16385075460874307,0.6823071374405935,-0.0023198921622327616,0.03298439226352726,6.565674575724603,-0.001392876147563994,2.958154455839042e-05,1.8701352940495188e-06,7.085170395047643e-09,0.07127389872224466,0.04256916117025455,3.5442144103303097e-06
ymlfiles\Case_282_H2_T4_dir0_heavelinhigh_pitchlinhigh_rolllinhigh.yml,2,4.0,3.1008,0,linhigh,linhigh,linhigh,6.5,1.0,300,300.0,325,200,0.0473085229881258,1.467190809339001,0.00021776369269114053,-0.1638183647872809,0.681572936067966,-0.0023190965742696536,0.022887462912004275,6.5322341824263175,-0.001489457783122163,-4.829656843791982e-05,1.8748178822976377e-06,7.235792429514948e-09,0.06872659160289095,0.04236318013445492,3.191220877924858e-06
ymlfiles\Case_283_H2_T4_dir0_heavequadhigh_pitchquadhigh_rollquadhigh.yml,2,4.0,3.1008,0,quadhigh,quadhigh,quadhigh,1.0,4.0,100,1300.0,150,1300,0.049813369435656306,1.472200234822276,0.00023295000842645625,-0.16381291469261022,0.681969598298904,-0.0023194126576680752,0.032614956058366645,6.552476583105431,-0.0014321740793272115,-2.8248213376796705e-06,1.8754886964815316e-06,7.451303430755799e-09,0.07116022865755937,0.04248358439650628,3.3748959278095477e-06
ymlfiles\Case_284_H2_T4_dir0_heaveDOFbest_pitchDOFbest_rollDOFbest.yml,2,4.0,3.1008,0,DOFbest,DOFbest,DOFbest,3.3,2.4,233,304.5,248,640,0.04874366339991896,1.4695788936525604,0.00022385682844796624,-0.16381583233132635,0.6817760114560673,-0.002319368173373799,0.02847673147278021,6.541960131224914,-0.0014663467955347352,-2.6801576170672262e-05,1.8746575419736263e-06,7.143562201836136e-09,0.07012874730366808,0.042421086652988146,3.262218572925918e-06
ymlfiles\Case_285_H2_T4_dir45_heavelow_pitchlow_rolllow.yml,2,4.0,3.1008,45,low,low,low,1.0,1.0,100,300.0,150,200,0.051047026831825514,0.7090726674226271,0.8425189137113587,-0.16321912422858514,0.6744584636057849,0.025054615937503757,0.037049758041817454,3.49941427085407,3.377145042561548,0.0007505640788516083,0.00025469551408681976,0.0001974626042974357,0.06649363627739689,0.020126013033105454,0.02328886723528746
ymlfiles\Case_286_H2_T4_dir45_heavelinhigh_pitchlinhigh_rolllinhigh.yml,2,4.0,3.1008,45,linhigh,linhigh,linhigh,6.5,1.0,300,300.0,325,200,0.04750688865508353,0.7047315781034581,0.8374586078751769,-0.16318657339433223,0.6743784375789958,0.025187385264299415,0.02333068219293402,3.4823553081903285,3.357528760959283,0.0006950980385984179,0.0002541413681273484,0.00019810504783972222,0.06282233658738227,0.0200355378187908,0.02318038990474183
ymlfiles\Case_287_H2_T4_dir45_heavequadhigh_pitchquadhigh_rollquadhigh.yml,2,4.0,3.1008,45,quadhigh,quadhigh,quadhigh,1.0,4.0,100,1300.0,150,1300,0.05085296295303685,0.7081268499686308,0.84148439506091,-0.16320649461729825,0.6745637793024294,0.0251385082426806,0.03631282041349504,3.4957514360747197,3.3731129441062837,0.0007398132040803064,0.00025457365018195435,0.0001975833018225331,0.06629147979827921,0.020106633703035143,0.023266767625033966
ymlfiles\Case_288_H2_T4_dir45_heaveDOFbest_pitchDOFbest_rollDOFbest.yml,2,4.0,3.1008,45,DOFbest,DOFbest,DOFbest,3.3,2.4,233,304.5,248,640,0.04941265729061011,0.7062202427691223,0.8390971881809418,-0.16319401127445377,0.6744729077206745,0.025147179588652775,0.03072597218856346,3.488318016886137,3.3640086494100236,0.000714204889593839,0.0002543306185376515,0.00019787221313572078,0.06480461557506699,0.020067150988780754,0.023215617331103524
ymlfiles\Case_289_H2_T4_dir90_heavelow_pitchlow_rolllow.yml,2,4.0,3.1008,90,low,low,low,1.0,1.0,100,300.0,150,200,0.04324297488990743,0.3669359365534091,0.48797161377733816,-0.16228749847162685,0.6644797896926321,0.00918271172468976,0.0063848993491043005,2.112758670569352,1.9665642726125467,5.3596626188675456e-05,-2.5071107085701405e-05,-0.00011256091074025695,0.05204095037680861,0.008981005465622272,0.015586856742742208
ymlfiles\Case_290_H2_T4_dir90_heavelinhigh_pitchlinhigh_rolllinhigh.yml,2,4.0,3.1008,90,linhigh,linhigh,linhigh,6.5,1.0,300,300.0,325,200,0.03919731736260636,0.36114543866266885,0.48510480185432875,-0.16228542488054337,0.6644151615280778,0.009184228674962807,-0.00922982813705156,2.090856997743728,1.9554149128081961,3.8092025303660304e-05,-2.8106013855185772e-05,-0.00011044056425389779,0.047925687700269115,0.0088991286107021,0.015528918423258103
ymlfiles\Case_291_H2_T4_dir90_heavequadhigh_pitchquadhigh_rollquadhigh.yml,2,4.0,3.1008,90,quadhigh,quadhigh,quadhigh,1.0,4.0,100,1300.0,150,1300,0.043055323006639445,0.36636479638226077,0.48762414726025877,-0.162286208040891,0.6644784450190693,0.009152994586710933,0.0056652063958844145,2.1106567971185997,1.965179770158403,5.179438643870548e-05,-2.544824386084264e-05,-0.00011236374428498185,0.05184852030573796,0.008973205273937575,0.015579673388765331
ymlfiles\Case_292_H2_T4_dir90_heaveDOFbest_pitchDOFbest_rollDOFbest.yml,2,4.0,3.1008,90,DOFbest,DOFbest,DOFbest,3.3,2.4,233,304.5,248,640,0.04136257660417292,0.36337977142934075,0.4860346207826254,-0.16228592441626838,0.6644392281880984,0.00917944468842608,-0.0008796802331763887,2.0993282929744126,1.959101782765577,4.350385421675207e-05,-2.7096064209602322e-05,-0.0001113005679469045,0.05012837736964826,0.008931826341002156,0.015548198168886978
ymlfiles\Case_293_H2_T4_dir135_heavelow_pitchlow_rolllow.yml,2,4.0,3.1008,135,low,low,low,1.0,1.0,100,300.0,150,200,0.050238762161627905,0.5737085244340371,0.2868446500089839,-0.15953412533924932,0.6993970641046012,0.017091782677842938,0.038040592344382534,2.9889715926726392,1.1645646512278574,0.0002869206969226009,-5.322778455339645e-06,9.107488692391164e-05,0.06708805422870599,0.01662382604647659,0.008789099091619006
ymlfiles\Case_294_H2_T4_dir135_heavelinhigh_pitchlinhigh_rolllinhigh.yml,2,4.0,3.1008,135,linhigh,linhigh,linhigh,6.5,1.0,300,300.0,325,200,0.04683962018432161,0.5710362818315704,0.2847429167380303,-0.15953700877294186,0.6995338175719215,0.017562938787515647,0.024840554293563466,2.978642942884784,1.1569152340820228,0.0002656513385796494,-6.0896987941749055e-06,9.177340983585921e-05,0.06350998335779272,0.01656324700453309,0.00875654600841494
ymlfiles\Case_295_H2_T4_dir135_heavequadhigh_pitchquadhigh_rollquadhigh.yml,2,4.0,3.1008,135,quadhigh,quadhigh,quadhigh,1.0,4.0,100,1300.0,150,1300,0.050035687266229374,0.5732092683360471,0.28670778660640805,-0.15953337817616525,0.6993757526744877,0.0171185357114816,0.037242703884281525,2.9870078181836908,1.1640919415705828,0.00028382030276320156,-5.375406093654116e-06,9.118088705905354e-05,0.06687005862713175,0.016612546839387825,0.008787084360180834
ymlfiles\Case_296_H2_T4_dir135_heaveDOFbest_pitchDOFbest_rollDOFbest.yml,2,4.0,3.1008,135,DOFbest,DOFbest,DOFbest,3.3,2.4,233,304.5,248,640,0.048644080838538106,0.5719856099326209,0.28540570940664867,-0.1595339438728631,0.6994495529457878,0.017357993757062092,0.03185036818617598,2.9823476184833946,1.1592193000909892,0.000273590001253565,-5.833575943932625e-06,9.150989669265007e-05,0.06541761052665522,0.01658474001331958,0.008766769106521612
ymlfiles\Case_297_H2_T4_dir180_heavelow_pitchlow_rolllow.yml,2,4.0,3.1008,180,low,low,low,1.0,1.0,100,300.0,150,200,0.06608104393322699,1.5338129346410703,0.00022607094197178322,-0.1643232224872322,0.7002164762718595,-0.0023576164308754,0.09600937034022994,6.812184857582268,-0.001499059073073163,0.0010089508373607471,-8.853073324390679e-07,4.3087334430304915e-09,0.09003925469267103,0.04369192347283156,3.1453465921810074e-06
ymlfiles\Case_298_H2_T4_dir180_heavelinhigh_pitchlinhigh_rolllinhigh.yml,2,4.0,3.1008,180,linhigh,linhigh,linhigh,6.5,1.0,300,300.0,325,200,0.06239420788988506,1.5254382273420153,0.00022231367092539074,-0.1643303669278687,0.7004542942215368,-0.0023584541709334894,0.08160540935359731,6.779187472598291,-0.0015137385433108838,0.0009150389561270959,-8.21038864281181e-07,4.7939800479339585e-09,0.08589076169600772,0.04349462097151679,3.1624072699211835e-06
ymlfiles\Case_299_H2_T4_dir180_heavequadhigh_pitchquadhigh_rollquadhigh.yml,2,4.0,3.1008,180,quadhigh,quadhigh,quadhigh,1.0,4.0,100,1300.0,150,1300,0.06579324710429893,1.5301172427854721,0.00022646440674298817,-0.16431053429666873,0.7000145622972818,-0.00235831531971908,0.0948953785699089,6.797256276972969,-0.0014978250079814984,0.0009683418740597865,-8.630861403086978e-07,4.519706837356171e-09,0.08969783828045426,0.04359948883271512,3.171313216417475e-06
ymlfiles\Case_300_H2_T4_dir180_heaveDOFbest_pitchDOFbest_rollDOFbest.yml,2,4.0,3.1008,180,DOFbest,DOFbest,DOFbest,3.3,2.4,233,304.5,248,640,0.06434554378362461,1.5275913542946782,0.00021553526981823572,-0.1643207276710888,0.7002032310544792,-0.002358760756979156,0.08924421875256539,6.787653063990696,-0.001539466966750143,0.0009402808588045312,-8.395646465594797e-07,4.776321822929757e-09,0.08808667097782275,0.043543122466166706,3.0183974443145646e-06
ymlfiles\Case_301_H2_T4p5_dir0_heavelow_pitchlow_rolllow.yml,2,4.5,3.4884,0,low,low,low,1.0,1.0,100,300.0,150,200,0.09176738285510713,1.4206337618790863,0.00015831447862348034,-0.16272282344427258,0.6690954938789633,-0.0023328698369687695,0.19475813217608667,6.3105807360506185,-0.0017273636736793462,-0.0008821045091425718,4.745584787003428e-06,1.083223008088964e-08,0.10683157644646095,0.038390145900537055,2.4476270346922026e-06
ymlfiles\Case_302_H2_T4p5_dir0_heavelinhigh_pitchlinhigh_rolllinhigh.yml,2,4.5,3.4884,0,linhigh,linhigh,linhigh,6.5,1.0,300,300.0,325,200,0.08447650777283301,1.410416786410121,0.00014792224688843286,-0.1627174702475785,0.6688121287896344,-0.0023319366850792227,0.16652125944133606,6.269590942473739,-0.0017666807063211926,-0.0009329291874471348,4.753664753100101e-06,1.1048707333619288e-08,0.09962113695852622,0.038159161924542884,2.270334419816804e-06
ymlfiles\Case_303_H2_T4p5_dir0_heavequadhigh_pitchquadhigh_rollquadhigh.yml,2,4.5,3.4884,0,quadhigh,quadhigh,quadhigh,1.0,4.0,100,1300.0,150,1300,0.09111306281225381,1.4170231644935556,0.00016176022441044804,-0.1627138700260735,0.6688702306486499,-0.002333630745345545,0.1922300313763999,6.29588303612965,-0.0017149738269594667,-0.0009005506151815975,4.70980820127416e-06,1.0896616423430286e-08,0.10617896988205176,0.03830524389752691,2.5337759864910323e-06
ymlfiles\Case_304_H2_T4p5_dir0_heaveDOFbest_pitchDOFbest_rollDOFbest.yml,2,4.5,3.4884,0,DOFbest,DOFbest,DOFbest,3.3,2.4,233,304.5,248,640,0.08829311289182788,1.4135406865616535,0.0001514944866183658,-0.16271642504389125,0.6688250676759171,-0.0023323947520738756,0.18131119285685962,6.282142965948903,-0.0017529994613874117,-0.0009178207735143227,4.734049786255869e-06,1.0955830827453995e-08,0.10339524345817974,0.03822835481535676,2.3439617864896316e-06
ymlfiles\Case_305_H2_T4p5_dir45_heavelow_pitchlow_rolllow.yml,2,4.5,3.4884,45,low,low,low,1.0,1.0,100,300.0,150,200,0.10397957498275945,0.6662345414463545,0.9104693237406244,-0.16246828432850177,0.6765606625793779,0.02623868611708128,0.24209135115697408,3.321681285248297,3.6301011232096236,0.0010307000499860672,0.0002599495456667858,0.00017713497305670695,0.11817888778489985,0.017884368893147616,0.023126204642759877
ymlfiles\Case_306_H2_T4p5_dir45_heavelinhigh_pitchlinhigh_rolllinhigh.yml,2,4.5,3.4884,45,linhigh,linhigh,linhigh,6.5,1.0,300,300.0,325,200,0.09480457462090344,0.6613903373044833,0.9027517149535004,-0.16255681447970335,0.6767180242520389,0.026401694197200645,0.2064060095702175,3.30298307389214,3.6001672541744068,0.0009746593092009894,0.00025851355456323174,0.00017761027012542366,0.10869112499311327,0.017785484353007502,0.022977080737869304
ymlfiles\Case_307_H2_T4p5_dir45_heavequadhigh_pitchquadhigh_rollquadhigh.yml,2,4.5,3.4884,45,quadhigh,quadhigh,quadhigh,1.0,4.0,100,1300.0,150,1300,0.10305017382363879,0.6653162856169922,0.909043349143808,-0.16247101442182382,0.6766201724259702,0.026368000266569592,0.23847254363483034,3.318284894292046,3.624404021544822,0.0010205038604492957,0.00025966278433050904,0.00017719920075390686,0.11721386731541741,0.01786567274433471,0.023097548760050046
ymlfiles\Case_308_H2_T4p5_dir45_heaveDOFbest_pitchDOFbest_rollDOFbest.yml,2,4.5,3.4884,45,DOFbest,DOFbest,DOFbest,3.3,2.4,233,304.5,248,640,0.09957526886243853,0.6631234086697334,0.9053575050770007,-0.16250527517552918,0.6766634419830412,0.02632460508686335,0.22497155311674236,3.3098102141073844,3.610224892117984,0.000994303963066322,0.0002589954375362253,0.00017741694054354312,0.11362680298656835,0.017821019701788548,0.02302651475879448
ymlfiles\Case_309_H2_T4p5_dir90_heavelow_pitchlow_rolllow.yml,2,4.5,3.4884,90,low,low,low,1.0,1.0,100,300.0,150,200,0.09700240738966373,0.481273959968999,0.4378278771568572,-0.16126248339569305,0.6648045113077639,0.009137591573835358,0.21497552630721406,2.557130950622602,1.7592966887994685,9.194633171668562e-05,-3.975505983819984e-05,-0.0001425723464731243,0.10440487574020141,0.011207732393060041,0.013278183157440867
ymlfiles\Case_310_H2_T4p5_dir90_heavelinhigh_pitchlinhigh_rolllinhigh.yml,2,4.5,3.4884,90,linhigh,linhigh,linhigh,6.5,1.0,300,300.0,325,200,0.08731216225607191,0.4750336679357308,0.43423433965694647,-0.16130530348407734,0.6647987444224026,0.008860183158997547,0.17739678699252104,2.532854243720582,1.7448754426368691,8.141868953241557e-05,-4.2028430462564694e-05,-0.00013947228825342487,0.0944771828969151,0.011098366876871447,0.01321317723227819
ymlfiles\Case_311_H2_T4p5_dir90_heavequadhigh_pitchquadhigh_rollquadhigh.yml,2,4.5,3.4884,90,quadhigh,quadhigh,quadhigh,1.0,4.0,100,1300.0,150,1300,0.09612672109620492,0.4805368786400242,0.43745388871459634,-0.16126710430373303,0.6647795291894275,0.009092323788792218,0.2116012492569022,2.554207830223868,1.7578306687593963,9.083080547506654e-05,-3.99917493305527e-05,-0.00014221268935774785,0.10350529796294447,0.011194895491714433,0.013271392078707197
ymlfiles\Case_312_H2_T4p5_dir90_heaveDOFbest_pitchDOFbest_rollDOFbest.yml,2,4.5,3.4884,90,DOFbest,DOFbest,DOFbest,3.3,2.4,233,304.5,248,640,0.09237936038873033,0.47747885673164103,0.43549914469952633,-0.16128419649394202,0.6647873745332677,0.008987570403827706,0.19708703303502587,2.5425117697820863,1.749948675572601,8.504056318134288e-05,-4.130668074324374e-05,-0.00014070180820852527,0.0996688435754819,0.011141807493451715,0.013235671559638723
ymlfiles\Case_313_H2_T4p5_dir135_heavelow_pitchlow_rolllow.yml,2,4.5,3.4884,135,low,low,low,1.0,1.0,100,300.0,150,200,0.09908683460942952,0.54272159482723,0.28458894799676776,-0.15905923810451073,0.6954450337693887,0.017420036937962305,0.22646391581920045,2.852330923415197,1.1505847811219014,0.00031031044248648447,-1.1645588095269819e-05,8.46853035574196e-05,0.11121511652933116,0.014756222781136539,0.007976867487433429
ymlfiles\Case_314_H2_T4p5_dir135_heavelinhigh_pitchlinhigh_rolllinhigh.yml,2,4.5,3.4884,135,linhigh,linhigh,linhigh,6.5,1.0,300,300.0,325,200,0.08990219962597037,0.5383244351012226,0.2815022224456395,-0.15912715861816243,0.6956505741417612,0.017717059695536944,0.1908272314383518,2.8360151319425797,1.1390995274892157,0.00029049912676186966,-1.2420492951228812e-05,8.499997167550132e-05,0.10176081920434393,0.01467519891098702,0.007932960079428402
ymlfiles\Case_315_H2_T4p5_dir135_heavequadhigh_pitchquadhigh_rollquadhigh.yml,2,4.5,3.4884,135,quadhigh,quadhigh,quadhigh,1.0,4.0,100,1300.0,150,1300,0.09818867384634755,0.54202111355594,0.28437424418455354,-0.15907310245125922,0.6954601454538961,0.017438367979605598,0.22298157923067313,2.849815621697119,1.149851229457933,0.0003075845954881453,-1.1695542268720311e-05,8.472689051653787e-05,0.11028608229026285,0.01474346478452221,0.007974207449853391
ymlfiles\Case_316_H2_T4p5_dir135_heaveDOFbest_pitchDOFbest_rollDOFbest.yml,2,4.5,3.4884,135,DOFbest,DOFbest,DOFbest,3.3,2.4,233,304.5,248,640,0.0946574972964509,0.5400355132723215,0.28258758950555746,-0.15909519950562512,0.6955408213672767,0.017589008989862456,0.20929477462174728,2.8422562052430913,1.1431424318090413,0.00029805004687403136,-1.2161412063146945e-05,8.488585139210003e-05,0.10665659998774063,0.01470613039739651,0.007947829602146524
ymlfiles\Case_317_H2_T4p5_dir180_heavelow_pitchlow_rolllow.yml,2,4.5,3.4884,180,low,low,low,1.0,1.0,100,300.0,150,200,0.12114746019082799,1.5820539104802849,0.00019877282092765466,-0.1629222578373301,0.7025869778803315,-0.002373456102089343,0.30975416651076126,6.974424994646243,-0.0016142680759952369,0.0013287023948226086,-2.33813332669675e-06,2.314838596739005e-09,0.14228727463137844,0.041438102275084085,2.906614638267858e-06
ymlfiles\Case_318_H2_T4p5_dir180_heavelinhigh_pitchlinhigh_rolllinhigh.yml,2,4.5,3.4884,180,linhigh,linhigh,linhigh,6.5,1.0,300,300.0,325,200,0.11168684196668859,1.5687226363080873,0.00018472941145201383,-0.16306511234158994,0.7031998796533038,-0.0023720493702461274,0.27296708732715913,6.923257873200533,-0.001666106177620397,0.0012313250234601816,-2.2916484003308126e-06,2.8344277201597537e-09,0.13216348080027063,0.04116780954389144,2.879002401638812e-06
ymlfiles\Case_319_H2_T4p5_dir180_heavequadhigh_pitchquadhigh_rollquadhigh.yml,2,4.5,3.4884,180,quadhigh,quadhigh,quadhigh,1.0,4.0,100,1300.0,150,1300,0.11995038026070566,1.5767022612883816,0.00015424689092938756,-0.16295039500963632,0.7026644162193122,-0.002353856189546519,0.3050858512063972,6.9535941323438255,-0.0017645922898055515,0.0012902008040883701,-2.3257074718827334e-06,2.6270084159435203e-09,0.14097840685763682,0.04132384898514981,2.3551458543648474e-06
ymlfiles\Case_320_H2_T4p5_dir180_heaveDOFbest_pitchDOFbest_rollDOFbest.yml,2,4.5,3.4884,180,DOFbest,DOFbest,DOFbest,3.3,2.4,233,304.5,248,640,0.11649551756593456,1.5725217454112093,0.00015401645744595583,-0.16299357559974006,0.7029368271522104,-0.002356058707175879,0.29165054199436224,6.937599158483514,-0.0017669934701985378,0.0012594778838749528,-2.3086467641850124e-06,3.824226876330292e-09,0.13730063812730028,0.04124165056477343,2.4811184902920775e-06
ymlfiles\Case_321_H2_T5_dir0_heavelow_pitchlow_rolllow.yml,2,5.0,3.876,0,low,low,low,1.0,1.0,100,300.0,150,200,0.14697870553791137,1.308615923266274,0.000172926803023665,-0.15908024508302787,0.660447960819489,-0.002334280780341953,0.41042647343203786,5.83753455791622,-0.001668271852709917,-0.0014749140826505393,2.5206701510818773e-06,1.2205555515856557e-08,0.15683570754981455,0.03366951072819717,3.2894272312806292e-06
ymlfiles\Case_322_H2_T5_dir0_heavelinhigh_pitchlinhigh_rolllinhigh.yml,2,5.0,3.876,0,linhigh,linhigh,linhigh,6.5,1.0,300,300.0,325,200,0.13571529488064815,1.2967535619393096,0.00014222329748815046,-0.15955191560640353,0.6611067679799585,-0.0023358365160458952,0.36654195643824045,5.792309898365412,-0.0017881876640931814,-0.001499814054051212,2.4989296019308194e-06,1.2860066903223378e-08,0.14531362429817568,0.03342793247546504,2.757109850950366e-06
ymlfiles\Case_323_H2_T5_dir0_heavequadhigh_pitchquadhigh_rollquadhigh.yml,2,5.0,3.876,0,quadhigh,quadhigh,quadhigh,1.0,4.0,100,1300.0,150,1300,0.14552068081156383,1.3049101743117315,0.00016319858715602365,-0.1591355743989554,0.6604413218158925,-0.002338388704711482,0.40474228225958997,5.823394072807178,-0.0017105940836327437,-0.0014816646184574356,2.509894344109881e-06,1.2649311334451976e-08,0.1553408257696805,0.03359049818853647,2.768106002758365e-06
ymlfiles\Case_324_H2_T5_dir0_heaveDOFbest_pitchDOFbest_rollDOFbest.yml,2,5.0,3.876,0,DOFbest,DOFbest,DOFbest,3.3,2.4,233,304.5,248,640,0.14144962973390565,1.3004734923210386,0.00017440698334243832,-0.15925874505157875,0.6607048218628392,-0.002339828297289155,0.38896426839589426,5.806365688415813,-0.0016686403273161387,-0.0014908242211478478,2.5086036252956195e-06,1.3250193898794315e-08,0.1511774660881031,0.033502263342720544,2.869305974127423e-06
ymlfiles\Case_325_H2_T5_dir45_heavelow_pitchlow_rolllow.yml,2,5.0,3.876,45,low,low,low,1.0,1.0,100,300.0,150,200,0.17080411755683508,0.60897635645739,0.9610694613603955,-0.1604880493522524,0.6764150833223013,0.024635267098724715,0.5019119516286523,3.085432088446825,3.8072263345874586,0.001581246072356089,0.00023024964924929885,0.0001423896089158965,0.18357369787291236,0.015363517554454174,0.022308847836901284
ymlfiles\Case_326_H2_T5_dir45_heavelinhigh_pitchlinhigh_rolllinhigh.yml,2,5.0,3.876,45,linhigh,linhigh,linhigh,6.5,1.0,300,300.0,325,200,0.1571942782989056,0.5993560144303772,0.9461889892992957,-0.1606739649624533,0.6769061245912831,0.024585480466233715,0.44890136753869153,3.0481692340562194,3.7495444762618257,0.0015057353495801329,0.00022729114157682892,0.0001419546368260328,0.16928787014011173,0.015215186458857383,0.022059938674111938
ymlfiles\Case_327_H2_T5_dir45_heavequadhigh_pitchquadhigh_rollquadhigh.yml,2,5.0,3.876,45,quadhigh,quadhigh,quadhigh,1.0,4.0,100,1300.0,150,1300,0.168765524488184,0.6074059126411889,0.9584541115818846,-0.16051703475935877,0.6765530268730611,0.024724098861170503,0.4939770441045055,3.0793575972803664,3.797127031049063,0.0015687932280259499,0.0002297140563938344,0.00014230485094676205,0.18142887391191426,0.015339543697007664,0.022263945621964435
ymlfiles\Case_328_H2_T5_dir45_heaveDOFbest_pitchDOFbest_rollDOFbest.yml,2,5.0,3.876,45,DOFbest,DOFbest,DOFbest,3.3,2.4,233,304.5,248,640,0.16405846554409356,0.6030231198979281,0.9514616106191138,-0.1605708474196021,0.6766729544094281,0.024620354450190427,0.4755997773771436,3.062444422353064,3.769605910441975,0.0015333010720552879,0.00022832909715020367,0.0001421246338708791,0.1764897365314068,0.015271690461431238,0.02214724015443589
ymlfiles\Case_329_H2_T5_dir90_heavelow_pitchlow_rolllow.yml,2,5.0,3.876,90,low,low,low,1.0,1.0,100,300.0,150,200,0.15846354413292976,0.5814679179206743,0.4136477168247359,-0.15944168475855414,0.6651024196641806,0.0114699237131606,0.4538622402707585,2.941279717730514,1.6563397844169734,0.00028953395724869217,-3.909849072572874e-05,-0.00013941154063993572,0.165222871766181,0.012547910770554357,0.011314286772817128
ymlfiles\Case_330_H2_T5_dir90_heavelinhigh_pitchlinhigh_rolllinhigh.yml,2,5.0,3.876,90,linhigh,linhigh,linhigh,6.5,1.0,300,300.0,325,200,0.14552063029710408,0.5709358332886495,0.4044396340368086,-0.15956577407691364,0.6655803467937826,0.011024223533421307,0.40370728765181896,2.90128268526387,1.6206164337910376,0.00026574177142696056,-3.9779668136148275e-05,-0.00013550079449589498,0.1518545148785837,0.01236702267353307,0.011198987080974328
ymlfiles\Case_331_H2_T5_dir90_heavequadhigh_pitchquadhigh_rollquadhigh.yml,2,5.0,3.876,90,quadhigh,quadhigh,quadhigh,1.0,4.0,100,1300.0,150,1300,0.15672459923141557,0.5801337509471207,0.41259559092113457,-0.15945947655665574,0.6651461406159689,0.011404622112840036,0.4471141829131936,2.9361705500298125,1.6522435648235814,0.0002871368193276128,-3.911931646944013e-05,-0.0001389066655752712,0.1634263737196721,0.01252479401918963,0.011301577873165004
ymlfiles\Case_332_H2_T5_dir90_heaveDOFbest_pitchDOFbest_rollDOFbest.yml,2,5.0,3.876,90,DOFbest,DOFbest,DOFbest,3.3,2.4,233,304.5,248,640,0.15212175795837218,0.5750881288982507,0.4079229458044602,-0.15950501524432945,0.6653616046110159,0.011258319643296719,0.4292981101764999,2.9170483084033045,1.6341900263248785,0.0002751728476521957,-3.963996297502669e-05,-0.00013703461285502355,0.15866957363793918,0.01243882295768111,0.011241766398346741
ymlfiles\Case_333_H2_T5_dir135_heavelow_pitchlow_rolllow.yml,2,5.0,3.876,135,low,low,low,1.0,1.0,100,300.0,150,200,0.16051454219006234,0.5078131001851459,0.2902421765395689,-0.15794228085940415,0.692976724365387,0.021874193464708196,0.4638055812111284,2.702708092257798,1.168523994993037,0.00046018965353235097,-1.3023443449876595e-05,6.712445316422212e-05,0.16930567720708437,0.012826252173676278,0.007144318188879468
ymlfiles\Case_334_H2_T5_dir135_heavelinhigh_pitchlinhigh_rolllinhigh.yml,2,5.0,3.876,135,linhigh,linhigh,linhigh,6.5,1.0,300,300.0,325,200,0.14732900407097443,0.4980962457227751,0.2838158127329946,-0.15805809773797633,0.6931186771799052,0.021581854410906123,0.4127620215128198,2.6651941113152056,1.143601659376227,0.00042974950325607645,-1.3420458905157236e-05,6.67079232596636e-05,0.15548350868094984,0.012679877083053702,0.007062642972493004
ymlfiles\Case_335_H2_T5_dir135_heavequadhigh_pitchquadhigh_rollquadhigh.yml,2,5.0,3.876,135,quadhigh,quadhigh,quadhigh,1.0,4.0,100,1300.0,150,1300,0.158672233166529,0.5064273355014737,0.2897529057737508,-0.15796826394598726,0.6930147072938679,0.021818121233663227,0.4566660868200265,2.697464930525581,1.1665050229755078,0.00045659440021108644,-1.3036876604227719e-05,6.705775181942618e-05,0.16736786537155554,0.012805606650994518,0.0071385635549138125
ymlfiles\Case_336_H2_T5_dir135_heaveDOFbest_pitchDOFbest_rollDOFbest.yml,2,5.0,3.876,135,DOFbest,DOFbest,DOFbest,3.3,2.4,233,304.5,248,640,0.1539783904135669,0.5021126245917709,0.2861305953753022,-0.15800237271040035,0.6930296415052161,0.021773067525264554,0.4384937108269093,2.6807060419326674,1.1526509278962367,0.0004423629715032974,-1.3307984373713904e-05,6.69120963161631e-05,0.1624461406207139,0.012740403366451946,0.007091790894237889
ymlfiles\Case_337_H2_T5_dir180_heavelow_pitchlow_rolllow.yml,2,5.0,3.876,180,low,low,low,1.0,1.0,100,300.0,150,200,0.19225368859859662,1.6277031855106168,0.0002850333067090153,-0.1609627964911649,0.6962038742048046,-0.0023519004166480104,0.5854992454122185,7.11197857240896,-0.0012545053529935588,0.002069411793023614,-6.60568256621187e-07,-8.377192998577183e-10,0.20940092212958736,0.03889602354628772,4.459035685201037e-06
ymlfiles\Case_338_H2_T5_dir180_heavelinhigh_pitchlinhigh_rolllinhigh.yml,2,5.0,3.876,180,linhigh,linhigh,linhigh,6.5,1.0,300,300.0,325,200,0.1775983593851711,1.601023174672579,0.00015130920828741588,-0.1613626329704395,0.6969341129894308,-0.0023548744298236587,0.5283917775173342,7.009091123825334,-0.001772396437185623,0.0019465921594003597,-5.655708870132929e-07,-2.975065985358347e-09,0.19367666920584012,0.03844894028389954,2.558151942803522e-06
ymlfiles\Case_339_H2_T5_dir180_heavequadhigh_pitchquadhigh_rollquadhigh.yml,2,5.0,3.876,180,quadhigh,quadhigh,quadhigh,1.0,4.0,100,1300.0,150,1300,0.18968239570018963,1.61796243648527,0.00016224474821148227,-0.16111500930563258,0.6964436229888926,-0.002355305462690591,0.5753895117259313,7.07434507195439,-0.001730551757872463,0.0020258531450489323,-6.225947157518297e-07,-2.4177151689846234e-09,0.20661915827441255,0.03872950704133348,2.7234795385009733e-06
ymlfiles\Case_340_H2_T5_dir180_heaveDOFbest_pitchDOFbest_rollDOFbest.yml,2,5.0,3.876,180,DOFbest,DOFbest,DOFbest,3.3,2.4,233,304.5,248,640,0.1847807918582768,1.6091533104380873,0.00021335405730037055,-0.16119613999654564,0.6964509803389767,-0.0023827104888134924,0.5563775324737237,7.039800001718199,-0.0015624393489088316,0.0019851414150554776,-5.819912652145737e-07,-2.498619012268561e-09,0.201372524402424,0.03858357187963097,3.267516818933128e-06
ymlfiles\Case_341_H2_T6_dir0_heavelow_pitchlow_rolllow.yml,2,6.0,4.6512,0,low,low,low,1.0,1.0,100,300.0,150,200,0.2731964562867373,1.0783056467720498,0.0002298156195005214,-0.12540304267438165,0.6084862638910042,-0.002328527210927697,0.9278605208561294,4.854130849282875,-0.0014448875302374253,-0.002123098895527821,-2.7071110998534615e-06,1.3707304951117548e-08,0.26959078027372363,0.02565872371896364,4.123478947334189e-06
ymlfiles\Case_342_H2_T6_dir0_heavelinhigh_pitchlinhigh_rolllinhigh.yml,2,6.0,4.6512,0,linhigh,linhigh,linhigh,6.5,1.0,300,300.0,325,200,0.2564136591301261,1.0687368764338614,0.0002069380932911221,-0.13083214377420424,0.6167574391030738,-0.0023462171631995995,0.8575703292477307,4.8254267467462935,-0.0015510751500765422,-0.0021368535131720203,-2.4849076731025743e-06,1.2663651040211512e-08,0.25252580011764886,0.025527879467273355,3.5360728405731945e-06
ymlfiles\Case_343_H2_T6_dir0_heavequadhigh_pitchquadhigh_rollquadhigh.yml,2,6.0,4.6512,0,quadhigh,quadhigh,quadhigh,1.0,4.0,100,1300.0,150,1300,0.26975640643762544,1.0760172476697825,0.0002329257364083164,-0.12694407917316466,0.6108115823826041,-0.0023268817542357436,0.9129739886010781,4.847210591519906,-0.0014308372739425374,-0.002125969585598919,-2.6507649557450973e-06,1.238100783879738e-08,0.26609490547475234,0.025628234608113674,4.106236629391984e-06
ymlfiles\Case_344_H2_T6_dir0_heaveDOFbest_pitchDOFbest_rollDOFbest.yml,2,6.0,4.6512,0,DOFbest,DOFbest,DOFbest,3.3,2.4,233,304.5,248,640,0.2644120746597184,1.0710305241501443,0.00022532222327812296,-0.12855692630998647,0.6133095087572156,-0.002322547458983965,0.8907179070568622,4.830309539555294,-0.0014555751613430585,-0.002126147632496491,-2.5788103493575342e-06,1.1390404279172399e-08,0.2606521382693677,0.025557914080271114,4.097350202366896e-06
ymlfiles\Case_345_H2_T6_dir45_heavelow_pitchlow_rolllow.yml,2,6.0,4.6512,45,low,low,low,1.0,1.0,100,300.0,150,200,0.31646294018229987,0.7918964579513089,1.3383235080341418,-0.14508207254062033,0.6502022159360726,0.02893032098006934,1.0754714647385053,3.7272897607958266,5.216558053151012,0.002808643192711308,0.000186062237136831,0.00010822213920442996,0.31418695131016294,0.015254296304016974,0.024907524906411516
ymlfiles\Case_346_H2_T6_dir45_heavelinhigh_pitchlinhigh_rolllinhigh.yml,2,6.0,4.6512,45,linhigh,linhigh,linhigh,6.5,1.0,300,300.0,325,200,0.29706422058484283,0.7481935384261371,1.2808280448914477,-0.14913451918130027,0.6573470996986336,0.024953532677581228,0.996373695108651,3.569817064689411,4.994731551984165,0.0026550139390010227,0.0001799146008160391,0.0001049327843187338,0.29434138325141396,0.014692840229646703,0.024085992680524356
ymlfiles\Case_347_H2_T6_dir45_heavequadhigh_pitchquadhigh_rollquadhigh.yml,2,6.0,4.6512,45,quadhigh,quadhigh,quadhigh,1.0,4.0,100,1300.0,150,1300,0.3117514690702272,0.7840971159688657,1.326070464765913,-0.14661187581417479,0.6526314021035695,0.027559701573251244,1.0557701727961164,3.7002615207143688,5.16862537390865,0.0027782943968848394,0.00018476802399255637,0.00010756360563823996,0.3093550695648316,0.015153169565405505,0.024731465668245866
ymlfiles\Case_348_H2_T6_dir45_heaveDOFbest_pitchDOFbest_rollDOFbest.yml,2,6.0,4.6512,45,DOFbest,DOFbest,DOFbest,3.3,2.4,233,304.5,248,640,0.30614387637265134,0.7642484982862462,1.3008755951966056,-0.14771944640490342,0.6545944008029256,0.026360676218061683,1.0330348972403005,3.627739761655798,5.072116132714229,0.002708295833561844,0.00018201632599245621,0.00010611879724693094,0.3036204752445926,0.014899796649626195,0.024375049416584856
ymlfiles\Case_349_H2_T6_dir90_heavelow_pitchlow_rolllow.yml,2,6.0,4.6512,90,low,low,low,1.0,1.0,100,300.0,150,200,0.2934532929572038,0.7996692620790623,0.7912187787127786,-0.1505033686464207,0.652512630280901,0.01223873718259739,0.9810357966772724,3.7469631737901823,3.071184990729276,0.0009783082146354646,-5.2457199142813936e-05,-0.00011069887140422863,0.2876851339630133,0.014666719338652228,0.014016081136441531
ymlfiles\Case_350_H2_T6_dir90_heavelinhigh_pitchlinhigh_rolllinhigh.yml,2,6.0,4.6512,90,linhigh,linhigh,linhigh,6.5,1.0,300,300.0,325,200,0.2759072647924651,0.767010208115542,0.7413628113611352,-0.15210784990552945,0.6558692186445425,0.01321299788589657,0.9114356591638231,3.626146701951023,2.884882569602321,0.0008941676975556422,-4.988877980302253e-05,-0.0001057749852083542,0.26980772111526935,0.014184515016223996,0.013357986150786007
ymlfiles\Case_351_H2_T6_dir90_heavequadhigh_pitchquadhigh_rollquadhigh.yml,2,6.0,4.6512,90,quadhigh,quadhigh,quadhigh,1.0,4.0,100,1300.0,150,1300,0.2895968249909915,0.7944520114878844,0.7843524058814623,-0.1510155543876169,0.653311843407925,0.012876909356547691,0.9656532903490728,3.727573385422363,3.0458524333881205,0.0009675820556680812,-5.202025745165155e-05,-0.0001098533718839273,0.2837550763866402,0.014590175472593682,0.013922124009931867
ymlfiles\Case_352_H2_T6_dir90_heaveDOFbest_pitchDOFbest_rollDOFbest.yml,2,6.0,4.6512,90,DOFbest,DOFbest,DOFbest,3.3,2.4,233,304.5,248,640,0.2842980817361722,0.7794923941359284,0.7584953798262809,-0.15139223443802827,0.6544082782407432,0.01292866997113884,0.9447141079193375,3.6722441516950513,2.94922304182841,0.0009240967804267974,-5.091102236937911e-05,-0.0001077102135201872,0.2783525551783302,0.014369012525970245,0.013587317547481709
ymlfiles\Case_353_H2_T6_dir135_heavelow_pitchlow_rolllow.yml,2,6.0,4.6512,135,low,low,low,1.0,1.0,100,300.0,150,200,0.29503145135108716,0.7446632784644223,0.49995779076681846,-0.15135263080492067,0.6902141970307862,0.02567377971545299,0.9862718233010788,3.580413995675003,1.9543105341351528,0.0008534459729481893,-2.6138924740046625e-05,5.5574826718192046e-05,0.28887434723904826,0.014016359775608065,0.008663046719311986
ymlfiles\Case_354_H2_T6_dir135_heavelinhigh_pitchlinhigh_rolllinhigh.yml,2,6.0,4.6512,135,linhigh,linhigh,linhigh,6.5,1.0,300,300.0,325,200,0.2770015637348076,0.7053392431765977,0.4745874915485092,-0.1532722507816698,0.6917976812997356,0.02726770540902603,0.9146586101895354,3.4314053961389055,1.8593290745842803,0.000800782344416879,-2.549472778430496e-05,5.38426483367327e-05,0.27024826763172244,0.013467602889748194,0.008332478633695413
ymlfiles\Case_355_H2_T6_dir135_heavequadhigh_pitchquadhigh_rollquadhigh.yml,2,6.0,4.6512,135,quadhigh,quadhigh,quadhigh,1.0,4.0,100,1300.0,150,1300,0.2910463868044727,0.7381344153188266,0.49859573216389896,-0.15193061650559767,0.690787688374972,0.026352687397078727,0.9703262574936625,3.555545603880975,1.949507264497318,0.0008473559606174741,-2.6056376263794338e-05,5.522585156833231e-05,0.28474149083603467,0.013921731353372279,0.008644013666391084
ymlfiles\Case_356_H2_T6_dir135_heaveDOFbest_pitchDOFbest_rollDOFbest.yml,2,6.0,4.6512,135,DOFbest,DOFbest,DOFbest,3.3,2.4,233,304.5,248,640,0.2855087621990445,0.7205900975344791,0.4824607794770247,-0.15254337172258728,0.6912428177231336,0.027001508520755776,0.948229356248284,3.4890015111256383,1.8888739110309347,0.0008197363651435596,-2.574267616627579e-05,5.457958105548273e-05,0.2790185224094619,0.01368340506462872,0.008435847501026992
ymlfiles\Case_357_H2_T6_dir180_heavelow_pitchlow_rolllow.yml,2,6.0,4.6512,180,low,low,low,1.0,1.0,100,300.0,150,200,0.3418159599912288,2.168491262626756,0.0003100469535427115,-0.155589321654634,0.6943319123483462,-0.0023574679493584723,1.1635248871848052,9.116110154338156,-0.0011637724029210698,0.00354100144923287,2.374797853831736e-06,-1.060463780390243e-08,0.33835296952919286,0.04133080348282133,5.229652641593195e-06
ymlfiles\Case_358_H2_T6_dir180_heavelinhigh_pitchlinhigh_rolllinhigh.yml,2,6.0,4.6512,180,linhigh,linhigh,linhigh,6.5,1.0,300,300.0,325,200,0.32144851467541724,2.078226922649557,0.00023399084491020408,-0.1577120194861137,0.696252392134704,-0.0023522377355016198,1.0826554389903378,8.773400131962322,-0.0014516565524960382,0.0033545438799697873,2.1483869029472846e-06,-5.239200972405518e-09,0.3173273605264941,0.040020460423846264,3.907083661747224e-06
ymlfiles\Case_359_H2_T6_dir180_heavequadhigh_pitchquadhigh_rollquadhigh.yml,2,6.0,4.6512,180,quadhigh,quadhigh,quadhigh,1.0,4.0,100,1300.0,150,1300,0.33654331725210557,2.1317702988879614,0.00024649256355016943,-0.15662606082269204,0.6956289549192177,-0.002352470065590078,1.1421403036519315,8.976248529354361,-0.00140319160264965,0.003464714591700741,2.311740444280617e-06,-5.476614596181184e-09,0.33287829521765044,0.04079989217317139,4.172625000459276e-06
ymlfiles\Case_360_H2_T6_dir180_heaveDOFbest_pitchDOFbest_rollDOFbest.yml,2,6.0,4.6512,180,DOFbest,DOFbest,DOFbest,3.3,2.4,233,304.5,248,640,0.33077266811963235,2.103905108186111,0.00025857498362122366,-0.15701017249163163,0.6957806671484521,-0.0023514333182715385,1.1194864733160586,8.871874940318076,-0.00135631343492286,0.003407822479757317,2.2179093789771837e-06,-5.010160586585805e-09,0.32693197441771055,0.04039885551271355,4.263127358465702e-06
ymlfiles\Case_361_H2_T7_dir0_heavelow_pitchlow_rolllow.yml,2,7.0,5.4264,0,low,low,low,1.0,1.0,100,300.0,150,200,0.35742681414836075,1.0260788905359621,0.00031757178922655764,-0.10195547368563812,0.5745435965452772,-0.002321818755441304,1.2681692235772029,4.585855607501562,-0.0011064671564218127,-0.002083445193916769,-6.653311596006595e-07,1.4520334849785646e-08,0.32178212665317873,0.02129073717953808,5.033392398542226e-06
ymlfiles\Case_362_H2_T7_dir0_heavelinhigh_pitchlinhigh_rolllinhigh.yml,2,7.0,5.4264,0,linhigh,linhigh,linhigh,6.5,1.0,300,300.0,325,200,0.34093534100711503,1.0008965357137347,0.0002989011313858415,-0.10679129734308426,0.5824220849814439,-0.0023350178261944215,1.19959726400682,4.498707578081014,-0.0011908628871181747,-0.0021121464142673484,-6.017877095444622e-07,1.618137928535789e-08,0.30587864506849766,0.02101863854747289,4.773297432430457e-06
ymlfiles\Case_363_H2_T7_dir0_heavequadhigh_pitchquadhigh_rollquadhigh.yml,2,7.0,5.4264,0,quadhigh,quadhigh,quadhigh,1.0,4.0,100,1300.0,150,1300,0.35356252823467454,1.0209942145663653,0.0003183499693597499,-0.10334544305953636,0.5768282885271638,-0.0023428425215969283,1.251906793477158,4.569139402488928,-0.0011244593979565785,-0.002093467688380112,-6.676474040305062e-07,1.6207965451778093e-08,0.3180709411504837,0.021238904303660898,4.934433684977337e-06
ymlfiles\Case_364_H2_T7_dir0_heaveDOFbest_pitchDOFbest_rollDOFbest.yml,2,7.0,5.4264,0,DOFbest,DOFbest,DOFbest,3.3,2.4,233,304.5,248,640,0.3486299202137699,1.0082266713567154,0.00030227914379778365,-0.10443407202920595,0.5786142486061256,-0.0023406455464263128,1.2316757832636662,4.522724163592002,-0.0011836626631733435,-0.0020890218015986554,-6.287570443399617e-07,1.5552790983923758e-08,0.31328378835514503,0.021093170898507086,4.838460991894501e-06
ymlfiles\Case_365_H2_T7_dir45_heavelow_pitchlow_rolllow.yml,2,7.0,5.4264,45,low,low,low,1.0,1.0,100,300.0,150,200,0.4064762622223241,1.1873424848907494,1.8652765239556581,-0.13287056106091877,0.6284473976480488,0.002978540379895138,1.4259528581491479,5.184301152445078,7.157052815234424,0.002886428662359706,0.00012439873307617692,8.152337206783565e-05,0.36771662847223613,0.019028922587039126,0.029739293465307244
ymlfiles\Case_366_H2_T7_dir45_heavelinhigh_pitchlinhigh_rolllinhigh.yml,2,7.0,5.4264,45,linhigh,linhigh,linhigh,6.5,1.0,300,300.0,325,200,0.3886625149000555,1.1006543464248069,1.7488280038889288,-0.13816744771227804,0.6387078516152065,-0.00029754852003162433,1.352080768640479,4.8664637413925735,6.713829163148362,0.0026934116836592565,0.0001160403835798259,7.56377189979304e-05,0.35064050314890977,0.017837799323204288,0.0281367352674395
ymlfiles\Case_367_H2_T7_dir45_heavequadhigh_pitchquadhigh_rollquadhigh.yml,2,7.0,5.4264,45,quadhigh,quadhigh,quadhigh,1.0,4.0,100,1300.0,150,1300,0.4015707422183167,1.1692342628480379,1.8363093411100069,-0.13519907125299804,0.6324791684369024,0.0019611128595539602,1.4047447325580784,5.119045016783917,7.045852203811613,0.0028411269989009878,0.000122213091766556,8.015757794148495e-05,0.36304197343057565,0.018779395132314265,0.029340337897647735
ymlfiles\Case_368_H2_T7_dir45_heaveDOFbest_pitchDOFbest_rollDOFbest.yml,2,7.0,5.4264,45,DOFbest,DOFbest,DOFbest,3.3,2.4,233,304.5,248,640,0.3968469314970008,1.1314758448865956,1.78782859653993,-0.13626490848155773,0.6347988224671438,0.0006691081167355296,1.385431257345173,4.978537247770535,6.861279103326505,0.002759308541088606,0.00011874571047021706,7.766825943637675e-05,0.3584954083541633,0.018260953731161277,0.028675790430395406
ymlfiles\Case_369_H2_T7_dir90_heavelow_pitchlow_rolllow.yml,2,7.0,5.4264,90,low,low,low,1.0,1.0,100,300.0,150,200,0.38375482061205357,1.016075074014362,1.392848671278172,-0.1416325830119904,0.6341377589586048,0.0015334525376144758,1.3298641795774973,4.535303770495154,5.3225942634848185,0.0011779599256852408,-4.935314458792091e-05,-7.943766036701004e-05,0.343541765385384,0.016480267069816153,0.02100855251643088
ymlfiles\Case_370_H2_T7_dir90_heavelinhigh_pitchlinhigh_rolllinhigh.yml,2,7.0,5.4264,90,linhigh,linhigh,linhigh,6.5,1.0,300,300.0,325,200,0.3670655273141109,0.9442549297956935,1.2937552550104698,-0.14377862497424712,0.6400552186259169,0.0033748575336353223,1.2632923906451663,4.26793176500697,4.95201325382768,0.0010680770066901779,-4.6002636894031794e-05,-7.461665468849457e-05,0.3275133037741513,0.015458003878512597,0.01964851661159018
ymlfiles\Case_371_H2_T7_dir90_heavequadhigh_pitchquadhigh_rollquadhigh.yml,2,7.0,5.4264,90,quadhigh,quadhigh,quadhigh,1.0,4.0,100,1300.0,150,1300,0.3794746054536743,1.001941252620738,1.374918576447733,-0.14251342500220213,0.636021020568567,0.0024281741524669036,1.312443849372345,4.482756591638049,5.255478463069796,0.0011598229863009483,-4.871845370795629e-05,-7.846625865875429e-05,0.3394541914222814,0.01627926742559346,0.02076027794922761
ymlfiles\Case_372_H2_T7_dir90_heaveDOFbest_pitchDOFbest_rollDOFbest.yml,2,7.0,5.4264,90,DOFbest,DOFbest,DOFbest,3.3,2.4,233,304.5,248,640,0.3748463157901157,0.9712203136411338,1.3261403930415117,-0.14279326773567358,0.6375645201930584,0.0024241160402180702,1.2941668433935778,4.36793771097519,5.0733175379751225,0.0011045843063035154,-4.7180944144796265e-05,-7.649141382302234e-05,0.33499272274795877,0.015841092307616714,0.02009558307350101
ymlfiles\Case_373_H2_T7_dir135_heavelow_pitchlow_rolllow.yml,2,7.0,5.4264,135,low,low,low,1.0,1.0,100,300.0,150,200,0.3833687334334439,1.1641089521461145,0.836302485352207,-0.1489537313436636,0.6810661468034767,0.023927723356444927,1.3211908466888607,5.145130232118641,3.2176375854436663,0.000816321712899481,-4.476451449909264e-05,4.010894930596827e-05,0.34191951854903885,0.018474348782461826,0.012470097758497287
ymlfiles\Case_374_H2_T7_dir135_heavelinhigh_pitchlinhigh_rolllinhigh.yml,2,7.0,5.4264,135,linhigh,linhigh,linhigh,6.5,1.0,300,300.0,325,200,0.36627010609039967,1.0959856770645886,0.7831543185537981,-0.1511658455558516,0.6835046970027998,0.02523549133455964,1.2530407095442788,4.887623186513507,3.017375600441794,0.000770566357194084,-4.316863040069882e-05,3.959814057122287e-05,0.32526539038468355,0.017509275728256644,0.011752654097498079
ymlfiles\Case_375_H2_T7_dir135_heavequadhigh_pitchquadhigh_rollquadhigh.yml,2,7.0,5.4264,135,quadhigh,quadhigh,quadhigh,1.0,4.0,100,1300.0,150,1300,0.37900366176847267,1.1514017661529286,0.8320305721523533,-0.14978499297433256,0.6818119485251687,0.024574307328385912,1.3035570077519987,5.097339587264973,3.2021188567860395,0.0008141071358469646,-4.474426175906884e-05,3.9844280856528186e-05,0.33767254033723576,0.01829245078850984,0.01241291502870328
ymlfiles\Case_376_H2_T7_dir135_heaveDOFbest_pitchDOFbest_rollDOFbest.yml,2,7.0,5.4264,135,DOFbest,DOFbest,DOFbest,3.3,2.4,233,304.5,248,640,0.37412362554827217,1.1201785797819381,0.7994341838938779,-0.15032958353013395,0.6825837791686061,0.024730529958130625,1.2842366400927847,4.978939364598132,3.0784989436520696,0.0007847695923404599,-4.366462632463362e-05,3.9850651203335796e-05,0.3329068501975927,0.017854578783919346,0.011972749814871455
ymlfiles\Case_377_H2_T7_dir180_heavelow_pitchlow_rolllow.yml,2,7.0,5.4264,180,low,low,low,1.0,1.0,100,300.0,150,200,0.42731835693710996,2.9239766132516283,0.00037038108942197235,-0.15459163090451633,0.6810696008321968,-0.002337988223594395,1.4846610953859942,11.91477799354352,-0.0009182660951534624,0.0027518315810636097,6.446183380546639e-06,9.654292437164094e-09,0.3849434697128853,0.04773569884444783,5.905699461934578e-06
ymlfiles\Case_378_H2_T7_dir180_heavelinhigh_pitchlinhigh_rolllinhigh.yml,2,7.0,5.4264,180,linhigh,linhigh,linhigh,6.5,1.0,300,300.0,325,200,0.408424169291433,2.7596935506905327,0.0003929265477809171,-0.15603276933345672,0.680957062894347,-0.002356483442819198,1.4104652777268198,11.288737856197857,-0.0008498812199785428,0.002628318772745088,6.34058790257611e-06,1.4987755382375507e-08,0.366520721609624,0.045400029761396246,6.084974513022603e-06
ymlfiles\Case_379_H2_T7_dir180_heavequadhigh_pitchquadhigh_rollquadhigh.yml,2,7.0,5.4264,180,quadhigh,quadhigh,quadhigh,1.0,4.0,100,1300.0,150,1300,0.42194385759312975,2.8467925059388075,0.0004176527047973823,-0.1555052420583194,0.6819557430244182,-0.0023539587524793815,1.46305794673297,11.620499958324181,-0.0007530379605204056,0.002688895231048089,6.379672590210385e-06,1.671081249190799e-08,0.37966213716204344,0.0466426254934858,6.461123334777473e-06
ymlfiles\Case_380_H2_T7_dir180_heaveDOFbest_pitchDOFbest_rollDOFbest.yml,2,7.0,5.4264,180,DOFbest,DOFbest,DOFbest,3.3,2.4,233,304.5,248,640,0.41691409006629804,2.8007741590771476,0.000356214431602508,-0.15569559588161244,0.6815903818357942,-0.0023550025381147317,1.4435041823865107,11.444125841601531,-0.0009892802780800695,0.0026551224419141426,6.368113680037533e-06,1.3216727171489218e-08,0.37474977345537985,0.04599067576412252,5.602965444591536e-06
ymlfiles\Case_381_H2_T8_dir0_heavelow_pitchlow_rolllow.yml,2,8.0,6.2016,0,low,low,low,1.0,1.0,100,300.0,150,200,0.40558144495916504,1.2417490206089923,0.000394597783869507,-0.10351706364200423,0.5762771158275258,-0.0023037929965479026,1.4420981884804513,5.361755901644697,-0.0008000330510920563,-0.0036483466538480723,1.3069939482354245e-07,2.798921861460671e-08,0.3333669615892844,0.021037228675091182,6.170379883661742e-06
ymlfiles\Case_382_H2_T8_dir0_heavelinhigh_pitchlinhigh_rolllinhigh.yml,2,8.0,6.2016,0,linhigh,linhigh,linhigh,6.5,1.0,300,300.0,325,200,0.39168848388032607,1.1936910501777906,0.00034871645695815935,-0.10662429225403579,0.5811875671635555,-0.002297310546463576,1.3853217733435237,5.186213868515111,-0.0009682038741310845,-0.003553916913357465,1.2810083744313358e-07,2.6609559965041e-08,0.32061571202873884,0.02047174463142152,5.327107933073103e-06
ymlfiles\Case_383_H2_T8_dir0_heavequadhigh_pitchquadhigh_rollquadhigh.yml,2,8.0,6.2016,0,quadhigh,quadhigh,quadhigh,1.0,4.0,100,1300.0,150,1300,0.4022605556978181,1.2327685526772052,0.0003861702789825704,-0.10472856344326126,0.5781992625314363,-0.0023015999873329807,1.4281570286638672,5.330400398606109,-0.0008298081978989676,-0.0036379147117541464,1.3322273520073804e-07,2.7521379361222253e-08,0.3303417124894219,0.020934352608585866,5.757182326340036e-06
ymlfiles\Case_384_H2_T8_dir0_heaveDOFbest_pitchDOFbest_rollDOFbest.yml,2,8.0,6.2016,0,DOFbest,DOFbest,DOFbest,3.3,2.4,233,304.5,248,640,0.3981707461881934,1.2093173027834265,0.0003735264539104303,-0.105357054917478,0.5791799179378664,-0.0023143715274510056,1.4116492270449208,5.2431986697983275,-0.0008910476791257193,-0.003574600770898682,1.501950053503401e-07,2.951745736958069e-08,0.3265538093400196,0.02065525803866901,5.575185397089227e-06
ymlfiles\Case_385_H2_T8_dir45_heavelow_pitchlow_rolllow.yml,2,8.0,6.2016,45,low,low,low,1.0,1.0,100,300.0,150,200,0.45307154766315144,1.397012887021385,2.229388565731922,-0.12998007009358042,0.619552943004647,-0.026999774008007776,1.5977748174477242,5.943972817501316,8.461059457394583,-0.00010127184838996763,4.332132650037528e-05,2.1222507297215036e-05,0.37530455314186956,0.020370644076601233,0.03215079467506536
ymlfiles\Case_386_H2_T8_dir45_heavelinhigh_pitchlinhigh_rolllinhigh.yml,2,8.0,6.2016,45,linhigh,linhigh,linhigh,6.5,1.0,300,300.0,325,200,0.4384739728443213,1.2950498985909922,2.067833955380034,-0.13265667517440316,0.6251472173424328,-0.03165336886839855,1.5387915384838358,5.563324336432032,7.844396450916206,-2.3431416169372838e-05,3.7816020884856126e-05,1.7229446492774574e-05,0.3617830232814334,0.018985970580567793,0.030020251433250197
ymlfiles\Case_387_H2_T8_dir45_heavequadhigh_pitchquadhigh_rollquadhigh.yml,2,8.0,6.2016,45,quadhigh,quadhigh,quadhigh,1.0,4.0,100,1300.0,150,1300,0.4490591755637087,1.3760106692687595,2.187384607147093,-0.13115938418304884,0.6215938857830556,-0.029054636480133768,1.5812946186719357,5.866221324145492,8.29948992993482,-8.210683317195866e-05,4.180746710737337e-05,2.02730963827275e-05,0.37161294895589386,0.020085525954812156,0.03159746587680163
ymlfiles\Case_388_H2_T8_dir45_heaveDOFbest_pitchDOFbest_rollDOFbest.yml,2,8.0,6.2016,45,DOFbest,DOFbest,DOFbest,3.3,2.4,233,304.5,248,640,0.44519489600993084,1.3309337626347757,2.120078700061742,-0.13173992733147924,0.6230458445449326,-0.030457594755879534,1.5657360979294686,5.6968347547654465,8.043795115357085,-4.6789191141399775e-05,3.9545689216380075e-05,1.847891371139003e-05,0.3679899941139175,0.019472468002947614,0.030709795046363078
ymlfiles\Case_389_H2_T8_dir90_heavelow_pitchlow_rolllow.yml,2,8.0,6.2016,90,low,low,low,1.0,1.0,100,300.0,150,200,0.43393995277496705,1.1052291125653582,1.8461363910655497,-0.14092200851087677,0.6358881157576503,-0.00513479111495997,1.5136402356662066,4.853267213317641,7.010076834556041,-0.0009211820243950586,-3.5605295689897056e-05,-6.013333721285893e-05,0.35507378600914913,0.01655104901000663,0.02555232792328106
ymlfiles\Case_390_H2_T8_dir90_heavelinhigh_pitchlinhigh_rolllinhigh.yml,2,8.0,6.2016,90,linhigh,linhigh,linhigh,6.5,1.0,300,300.0,325,200,0.4200190171065241,1.0145240563663185,1.7058089647512937,-0.1415914616970235,0.6390502991802688,-0.005477591077091652,1.458731074249029,4.511952015718808,6.478466503078547,-0.000852024418306171,-3.301431687066636e-05,-5.714984927818735e-05,0.3421869724459429,0.01530901546488408,0.023683358397189106
ymlfiles\Case_391_H2_T8_dir90_heavequadhigh_pitchquadhigh_rollquadhigh.yml,2,8.0,6.2016,90,quadhigh,quadhigh,quadhigh,1.0,4.0,100,1300.0,150,1300,0.43030075209048707,1.0881987659874093,1.8169019677028841,-0.1413879716509651,0.6369253661743612,-0.005312041213551595,1.4990599729466436,4.789515828216798,6.899510486969901,-0.0009079740564507848,-3.500735812195688e-05,-5.9510359150810855e-05,0.3517318712574989,0.01631861422375908,0.02516420455397306
ymlfiles\Case_392_H2_T8_dir90_heaveDOFbest_pitchDOFbest_rollDOFbest.yml,2,8.0,6.2016,90,DOFbest,DOFbest,DOFbest,3.3,2.4,233,304.5,248,640,0.4264770207327701,1.0483989706717893,1.7505016857305435,-0.1413454774608495,0.637735423685417,-0.005277114694056118,1.4839764884497997,4.639388226327567,6.6475394194660815,-0.0008741100529938461,-3.399494918774897e-05,-5.838612292773161e-05,0.3481486838153882,0.015772019111677603,0.024278918902511472
ymlfiles\Case_393_H2_T8_dir135_heavelow_pitchlow_rolllow.yml,2,8.0,6.2016,135,low,low,low,1.0,1.0,100,300.0,150,200,0.43016503562826675,1.4505117815424675,1.132466816882354,-0.15281616626787609,0.6728809398364665,0.032299148801458344,1.4868005996339981,6.199263614901799,4.3347274040904065,-0.0005857101999725169,-7.085005660406468e-05,-5.343295726571851e-06,0.34956438592152705,0.02106559082426379,0.015483284589252327
ymlfiles\Case_394_H2_T8_dir135_heavelinhigh_pitchlinhigh_rolllinhigh.yml,2,8.0,6.2016,135,linhigh,linhigh,linhigh,6.5,1.0,300,300.0,325,200,0.41640987251404393,1.3609276384976106,1.0457388315148597,-0.15354768923300247,0.6752141133758116,0.02956373745472142,1.432871446287862,5.8618066222578555,4.002295745108127,-0.0005340672200109894,-6.734595338858039e-05,-4.991199696153343e-07,0.33674593028480265,0.019806873075773657,0.014334569749502927
ymlfiles\Case_395_H2_T8_dir135_heavequadhigh_pitchquadhigh_rollquadhigh.yml,2,8.0,6.2016,135,quadhigh,quadhigh,quadhigh,1.0,4.0,100,1300.0,150,1300,0.4266026975475053,1.4323682715623447,1.1222488709861238,-0.1531935874549117,0.6734667560055714,0.031550641599648876,1.4727665117462436,6.130995496725492,4.295376191162271,-0.0005717962247458611,-7.058133736251757e-05,-4.517085052436026e-06,0.34625405065985065,0.020809246876496598,0.01534986871952581
ymlfiles\Case_396_H2_T8_dir135_heaveDOFbest_pitchDOFbest_rollDOFbest.yml,2,8.0,6.2016,135,DOFbest,DOFbest,DOFbest,3.3,2.4,233,304.5,248,640,0.4227910299756299,1.391177668516413,1.0725995354026319,-0.1533212054033222,0.6743812882338301,0.030692870649947194,1.4581110452424495,5.975995615802074,4.105882805552798,-0.0005504579967812304,-6.841883439729817e-05,-2.11281043806229e-06,0.34268040354019047,0.020233466837729287,0.01468901561779214
ymlfiles\Case_397_H2_T8_dir180_heavelow_pitchlow_rolllow.yml,2,8.0,6.2016,180,low,low,low,1.0,1.0,100,300.0,150,200,0.4648654433244125,3.2763763666124874,0.0004068234599320655,-0.15720107875127406,0.648539314434276,-0.0023559000987580787,1.6161234946208214,13.153576523105487,-0.0008033955285709281,-0.001320592557038618,-3.794550037161911e-06,6.966935349519974e-08,0.38342962006184145,0.0488636068460806,6.0721283403965145e-06
ymlfiles\Case_398_H2_T8_dir180_heavelinhigh_pitchlinhigh_rolllinhigh.yml,2,8.0,6.2016,180,linhigh,linhigh,linhigh,6.5,1.0,300,300.0,325,200,0.4498179318064391,3.0787267867498245,0.0003734127124863794,-0.1571798668179843,0.6509431083535111,-0.002354562526763368,1.5581675969342723,12.407664505614708,-0.0009291535464540496,-0.001091805412528919,-3.8594000633549735e-06,5.91975126059021e-08,0.3690013885660371,0.04613077345733182,5.568115698706535e-06
ymlfiles\Case_399_H2_T8_dir180_heavequadhigh_pitchquadhigh_rollquadhigh.yml,2,8.0,6.2016,180,quadhigh,quadhigh,quadhigh,1.0,4.0,100,1300.0,150,1300,0.4607546861585054,3.183370907945034,0.0003888399599300746,-0.1573178875061821,0.6501089601282869,-0.0023569700105895166,1.600241683297504,12.802459216522978,-0.0008730213680265093,-0.0012160561117502404,-3.830105706963542e-06,6.227109756326658e-08,0.3793432763675247,0.047578352088034015,5.77414085794892e-06
ymlfiles\Case_400_H2_T8_dir180_heaveDOFbest_pitchDOFbest_rollDOFbest.yml,2,8.0,6.2016,180,DOFbest,DOFbest,DOFbest,3.3,2.4,233,304.5,248,640,0.4567429165780775,3.1264144348474607,0.0003532811508593013,-0.1571825050044378,0.6506339638217431,-0.0023543613109184604,1.5849057772690045,12.588357416042491,-0.0010056109915311474,-0.001148230290433011,-3.848589384601434e-06,5.7829618128936486e-08,0.37549402045194824,0.04679293134354669,5.242078609877532e-06
ymlfiles\Case_401_H2_T8p5_dir0_heavelow_pitchlow_rolllow.yml,2,8.5,6.5891,0,low,low,low,1.0,1.0,100,300.0,150,200,0.41507269573200095,1.2954540534489694,0.0004139773922915944,-0.10505290330028771,0.5771796579177942,-0.002311247946041252,1.4723188001363106,5.548697990521776,-0.0007376349262986825,-0.0044491669532530755,6.200613067315672e-07,3.6466349746405604e-08,0.32783817377060825,0.020584680571846817,6.166292502035575e-06
ymlfiles\Case_402_H2_T8p5_dir0_heavelinhigh_pitchlinhigh_rolllinhigh.yml,2,8.5,6.5891,0,linhigh,linhigh,linhigh,6.5,1.0,300,300.0,325,200,0.4025467045454995,1.2440371806334996,0.0003634029639952342,-0.10727650704662509,0.5802319273175264,-0.002304256264218792,1.421871692795081,5.357628757282618,-0.0009218443359330171,-0.004287283720704836,7.419895332351524e-07,3.2523546415519075e-08,0.3164292397347623,0.01996642680182485,5.358569530412896e-06
ymlfiles\Case_403_H2_T8p5_dir0_heavequadhigh_pitchquadhigh_rollquadhigh.yml,2,8.5,6.5891,0,quadhigh,quadhigh,quadhigh,1.0,4.0,100,1300.0,150,1300,0.41212789247627596,1.285934416958498,0.0003888304473497719,-0.10590026972311135,0.5784125534618794,-0.0022870089320718256,1.460201140093179,5.512972462827502,-0.0008081641973273987,-0.004423504690257855,6.533331051275009e-07,3.50555326874205e-08,0.32517278492592566,0.02047145768588108,5.846340881576761e-06
ymlfiles\Case_404_H2_T8p5_dir0_heaveDOFbest_pitchDOFbest_rollDOFbest.yml,2,8.5,6.5891,0,DOFbest,DOFbest,DOFbest,3.3,2.4,233,304.5,248,640,0.4084224412600373,1.2610591723196112,0.0003688954545329694,-0.10638052895829588,0.5790743087824386,-0.0023044484862803608,1.4454037064109082,5.420600278180462,-0.0009016352509939509,-0.004333375760671941,6.900995919779486e-07,3.459521956192351e-08,0.3217701414938423,0.02017136027726629,5.4277096356598396e-06
ymlfiles\Case_405_H2_T8p5_dir45_heavelow_pitchlow_rolllow.yml,2,8.5,6.5891,45,low,low,low,1.0,1.0,100,300.0,150,200,0.4595316518626778,1.3538390879768654,2.233468146061401,-0.12585928738220453,0.6101924708996227,-0.050640558868266135,1.621785818672147,5.758746907500144,8.437084724068121,-0.0017934168163740278,2.858987167247812e-06,1.3735773381081908e-05,0.36636409287007826,0.01915222947694123,0.03114341974537342
ymlfiles\Case_406_H2_T8p5_dir45_heavelinhigh_pitchlinhigh_rolllinhigh.yml,2,8.5,6.5891,45,linhigh,linhigh,linhigh,6.5,1.0,300,300.0,325,200,0.44634549561273223,1.2624519296059056,2.071898373218672,-0.12796045492142208,0.6146787070706335,-0.053539080602519565,1.568940296011498,5.418322992996192,7.824154329880846,-0.0015249535104342909,-2.024307475701036e-07,9.916894520027777e-06,0.35414277143063716,0.01792697437642774,0.02905292696010516
ymlfiles\Case_407_H2_T8p5_dir45_heavequadhigh_pitchquadhigh_rollquadhigh.yml,2,8.5,6.5891,45,quadhigh,quadhigh,quadhigh,1.0,4.0,100,1300.0,150,1300,0.4559920888946262,1.3360621656331375,2.1930095174973157,-0.12682282937574002,0.6117474495184868,-0.05156255662792252,1.607360962591513,5.6929519903262245,8.281987732178726,-0.0017335917417647412,1.9522328134826957e-06,1.2799098320251255e-05,0.363092503360427,0.018914858991631162,0.03062058016133364
ymlfiles\Case_408_H2_T8p5_dir45_heaveDOFbest_pitchDOFbest_rollDOFbest.yml,2,8.5,6.5891,45,DOFbest,DOFbest,DOFbest,3.3,2.4,233,304.5,248,640,0.4524547738902319,1.2951458003703697,2.12379769391754,-0.12718057318569556,0.612909785600483,-0.05225740400923197,1.5932918976978303,5.539483029625851,8.020733451718094,-0.0016120889853532732,6.840962904808911e-07,1.1067224256729024e-05,0.35977249056544636,0.018364214322204597,0.029724576393626537
ymlfiles\Case_409_H2_T8p5_dir90_heavelow_pitchlow_rolllow.yml,2,8.5,6.5891,90,low,low,low,1.0,1.0,100,300.0,150,200,0.4428571745354282,1.0406638733216598,1.890314646028304,-0.1363504412247347,0.6344561746508974,-0.013134262953236272,1.5474556785662672,4.600056042618366,7.153449414090823,-0.0022482410339503306,-4.18335530686436e-05,-4.38901581919567e-05,0.3484826322109661,0.015286209395992562,0.025315629227003943
ymlfiles\Case_410_H2_T8p5_dir90_heavelinhigh_pitchlinhigh_rolllinhigh.yml,2,8.5,6.5891,90,linhigh,linhigh,linhigh,6.5,1.0,300,300.0,325,200,0.43019622432373844,0.9586278721253105,1.7505337322545833,-0.13755473024134526,0.6369091083629449,-0.014798811574481726,1.4972049190795194,4.292012354729439,6.624641585910862,-0.002031074370785121,-3.923953309196738e-05,-4.247422464048667e-05,0.3367775739491447,0.014178289666515064,0.02348862772738593
ymlfiles\Case_411_H2_T8p5_dir90_heavequadhigh_pitchquadhigh_rollquadhigh.yml,2,8.5,6.5891,90,quadhigh,quadhigh,quadhigh,1.0,4.0,100,1300.0,150,1300,0.43960553637786776,1.0263477108372083,1.8617428895565826,-0.1369640040897717,0.6352492725310219,-0.01379607663081865,1.5343108623135147,4.546673867336975,7.04410322159752,-0.002207673575371675,-4.117844396050306e-05,-4.3616357168411414e-05,0.3454933821811576,0.015094161695430042,0.024943956663762465
ymlfiles\Case_412_H2_T8p5_dir90_heaveDOFbest_pitchDOFbest_rollDOFbest.yml,2,8.5,6.5891,90,DOFbest,DOFbest,DOFbest,3.3,2.4,233,304.5,248,640,0.4360959819039352,0.9894753472083032,1.794812784498981,-0.137064824496381,0.6357853445212794,-0.014051808810682475,1.520533338298461,4.407235248189017,6.790831060738202,-0.0020972264061226505,-4.0212975991490873e-05,-4.31143787621931e-05,0.34220600187655736,0.014593979392199355,0.024066383327790652
ymlfiles\Case_413_H2_T8p5_dir135_heavelow_pitchlow_rolllow.yml,2,8.5,6.5891,135,low,low,low,1.0,1.0,100,300.0,150,200,0.43856291648420753,1.4077269084470885,1.1807905103527967,-0.15355846549817675,0.671385585550098,0.029108947580334332,1.513922409999537,6.026770814460444,4.505506070471238,-0.0012923827873415191,-7.315083348716462e-05,-1.614047840301808e-05,0.3424503688947698,0.01993503274165813,0.0155862800898688
ymlfiles\Case_414_H2_T8p5_dir135_heavelinhigh_pitchlinhigh_rolllinhigh.yml,2,8.5,6.5891,135,linhigh,linhigh,linhigh,6.5,1.0,300,300.0,325,200,0.4263349399349889,1.3273264072456261,1.0889847254723524,-0.15408888426585252,0.6736510871100544,0.02695542255073368,1.4662438661735449,5.723923661326697,4.154879650472958,-0.0011860449597756344,-6.915582868999259e-05,-1.025781648576761e-05,0.33105954331596604,0.018803975312378325,0.014393332268497825
ymlfiles\Case_415_H2_T8p5_dir135_heavequadhigh_pitchquadhigh_rollquadhigh.yml,2,8.5,6.5891,135,quadhigh,quadhigh,quadhigh,1.0,4.0,100,1300.0,150,1300,0.4354445657396398,1.3924505440427888,1.1692294288364504,-0.15391847817256935,0.6720385314325764,0.028303438428817662,1.5015394974454026,5.970098417188317,4.46087230255279,-0.0012752615062958511,-7.273375142852713e-05,-1.5070254275732985e-05,0.3395518833740375,0.019718594574436813,0.015438706287038471
ymlfiles\Case_416_H2_T8p5_dir135_heaveDOFbest_pitchDOFbest_rollDOFbest.yml,2,8.5,6.5891,135,DOFbest,DOFbest,DOFbest,3.3,2.4,233,304.5,248,640,0.43206136868520806,1.354786787208526,1.1177007768107243,-0.15399645805506942,0.6728636668165116,0.027774522524754652,1.4885146062451113,5.8268499300635,4.264550308487435,-0.0012183147115543032,-7.048694270375881e-05,-1.2263593615643871e-05,0.3363738159247908,0.0191915013995349,0.014764524342653233
ymlfiles\Case_417_H2_T8p5_dir180_heavelow_pitchlow_rolllow.yml,2,8.5,6.5891,180,low,low,low,1.0,1.0,100,300.0,150,200,0.4692535385493496,3.1180349513512464,0.00035117775570494544,-0.15727985582606177,0.638469758931776,-0.002352915511848518,1.6279618479502462,12.519585945315034,-0.00101477365876207,-0.0026773061936217297,-6.958340308013911e-07,7.885055253482458e-08,0.3720419165111274,0.0454352309270878,5.158109106805451e-06
ymlfiles\Case_418_H2_T8p5_dir180_heavelinhigh_pitchlinhigh_rolllinhigh.yml,2,8.5,6.5891,180,linhigh,linhigh,linhigh,6.5,1.0,300,300.0,325,200,0.4557370431185944,2.9385446669011213,0.0003016912324989269,-0.15702232136172062,0.6422942454396737,-0.0023517323303803,1.5761892856377975,11.840541983662652,-0.0012018238292897502,-0.00235642631469107,-5.046037050014907e-07,7.124512504475744e-08,0.3590914330144582,0.042970034883484214,4.381418016833598e-06
ymlfiles\Case_419_H2_T8p5_dir180_heavequadhigh_pitchquadhigh_rollquadhigh.yml,2,8.5,6.5891,180,quadhigh,quadhigh,quadhigh,1.0,4.0,100,1300.0,150,1300,0.46567177314402036,3.039420043353892,0.0003622361096436688,-0.15720152387006914,0.6404258382934952,-0.002353421615800353,1.6142372268821488,12.223105672724584,-0.0009730088674923885,-0.0025394353549644546,-6.429744525997245e-07,7.948162892201978e-08,0.3684793918766908,0.04435412511687724,5.320033610993111e-06
ymlfiles\Case_420_H2_T8p5_dir180_heaveDOFbest_pitchDOFbest_rollDOFbest.yml,2,8.5,6.5891,180,DOFbest,DOFbest,DOFbest,3.3,2.4,233,304.5,248,640,0.4620271427699018,2.9840397409967476,0.0003191613923479237,-0.1570682603377417,0.641481026093801,-0.0023525148453442204,1.6002431260953778,12.013102038621607,-0.0011358407216449805,-0.0024382687567507913,-5.64097476929447e-07,7.23835623505106e-08,0.3649782427813186,0.04359608577093968,4.639021942196039e-06
ymlfiles\Case_421_H2_T9_dir0_heavelow_pitchlow_rolllow.yml,2,9.0,6.9767,0,low,low,low,1.0,1.0,100,300.0,150,200,0.4242887775064544,1.3040189768090482,0.0003919346164546693,-0.10665807876285241,0.5771771265070282,-0.0022960855374847496,1.5013616948663446,5.563209706778835,-0.0008066963982493475,-0.005099965679229571,-8.961642120083971e-07,3.897005488543689e-08,0.3218574086584536,0.01972609521717701,5.807212311076003e-06
ymlfiles\Case_422_H2_T9_dir0_heavelinhigh_pitchlinhigh_rolllinhigh.yml,2,9.0,6.9767,0,linhigh,linhigh,linhigh,6.5,1.0,300,300.0,325,200,0.41302500586426016,1.255018028839827,0.00036357891671471643,-0.10874335483144985,0.5798283367354828,-0.0022955816845943978,1.4560058663472448,5.381755052049946,-0.0009140888897613126,-0.004918744927889623,-7.567603493700644e-07,3.5749810773882505e-08,0.31165860796823797,0.019130223506990476,5.649186627665013e-06
ymlfiles\Case_423_H2_T9_dir0_heavequadhigh_pitchquadhigh_rollquadhigh.yml,2,9.0,6.9767,0,quadhigh,quadhigh,quadhigh,1.0,4.0,100,1300.0,150,1300,0.42167204516269513,1.295244072453651,0.00039187902671469055,-0.10735639432863722,0.5782046409372207,-0.0022998067035468707,1.4905768208593415,5.530912253513685,-0.0008115409197961717,-0.005070851969460991,-8.656350268347537e-07,4.020307006018076e-08,0.31949305534919265,0.019620084820287195,5.779427818134097e-06
ymlfiles\Case_424_H2_T9_dir0_heaveDOFbest_pitchDOFbest_rollDOFbest.yml,2,9.0,6.9767,0,DOFbest,DOFbest,DOFbest,3.3,2.4,233,304.5,248,640,0.4183411247219542,1.271452079581733,0.00036633603535396225,-0.10779386441400213,0.5786620311461359,-0.0023010715976041173,1.47726422996077,5.442377701084234,-0.0009086091353395635,-0.004973812775458542,-8.133737401145585e-07,3.8512256990731554e-08,0.31645695222224046,0.019329913870912707,5.38980553582077e-06
ymlfiles\Case_425_H2_T9_dir45_heavelow_pitchlow_rolllow.yml,2,9.0,6.9767,45,low,low,low,1.0,1.0,100,300.0,150,200,0.46547068075488,1.2804338806832845,2.1723506994113335,-0.12240431609531598,0.602334005615341,-0.072518281868377,1.6429871363401516,5.465137830439521,8.166068736670237,-0.0031189149191529217,-2.4789153913140946e-05,-1.787776471961053e-06,0.3569394608128043,0.017659500454125336,0.029466052108951653
ymlfiles\Case_426_H2_T9_dir45_heavelinhigh_pitchlinhigh_rolllinhigh.yml,2,9.0,6.9767,45,linhigh,linhigh,linhigh,6.5,1.0,300,300.0,325,200,0.4536071999781144,1.2022123530624047,2.021980770131528,-0.12389980145898327,0.6052816533608861,-0.07281851708107613,1.595867494630692,5.172416918342269,7.5998843886046386,-0.0027414460567917348,-2.6298244766657502e-05,-4.315861035515189e-06,0.34591742574152406,0.0166187472543403,0.027546048551425378
ymlfiles\Case_427_H2_T9_dir45_heavequadhigh_pitchquadhigh_rollquadhigh.yml,2,9.0,6.9767,45,quadhigh,quadhigh,quadhigh,1.0,4.0,100,1300.0,150,1300,0.4623351747281498,1.2663149800548699,2.1368112448043006,-0.12307532740337253,0.6033063003810001,-0.07288980681414955,1.6302404900218381,5.412243315710622,8.030914697349235,-0.0030380531668039615,-2.519900661114664e-05,-2.3355677752341858e-06,0.35402181309778447,0.017472934072911613,0.029012930933885798
ymlfiles\Case_428_H2_T9_dir45_heaveDOFbest_pitchDOFbest_rollDOFbest.yml,2,9.0,6.9767,45,DOFbest,DOFbest,DOFbest,3.3,2.4,233,304.5,248,640,0.45912598598519766,1.2308167645643457,2.0701923881540982,-0.12325964705328024,0.6039295915734395,-0.07284283146162009,1.6177033334392448,5.279493041924043,7.77995405845322,-0.0028647185182431706,-2.581768152795229e-05,-3.530413186076591e-06,0.3510025082235774,0.01699736073693384,0.02816090582920956
ymlfiles\Case_429_H2_T9_dir90_heavelow_pitchlow_rolllow.yml,2,9.0,6.9767,90,low,low,low,1.0,1.0,100,300.0,150,200,0.4507249458999922,0.9556752023898983,1.874648103153753,-0.13149573746889753,0.633107026215542,-0.023209240563293054,1.5777031559932388,4.2709607567485195,7.074635465041857,-0.0034917192019916134,-4.761064160124931e-05,-4.268087791946332e-05,0.34078017259677984,0.01388162287686993,0.024357135421874437
ymlfiles\Case_430_H2_T9_dir90_heavelinhigh_pitchlinhigh_rolllinhigh.yml,2,9.0,6.9767,90,linhigh,linhigh,linhigh,6.5,1.0,300,300.0,325,200,0.43927306914898484,0.8848699932849357,1.7444554106127097,-0.13254186992211586,0.6342831502479168,-0.02440981842226028,1.5327048098723566,4.003779024370626,6.580842521876155,-0.0031569360742998245,-4.4485439382756285e-05,-4.0871745036982075e-05,0.33021357681806696,0.012928856554949757,0.022680143921397927
ymlfiles\Case_431_H2_T9_dir90_heavequadhigh_pitchquadhigh_rollquadhigh.yml,2,9.0,6.9767,90,quadhigh,quadhigh,quadhigh,1.0,4.0,100,1300.0,150,1300,0.4478197214593704,0.9445163160116904,1.8486770782974766,-0.13192155356185628,0.6334336036262314,-0.023842341677624435,1.566171312077202,4.228987311055358,6.9756701484225765,-0.0034289862154514763,-4.682614013337683e-05,-4.238137539613048e-05,0.3381072816448179,0.013732352212038614,0.024024271654561766
ymlfiles\Case_432_H2_T9_dir90_heaveDOFbest_pitchDOFbest_rollDOFbest.yml,2,9.0,6.9767,90,DOFbest,DOFbest,DOFbest,3.3,2.4,233,304.5,248,640,0.4446112105013012,0.9118576066960093,1.7855808510807216,-0.13209773600149619,0.6336995714901228,-0.02397626107397071,1.5536516112722545,4.1056164732169815,6.73663080185795,-0.0032587243366857988,-4.566744070622906e-05,-4.162028001332633e-05,0.3351109613920426,0.013290848146431746,0.023207956222558602
ymlfiles\Case_433_H2_T9_dir135_heavelow_pitchlow_rolllow.yml,2,9.0,6.9767,135,low,low,low,1.0,1.0,100,300.0,150,200,0.44760256872689647,1.3166719345608573,1.1769713248186353,-0.15416471893569408,0.6719892297653259,0.026213076305266068,1.5430134125500958,5.672429994402064,4.478862736063401,-0.0019994680176265993,-7.176792038440606e-05,-2.6789168478409904e-05,0.3356645269273676,0.01827469589948486,0.015048273465494855
ymlfiles\Case_434_H2_T9_dir135_heavelinhigh_pitchlinhigh_rolllinhigh.yml,2,9.0,6.9767,135,linhigh,linhigh,linhigh,6.5,1.0,300,300.0,325,200,0.4365977138647834,1.249797218394137,1.0899298937084698,-0.15457679122297482,0.6738591809225218,0.024174267407113398,1.4999132256187417,5.419100215793734,4.147758642729061,-0.0018523443808585343,-6.86849074160077e-05,-2.033615548144532e-05,0.3254149009378069,0.017322977118200227,0.013935959646159075
ymlfiles\Case_435_H2_T9_dir135_heavequadhigh_pitchquadhigh_rollquadhigh.yml,2,9.0,6.9767,135,quadhigh,quadhigh,quadhigh,1.0,4.0,100,1300.0,150,1300,0.4448444166788006,1.30490939818216,1.1658133561330102,-0.1544814179746243,0.6725789825751439,0.02541899297262929,1.5320612426381326,5.628348128671476,4.435856472685259,-0.001982434524437601,-7.137593238557498e-05,-2.5706394499052844e-05,0.3330925676038384,0.018105742818621536,0.014908716020265545
ymlfiles\Case_436_H2_T9_dir135_heaveDOFbest_pitchDOFbest_rollDOFbest.yml,2,9.0,6.9767,135,DOFbest,DOFbest,DOFbest,3.3,2.4,233,304.5,248,640,0.44177937165986353,1.2729947658401108,1.1175063648747834,-0.15450054076001268,0.6732514599253068,0.024955430756400068,1.5201568383885058,5.507065832259075,4.252640702616364,-0.0018964899297295391,-6.979149418330885e-05,-2.2612108318598702e-05,0.33021218903628735,0.017654669383766183,0.0142854316343109
ymlfiles\Case_437_H2_T9_dir180_heavelow_pitchlow_rolllow.yml,2,9.0,6.9767,180,low,low,low,1.0,1.0,100,300.0,150,200,0.47511669145716035,2.8861113383373866,0.00031142269791112554,-0.15698650920171156,0.6337769645743302,-0.0023493902677332017,1.6452718232833732,11.613446726037312,-0.0011637674480852059,-0.0033345772523180827,-2.2532453355611713e-06,7.765907313899443e-08,0.3616674046225398,0.04139769044496277,4.4684290373703775e-06
ymlfiles\Case_438_H2_T9_dir180_heavelinhigh_pitchlinhigh_rolllinhigh.yml,2,9.0,6.9767,180,linhigh,linhigh,linhigh,6.5,1.0,300,300.0,325,200,0.46285106798651454,2.730721102672948,0.00029605820058282404,-0.15672004267632098,0.6382479311678793,-0.0023500435293406677,1.5985521991341334,11.028314302354012,-0.0012229151571656483,-0.0030201799592859987,-2.1922850791485327e-06,7.459429099614777e-08,0.34995574243144445,0.03926072994195478,4.195210079752507e-06
ymlfiles\Case_439_H2_T9_dir180_heavequadhigh_pitchquadhigh_rollquadhigh.yml,2,9.0,6.9767,180,quadhigh,quadhigh,quadhigh,1.0,4.0,100,1300.0,150,1300,0.4718946988558169,2.823623835439999,0.00036190734814080445,-0.15685097320069114,0.6356147160727353,-0.0023491638873108776,1.6331853870460218,11.379698146404811,-0.0009718837707809718,-0.003212273038149113,-2.215326283299338e-06,7.765413642109962e-08,0.35849825263639695,0.04053504600104624,5.117675029253664e-06
ymlfiles\Case_440_H2_T9_dir180_heaveDOFbest_pitchDOFbest_rollDOFbest.yml,2,9.0,6.9767,180,DOFbest,DOFbest,DOFbest,3.3,2.4,233,304.5,248,640,0.46856041251435987,2.7723105136940256,0.0003231871587715481,-0.15673369240089208,0.6369517413655934,-0.0023512827539891664,1.6204691127169304,11.187352860402012,-0.0011208712488968192,-0.0031049774967878267,-2.1979080553310436e-06,7.482637879498822e-08,0.3552966588218159,0.039832415759674326,4.604276913951386e-06
ymlfiles\Case_441_H2_T9p5_dir0_heavelow_pitchlow_rolllow.yml,2,9.5,7.3643,0,low,low,low,1.0,1.0,100,300.0,150,200,0.4300870540623667,1.2626187498773576,0.0003776805927739799,-0.10724062870003029,0.5753922246255393,-0.0023036411054795734,1.5188379637932432,5.391580485171672,-0.0008699758230693404,-0.005338883808606517,-7.291827384609386e-07,4.0313639483145846e-08,0.31418520110674425,0.018480889941507424,5.707440762403348e-06
ymlfiles\Case_442_H2_T9p5_dir0_heavelinhigh_pitchlinhigh_rolllinhigh.yml,2,9.5,7.3643,0,linhigh,linhigh,linhigh,6.5,1.0,300,300.0,325,200,0.4199828002192677,1.2180503190655787,0.0003546282913723261,-0.10900800858969151,0.5771588853455325,-0.0023114330122838713,1.4782562726163202,5.226427900917826,-0.0009667393896161435,-0.005169153384204728,-6.603177061011962e-07,4.006735299377727e-08,0.3050105299706596,0.017931681808455717,5.2608354811090165e-06
ymlfiles\Case_443_H2_T9p5_dir0_heavequadhigh_pitchquadhigh_rollquadhigh.yml,2,9.5,7.3643,0,quadhigh,quadhigh,quadhigh,1.0,4.0,100,1300.0,150,1300,0.42779729143839623,1.2550317973665546,0.0003663326066404369,-0.10787345713726124,0.5761791786915552,-0.0022974525744595235,1.5093696331984128,5.364111184933809,-0.0009076584648437418,-0.00531215380663963,-7.079332775464881e-07,3.900117868729564e-08,0.3120978268142323,0.018388671737976512,5.537316029339695e-06
ymlfiles\Case_444_H2_T9p5_dir0_heaveDOFbest_pitchDOFbest_rollDOFbest.yml,2,9.5,7.3643,0,DOFbest,DOFbest,DOFbest,3.3,2.4,233,304.5,248,640,0.4247855903681495,1.2334472453443166,0.0003650950662639129,-0.1082606306755343,0.5764910583245976,-0.0022946023740843813,1.4975104659169132,5.282971915897026,-0.0009079282304779669,-0.005224460612362038,-6.970390267187467e-07,3.874661428266888e-08,0.30934857597100435,0.018121041776481977,5.591287054469834e-06
ymlfiles\Case_445_H2_T9p5_dir45_heavelow_pitchlow_rolllow.yml,2,9.5,7.3643,45,low,low,low,1.0,1.0,100,300.0,150,200,0.46761846196847,1.192687447379007,2.0437939600201465,-0.12021617417576969,0.5972268777155311,-0.08488317777920362,1.6485358362125921,5.1206048258675185,7.6557391726904385,-0.0036937836470810463,-4.4358548102252764e-05,-3.743854977321154e-06,0.3457131689161419,0.016176977174697214,0.02722306795172301
ymlfiles\Case_446_H2_T9p5_dir45_heavelinhigh_pitchlinhigh_rolllinhigh.yml,2,9.5,7.3643,45,linhigh,linhigh,linhigh,6.5,1.0,300,300.0,325,200,0.45691189902323204,1.1252797807418757,1.9118615005722157,-0.12128588909696521,0.5994644605825512,-0.08410871684217416,1.606117219945261,4.866302266295538,7.157600837273118,-0.003309504576259507,-4.511395308633185e-05,-6.606735736715885e-06,0.3357154693730552,0.015277438682206575,0.02554265694636336
ymlfiles\Case_447_H2_T9p5_dir45_heavequadhigh_pitchquadhigh_rollquadhigh.yml,2,9.5,7.3643,45,quadhigh,quadhigh,quadhigh,1.0,4.0,100,1300.0,150,1300,0.46485163821541325,1.1812213580902953,2.0145738559470265,-0.12073371156600317,0.5982714468336945,-0.08494033840229563,1.6373603883990957,5.077928385522364,7.5458308104086225,-0.003616596816869783,-4.459728809047017e-05,-4.176116768779337e-06,0.3431150584999843,0.016025934788589824,0.02685124170176228
ymlfiles\Case_448_H2_T9p5_dir45_heaveDOFbest_pitchDOFbest_rollDOFbest.yml,2,9.5,7.3643,45,DOFbest,DOFbest,DOFbest,3.3,2.4,233,304.5,248,640,0.46192031840314424,1.150105366377252,1.954001629796781,-0.12089759150482265,0.5986050539084831,-0.08433299854965728,1.6259207666097308,4.960492126432799,7.317389511407755,-0.0034376714129593726,-4.49972636717334e-05,-5.7375310571271956e-06,0.3403450114669204,0.015607308056325212,0.0260786874247662
ymlfiles\Case_449_H2_T9p5_dir90_heavelow_pitchlow_rolllow.yml,2,9.5,7.3643,90,low,low,low,1.0,1.0,100,300.0,150,200,0.4542801189461771,0.8737274491413066,1.7903415645783647,-0.12740202248810156,0.630381422155452,-0.029795931933033617,1.5906180707467783,3.954577090576791,6.736523647866069,-0.004222692644768237,-5.8919178354207606e-05,-3.555051052203034e-05,0.33081952415944094,0.012653843690402528,0.022697963436070518
ymlfiles\Case_450_H2_T9p5_dir90_heavelinhigh_pitchlinhigh_rolllinhigh.yml,2,9.5,7.3643,90,linhigh,linhigh,linhigh,6.5,1.0,300,300.0,325,200,0.4439493249347449,0.8120002431288474,1.6764060867353878,-0.12865167004578748,0.6314280183384414,-0.0310878595085141,1.5493721295812644,3.7216952961813847,6.306390695471737,-0.0038466836559570804,-5.503490227271721e-05,-3.4464800214480075e-05,0.32125573450074063,0.011816885203658593,0.02124245854032655
ymlfiles\Case_451_H2_T9p5_dir90_heavequadhigh_pitchquadhigh_rollquadhigh.yml,2,9.5,7.3643,90,quadhigh,quadhigh,quadhigh,1.0,4.0,100,1300.0,150,1300,0.4516991126302162,0.8647709234445613,1.7689275742036856,-0.1278971690270403,0.6306574396091728,-0.030588236451967826,1.5800805544454097,3.9209405617353945,6.654429728277262,-0.0041571487526841965,-5.809066782149242e-05,-3.536371319175953e-05,0.32842870240199656,0.01253329855683287,0.02242653505858046
ymlfiles\Case_452_H2_T9p5_dir90_heaveDOFbest_pitchDOFbest_rollDOFbest.yml,2,9.5,7.3643,90,DOFbest,DOFbest,DOFbest,3.3,2.4,233,304.5,248,640,0.44879835248515687,0.8356418136576047,1.7125380440215012,-0.12825049057498758,0.6310055318914024,-0.030598220248857277,1.5684763097741155,3.810931597235334,6.441683359061475,-0.003964056394630956,-5.647083649106063e-05,-3.4996871480313615e-05,0.32571102081073505,0.012136793021421921,0.021701678427441397
ymlfiles\Case_453_H2_T9p5_dir135_heavelow_pitchlow_rolllow.yml,2,9.5,7.3643,135,low,low,low,1.0,1.0,100,300.0,150,200,0.45322205279601735,1.2156725933756554,1.120983855585344,-0.15406975947950113,0.6733404667133511,0.025073090837806712,1.5597585194649644,5.284407584300565,4.259074137891391,-0.002465961492089322,-6.768809377922875e-05,-2.43114225824385e-05,0.3273530002308879,0.016660635083908724,0.013955475902965546
ymlfiles\Case_454_H2_T9p5_dir135_heavelinhigh_pitchlinhigh_rolllinhigh.yml,2,9.5,7.3643,135,linhigh,linhigh,linhigh,6.5,1.0,300,300.0,325,200,0.44317900121410103,1.1589184630400793,1.0458946677364047,-0.15439299639416393,0.6746823511355267,0.023450047778259812,1.5207169888195473,5.069098361763312,3.9742781846034476,-0.0022982309486166393,-6.565054341191902e-05,-1.9180066947098014e-05,0.31796395742182726,0.015835090227817376,0.013006274530526987
ymlfiles\Case_455_H2_T9p5_dir135_heavequadhigh_pitchquadhigh_rollquadhigh.yml,2,9.5,7.3643,135,quadhigh,quadhigh,quadhigh,1.0,4.0,100,1300.0,150,1300,0.45073851476648086,1.2065959521224752,1.1117901746369778,-0.1542698872935496,0.6736464256874201,0.024425262099816016,1.5499796336544442,5.250046409908223,4.223701406945659,-0.002449422995115987,-6.733826271578283e-05,-2.3459577115151637e-05,0.3250241924339264,0.01652621670472061,0.013842848359781888
ymlfiles\Case_456_H2_T9p5_dir135_heaveDOFbest_pitchDOFbest_rollDOFbest.yml,2,9.5,7.3643,135,DOFbest,DOFbest,DOFbest,3.3,2.4,233,304.5,248,640,0.4479063189556859,1.1789897899294175,1.0699499488292896,-0.1542661099905565,0.6741214274651945,0.02406325751294487,1.5389926735036379,5.144879143454783,4.06553335219203,-0.0023498805795445924,-6.646804118372238e-05,-2.1066310237726653e-05,0.32235551951247104,0.016128038659218767,0.01330666082315465
ymlfiles\Case_457_H2_T9p5_dir180_heavelow_pitchlow_rolllow.yml,2,9.5,7.3643,180,low,low,low,1.0,1.0,100,300.0,150,200,0.47822780965697803,2.641539746116279,0.0002968977847517844,-0.15610077790243385,0.6337270450870781,-0.002350062897067638,1.6533705071182816,10.676253672831264,-0.001220425560366429,-0.0032943641059694417,3.0601373165182092e-06,7.460283626660412e-08,0.3504270395924203,0.037621270049769916,4.209648499174153e-06
ymlfiles\Case_458_H2_T9p5_dir180_heavelinhigh_pitchlinhigh_rolllinhigh.yml,2,9.5,7.3643,180,linhigh,linhigh,linhigh,6.5,1.0,300,300.0,325,200,0.46704498920292836,2.505654458737713,0.00028083344996154803,-0.155923065771585,0.6378680974401447,-0.002350963908134404,1.6106575143794313,10.165226421489493,-0.0012829794958152695,-0.003035894448501427,2.737703460827669e-06,6.960518666199206e-08,0.3397387564167643,0.03573203078496233,3.941830632666498e-06
ymlfiles\Case_459_H2_T9p5_dir180_heavequadhigh_pitchquadhigh_rollquadhigh.yml,2,9.5,7.3643,180,quadhigh,quadhigh,quadhigh,1.0,4.0,100,1300.0,150,1300,0.4753267147709981,2.5911379900687317,0.00031915664418354653,-0.15600192908168223,0.6353282651520707,-0.0023507214248864893,1.6424924788413453,10.485743134019641,-0.00113657309734286,-0.003202336893435457,2.976008527829154e-06,7.223030926777283e-08,0.3475856281720927,0.03691851203719665,4.483637951855407e-06
ymlfiles\Case_460_H2_T9p5_dir180_heaveDOFbest_pitchDOFbest_rollDOFbest.yml,2,9.5,7.3643,180,DOFbest,DOFbest,DOFbest,3.3,2.4,233,304.5,248,640,0.47225907846679194,2.543618276360369,0.00028689555377320525,-0.15592059123973934,0.6365758595315645,-0.0023508714575502807,1.6308718614407698,10.307313979866814,-0.0012595064002673398,-0.003109884266478723,2.83893956055682e-06,7.108788927069258e-08,0.344631735240551,0.03625993662837964,4.043240407616238e-06
ymlfiles\Case_461_H2_T10_dir0_heavelow_pitchlow_rolllow.yml,2,10.0,7.7519,0,low,low,low,1.0,1.0,100,300.0,150,200,0.4334603884209792,1.1971106709774022,0.000359735354327459,-0.1039877901985018,0.5675897522001885,-0.002296837628216281,1.5306181398927048,5.1288756148512835,-0.0009296011153293133,-0.005271500621220314,3.2799567476575486e-06,3.538954852948376e-08,0.3066385099243427,0.017113045984563462,5.609785889613995e-06
ymlfiles\Case_462_H2_T10_dir0_heavelinhigh_pitchlinhigh_rolllinhigh.yml,2,10.0,7.7519,0,linhigh,linhigh,linhigh,6.5,1.0,300,300.0,325,200,0.4241396955680683,1.1565031900355585,0.0003369640825523861,-0.1054621892878856,0.5685814661005516,-0.002312142610147341,1.492886337892983,4.97684771539482,-0.0010317182854470556,-0.005128909889541147,3.1816306301474935e-06,3.812925701539924e-08,0.2979928058144014,0.016604071528678214,5.292127934314504e-06
ymlfiles\Case_463_H2_T10_dir0_heavequadhigh_pitchquadhigh_rollquadhigh.yml,2,10.0,7.7519,0,quadhigh,quadhigh,quadhigh,1.0,4.0,100,1300.0,150,1300,0.4313957787214636,1.1905883473142802,0.0003785082066880859,-0.10458403356546184,0.5682392349204909,-0.002299966654160037,1.5221426237011242,5.104673441465352,-0.000861606543198188,-0.005250028182449825,3.2636921195614423e-06,3.477181553282298e-08,0.30472036238278294,0.017033300552839872,5.946242556431222e-06
ymlfiles\Case_464_H2_T10_dir0_heaveDOFbest_pitchDOFbest_rollDOFbest.yml,2,10.0,7.7519,0,DOFbest,DOFbest,DOFbest,3.3,2.4,233,304.5,248,640,0.428576219314148,1.170821792026882,0.0003284725655398589,-0.10502161303952569,0.5685236195491261,-0.002293897808582211,1.5108868966250935,5.029642392549228,-0.0010451094482650635,-0.005176561933868424,3.208997837232505e-06,3.4855858106188324e-08,0.30208626147791245,0.016784257846840366,5.1743138020858074e-06
ymlfiles\Case_465_H2_T10_dir45_heavelow_pitchlow_rolllow.yml,2,10.0,7.7519,45,low,low,low,1.0,1.0,100,300.0,150,200,0.4669942209200518,1.1162396136299746,1.8923600979743116,-0.1157493708150826,0.5869398206921634,-0.09366191622568448,1.6458541209829183,4.819769172563974,7.075057321665866,-0.0037024585204039435,-4.80864019724421e-05,-1.47271782655223e-05,0.33432866596927285,0.01499342864911118,0.024967773109267587
ymlfiles\Case_466_H2_T10_dir45_heavelinhigh_pitchlinhigh_rolllinhigh.yml,2,10.0,7.7519,45,linhigh,linhigh,linhigh,6.5,1.0,300,300.0,325,200,0.4571301290478515,1.0546268065252073,1.7783684675422633,-0.11667955940677621,0.588391498019841,-0.09227637982729227,1.6066879120770148,4.587372411839684,6.646050358885898,-0.003376127984911458,-4.93121833234539e-05,-1.6383975086264477e-05,0.32493926690494845,0.014160432718871074,0.023499804501273605
ymlfiles\Case_467_H2_T10_dir45_heavequadhigh_pitchquadhigh_rollquadhigh.yml,2,10.0,7.7519,45,quadhigh,quadhigh,quadhigh,1.0,4.0,100,1300.0,150,1300,0.46452276878506454,1.106153482578056,1.8685684603450181,-0.11627907996262345,0.5877462767552811,-0.09364603184675427,1.635800824412169,4.782328579299976,6.9853222385354625,-0.0036376929254118054,-4.836309449681743e-05,-1.4914924585481203e-05,0.33197829191698097,0.014860188789685513,0.024663455703423116
ymlfiles\Case_468_H2_T10_dir45_heaveDOFbest_pitchDOFbest_rollDOFbest.yml,2,10.0,7.7519,45,DOFbest,DOFbest,DOFbest,3.3,2.4,233,304.5,248,640,0.4617804210897364,1.077318902762486,1.8146543698764575,-0.11640690191670956,0.5879148356286622,-0.09270420943933827,1.6251295596071549,4.67315515254419,6.781646874893196,-0.0034866861558322756,-4.900927519162637e-05,-1.5838952325410045e-05,0.32932965803665454,0.0144665529504954,0.0239669526426392
ymlfiles\Case_469_H2_T10_dir90_heavelow_pitchlow_rolllow.yml,2,10.0,7.7519,90,low,low,low,1.0,1.0,100,300.0,150,200,0.4546168322850419,0.8084084836156638,1.6836411638134423,-0.12060366743503546,0.6202213922016531,-0.03737178034424889,1.593521752205556,3.6970134137594837,6.317939720207913,-0.004413744270225578,-6.180150163627488e-05,-3.766891368334757e-05,0.32040705593288354,0.011709006958664891,0.02096803638793192
ymlfiles\Case_470_H2_T10_dir90_heavelinhigh_pitchlinhigh_rolllinhigh.yml,2,10.0,7.7519,90,linhigh,linhigh,linhigh,6.5,1.0,300,300.0,325,200,0.4451016897704469,0.7513644410935493,1.58487230721676,-0.12177544148162094,0.6212032782466324,-0.03917263006245283,1.5557598230166956,3.480461995598618,5.944662865227319,-0.004064866251712803,-5.8062294933147804e-05,-3.6058050215373085e-05,0.3114416153287807,0.01092381220037277,0.019700146557069618
ymlfiles\Case_471_H2_T10_dir90_heavequadhigh_pitchquadhigh_rollquadhigh.yml,2,10.0,7.7519,90,quadhigh,quadhigh,quadhigh,1.0,4.0,100,1300.0,150,1300,0.4523015658740836,0.8005676305803102,1.6657971102502802,-0.12102024655316673,0.6204754891457519,-0.03812116377953807,1.5842771287070943,3.6674253275123765,6.249477878732846,-0.004353977760436843,-6.096957357518627e-05,-3.741474379780101e-05,0.318233884949402,0.011602037802542242,0.020741657923629975
ymlfiles\Case_472_H2_T10_dir90_heaveDOFbest_pitchDOFbest_rollDOFbest.yml,2,10.0,7.7519,90,DOFbest,DOFbest,DOFbest,3.3,2.4,233,304.5,248,640,0.4495922927495201,0.7732407787288093,1.6164646191964163,-0.12130368285554292,0.6207828815448256,-0.03826927281823774,1.5735484879297077,3.563727082346959,6.064157629316841,-0.004176443055122602,-5.943147598706322e-05,-3.670497999941357e-05,0.3156478927269666,0.011225244680664864,0.02010241175423836
ymlfiles\Case_473_H2_T10_dir135_heavelow_pitchlow_rolllow.yml,2,10.0,7.7519,135,low,low,low,1.0,1.0,100,300.0,150,200,0.45535827606394064,1.126338673022329,1.051291532524187,-0.15374412952127897,0.6728705585311341,0.02566142284316357,1.5635699235887341,4.946911523847787,3.9910872435870948,-0.0026499087776813046,-6.661546072540462e-05,-2.3272836449310972e-05,0.31830276091621357,0.015324040404846424,0.012848365340612695
ymlfiles\Case_474_H2_T10_dir135_heavelinhigh_pitchlinhigh_rolllinhigh.yml,2,10.0,7.7519,135,linhigh,linhigh,linhigh,6.5,1.0,300,300.0,325,200,0.4460261569991018,1.0742257183331316,0.9865631878464662,-0.15398449065877037,0.6739693969565131,0.024551416291691233,1.5269714927281306,4.748557564537204,3.745180087868037,-0.0024904487318346174,-6.522528126385121e-05,-1.8832011701792708e-05,0.30939519467002996,0.014551441680859254,0.012029017243375328
ymlfiles\Case_475_H2_T10_dir135_heavequadhigh_pitchquadhigh_rollquadhigh.yml,2,10.0,7.7519,135,quadhigh,quadhigh,quadhigh,1.0,4.0,100,1300.0,150,1300,0.45311144971411454,1.1185314006360136,1.0435925567450715,-0.15386108133326895,0.6730571146715565,0.02528299775672686,1.554785150402181,4.917031392476672,3.961668617563736,-0.002634971544328485,-6.631538357614659e-05,-2.2549116961601093e-05,0.3161662225112137,0.015205914787481453,0.012755020952975465
ymlfiles\Case_476_H2_T10_dir135_heaveDOFbest_pitchDOFbest_rollDOFbest.yml,2,10.0,7.7519,135,DOFbest,DOFbest,DOFbest,3.3,2.4,233,304.5,248,640,0.4504368625214346,1.0927086553347625,1.0074152819049043,-0.1538869282050952,0.6734996400046319,0.025096656549818564,1.5441838319462524,4.818410964238386,3.824369842323907,-0.0025407597180280143,-6.586282884087003e-05,-2.043284438913269e-05,0.3135853325276565,0.014827107774368837,0.01228845716774777
ymlfiles\Case_477_H2_T10_dir180_heavelow_pitchlow_rolllow.yml,2,10.0,7.7519,180,low,low,low,1.0,1.0,100,300.0,150,200,0.47906139233204603,2.428177855426463,0.0002827521430410472,-0.15498668051670092,0.6362657323248722,-0.0023509947001730926,1.6523434551425449,9.876964540101683,-0.0012745880199019352,-0.0029238372504359063,-3.7313383874547866e-06,6.624557141596436e-08,0.3397787422274496,0.034544086759267977,4.0055513285519875e-06
ymlfiles\Case_478_H2_T10_dir180_heavelinhigh_pitchlinhigh_rolllinhigh.yml,2,10.0,7.7519,180,linhigh,linhigh,linhigh,6.5,1.0,300,300.0,325,200,0.4686084864206285,2.3019761140425987,0.0002679444363207248,-0.15498855460688926,0.6402367183464299,-0.0023510793649164185,1.6120934304530643,9.400227092169374,-0.0013318026975790538,-0.0027215887170263433,-3.598970894540435e-06,6.163489854093564e-08,0.3295894350983549,0.032770426903877194,3.7496407004560365e-06
ymlfiles\Case_479_H2_T10_dir180_heavequadhigh_pitchquadhigh_rollquadhigh.yml,2,10.0,7.7519,180,quadhigh,quadhigh,quadhigh,1.0,4.0,100,1300.0,150,1300,0.4764104414234284,2.3848561889971096,0.000285773781403952,-0.1549873110222085,0.6379207310748748,-0.0023509564889323225,1.6422366652763531,9.713754156182128,-0.0012633163783529126,-0.002854220692239533,-3.6656221192685234e-06,6.4569604530921e-08,0.3371625316599575,0.03393729946340954,4.030780375437806e-06
ymlfiles\Case_480_H2_T10_dir180_heaveDOFbest_pitchDOFbest_rollDOFbest.yml,2,10.0,7.7519,180,DOFbest,DOFbest,DOFbest,3.3,2.4,233,304.5,248,640,0.4734917703827636,2.338664252017386,0.00027939473972404447,-0.15494559969202237,0.639026214363546,-0.002355260691405767,1.6311657296698499,9.539071125452553,-0.0012923205594427716,-0.0027813187624536363,-3.6329904914673793e-06,6.407119513114346e-08,0.33428285690436005,0.03328781558310521,3.9019374621053e-06
ymlfiles\Case_481_H2_T11_dir0_heavelow_pitchlow_rolllow.yml,2,11.0,8.5271,0,low,low,low,1.0,1.0,100,300.0,150,200,0.4425308991497637,1.0963117546859562,0.00035017345728182103,-0.10216994146913946,0.5563879890817465,-0.0023058613216953134,1.5584819731020332,4.72179536306065,-0.0009749937695526238,-0.005048230914150854,1.0833665188400193e-06,3.593515090091417e-08,0.2931136756295448,0.015094980727112487,5.678769129241002e-06
ymlfiles\Case_482_H2_T11_dir0_heavelinhigh_pitchlinhigh_rolllinhigh.yml,2,11.0,8.5271,0,linhigh,linhigh,linhigh,6.5,1.0,300,300.0,325,200,0.43473521695090817,1.057721480308266,0.00031601418739646265,-0.10319274986299426,0.5563746740030832,-0.0023091807184986136,1.5268780363033245,4.5775988029834975,-0.00110819948313872,-0.00493188732488447,1.0117548844283437e-06,3.3564400986135474e-08,0.285710877973875,0.014592137637925766,5.166123822814126e-06
ymlfiles\Case_483_H2_T11_dir0_heavequadhigh_pitchquadhigh_rollquadhigh.yml,2,11.0,8.5271,0,quadhigh,quadhigh,quadhigh,1.0,4.0,100,1300.0,150,1300,0.4409044781918824,1.0906261283555085,0.00035158681805143717,-0.10262294782512718,0.5568688828149627,-0.002309517059418825,1.5517196619034541,4.7017248065063475,-0.0009745045652257739,-0.005031420274364489,1.0866775000348243e-06,3.598604493227035e-08,0.29154327054924944,0.015023583353639958,5.572969285565733e-06
ymlfiles\Case_484_H2_T11_dir0_heaveDOFbest_pitchDOFbest_rollDOFbest.yml,2,11.0,8.5271,0,DOFbest,DOFbest,DOFbest,3.3,2.4,233,304.5,248,640,0.4384917633426439,1.0716705612503334,0.0003408678186496194,-0.10288663547497157,0.556778750576573,-0.0023207972296548952,1.541786277254255,4.629389024308689,-0.001025911116275929,-0.004972344303229422,1.0250584254796807e-06,3.4594166463578484e-08,0.28924792418825707,0.01477470323428563,5.578867275791745e-06
ymlfiles\Case_485_H2_T11_dir45_heavelow_pitchlow_rolllow.yml,2,11.0,8.5271,45,low,low,low,1.0,1.0,100,300.0,150,200,0.46918681173540794,0.9949639502759422,1.6762021981167043,-0.11452348046209423,0.5833212480645125,-0.09698814171490944,1.6469311772559683,4.35140064226879,6.242797381378735,-0.003490544024277153,-6.121323720528135e-05,-1.6926655201191804e-05,0.3146844237280405,0.013212202768004017,0.021803486241248855
ymlfiles\Case_486_H2_T11_dir45_heavelinhigh_pitchlinhigh_rolllinhigh.yml,2,11.0,8.5271,45,linhigh,linhigh,linhigh,6.5,1.0,300,300.0,325,200,0.460877867416031,0.939900792563182,1.5801706696323363,-0.11492786527506683,0.5839036074415206,-0.09582699158435785,1.6143648547953104,4.143831682264677,5.881725274662924,-0.0032459908266216165,-6.212096299024852e-05,-1.861367321415917e-05,0.3066249344346621,0.01245168584445404,0.02053370873997899
ymlfiles\Case_487_H2_T11_dir45_heavequadhigh_pitchquadhigh_rollquadhigh.yml,2,11.0,8.5271,45,quadhigh,quadhigh,quadhigh,1.0,4.0,100,1300.0,150,1300,0.4672475650235196,0.9871836733067463,1.6588379581686663,-0.1147268303859499,0.5836162416206572,-0.09679441584654544,1.6392305302232477,4.322230546842868,6.178001851287864,-0.00344810649573463,-6.136392603212723e-05,-1.7123623387219014e-05,0.31278854004507284,0.013107085628576902,0.021575450871869226
ymlfiles\Case_488_H2_T11_dir45_heaveDOFbest_pitchDOFbest_rollDOFbest.yml,2,11.0,8.5271,45,DOFbest,DOFbest,DOFbest,3.3,2.4,233,304.5,248,640,0.46484274208634696,0.9606264658103623,1.6104939867760797,-0.1147856399291521,0.5837858409072281,-0.09630972078222236,1.629817843286368,4.222408158582211,5.995951175739087,-0.003330733878063988,-6.187369574984333e-05,-1.807024932764011e-05,0.3104322942249409,0.012736970818565665,0.02093490236213275
ymlfiles\Case_489_H2_T11_dir90_heavelow_pitchlow_rolllow.yml,2,11.0,8.5271,90,low,low,low,1.0,1.0,100,300.0,150,200,0.4583290105531929,0.727751061486257,1.5281745340697703,-0.11681262315314922,0.6173807017740864,-0.03807949646836986,1.603023448395881,3.387536049706096,5.722013122144692,-0.00453408509191869,-7.405726891349516e-05,-2.974663453757968e-05,0.30239091668190915,0.01047503902990373,0.018508698306416257
ymlfiles\Case_490_H2_T11_dir90_heavelinhigh_pitchlinhigh_rolllinhigh.yml,2,11.0,8.5271,90,linhigh,linhigh,linhigh,6.5,1.0,300,300.0,325,200,0.4502995204123832,0.6757607596039064,1.4466474375463694,-0.11783297063620483,0.6184101079005413,-0.039287660650300954,1.5703865645468942,3.1901701484000182,5.412559712024005,-0.004242329335008152,-7.041275079546224e-05,-2.8846495972058854e-05,0.29470344577133756,0.00974840995524429,0.01743830762075439
ymlfiles\Case_491_H2_T11_dir90_heavequadhigh_pitchquadhigh_rollquadhigh.yml,2,11.0,8.5271,90,quadhigh,quadhigh,quadhigh,1.0,4.0,100,1300.0,150,1300,0.45648877924544096,0.7214924355062183,1.5149368603699347,-0.11715772295917926,0.6176022178495715,-0.038647934304268716,1.5955596169489934,3.3637988186875454,5.671548402918104,-0.004488449627232651,-7.331096948850845e-05,-2.9627358019111305e-05,0.300620568444519,0.010387462863632489,0.018338944592216622
ymlfiles\Case_492_H2_T11_dir90_heaveDOFbest_pitchDOFbest_rollDOFbest.yml,2,11.0,8.5271,90,DOFbest,DOFbest,DOFbest,3.3,2.4,233,304.5,248,640,0.45413336100034446,0.6959838352022465,1.4724337391612934,-0.1174756350153709,0.6179888377932873,-0.038897099485184466,1.5860828240920435,3.26645015151913,5.510128740493326,-0.004337304763667366,-7.177528499215461e-05,-2.9270479010062687e-05,0.2983442316667454,0.010031471138830855,0.017773774898143416
ymlfiles\Case_493_H2_T11_dir135_heavelow_pitchlow_rolllow.yml,2,11.0,8.5271,135,low,low,low,1.0,1.0,100,300.0,150,200,0.4613188374987051,1.0035202449251424,0.9450898598246026,-0.15381853389729266,0.6738767576687449,0.024866102841926772,1.5776938145920012,4.478205451234446,3.587163538378692,-0.002770756233770685,-6.787991715450552e-05,-1.6036583976792542e-05,0.3018128946232355,0.013479137549688405,0.01122820413704007
ymlfiles\Case_494_H2_T11_dir135_heavelinhigh_pitchlinhigh_rolllinhigh.yml,2,11.0,8.5271,135,linhigh,linhigh,linhigh,6.5,1.0,300,300.0,325,200,0.45339311932002874,0.9561369863889948,0.8920808063582316,-0.15392240371181976,0.6746573371571236,0.024503688036630375,1.5468872455092226,4.296471061943868,3.3850408360302144,-0.0026318218845792127,-6.682730410047091e-05,-1.2857802728796062e-05,0.2940945110102082,0.012762534340101607,0.010544765333532402
ymlfiles\Case_495_H2_T11_dir135_heavequadhigh_pitchquadhigh_rollquadhigh.yml,2,11.0,8.5271,135,quadhigh,quadhigh,quadhigh,1.0,4.0,100,1300.0,150,1300,0.4595191713398098,0.9972758494186688,0.9394161005797897,-0.15388993659442785,0.6740127340933684,0.024604848733092842,1.5706533170327934,4.454669027307025,3.5655163622884283,-0.0027595127735891836,-6.762085033894129e-05,-1.5573406882138982e-05,0.30005169293546163,0.013382898852696582,0.011159982926401562
ymlfiles\Case_496_H2_T11_dir135_heaveDOFbest_pitchDOFbest_rollDOFbest.yml,2,11.0,8.5271,135,DOFbest,DOFbest,DOFbest,3.3,2.4,233,304.5,248,640,0.4571776026498989,0.9732734882180845,0.90905682572786,-0.153877809450795,0.6742971647810054,0.02465914804128628,1.5613430891622593,4.362790196180754,3.4497457605563624,-0.002677693366017357,-6.734025386923835e-05,-1.4047505499553794e-05,0.29775487887753943,0.013023662536348004,0.010758323921510696
ymlfiles\Case_497_H2_T11_dir180_heavelow_pitchlow_rolllow.yml,2,11.0,8.5271,180,low,low,low,1.0,1.0,100,300.0,150,200,0.48268445093845386,2.1299011013534463,0.0002748502040482072,-0.15449880955659237,0.6400022984159826,-0.0023494588809112996,1.658741053221255,8.74259520758693,-0.0013037202716728073,-0.0025264126002396297,-3.632820685745702e-06,5.236759050148652e-08,0.3203835322281795,0.03014475587520847,3.8685136756052415e-06
ymlfiles\Case_498_H2_T11_dir180_heavelinhigh_pitchlinhigh_rolllinhigh.yml,2,11.0,8.5271,180,linhigh,linhigh,linhigh,6.5,1.0,300,300.0,325,200,0.47383359999502705,2.014004900107809,0.00026592124921918594,-0.15446452033745378,0.6428728254260159,-0.0023517091423867196,1.6242085301172648,8.303808162410663,-0.001340852487822071,-0.0023648115188493433,-3.4631130311229717e-06,4.893891525830878e-08,0.3115825674396033,0.028499860051522614,3.7005896419927465e-06
ymlfiles\Case_499_H2_T11_dir180_heavequadhigh_pitchquadhigh_rollquadhigh.yml,2,11.0,8.5271,180,quadhigh,quadhigh,quadhigh,1.0,4.0,100,1300.0,150,1300,0.4805522770586411,2.0951935213678943,0.0002769682554288611,-0.15448539617995724,0.6410742118419026,-0.002349518464806304,1.6507424272461404,8.611632168166112,-0.0012955643635593965,-0.0024789773602543076,-3.5659276124820327e-06,5.149421537427576e-08,0.31824433826429993,0.02965323157859053,3.884976403063012e-06
ymlfiles\Case_500_H2_T11_dir180_heaveDOFbest_pitchDOFbest_rollDOFbest.yml,2,11.0,8.5271,180,DOFbest,DOFbest,DOFbest,3.3,2.4,233,304.5,248,640,0.4780071290191531,2.049545833911029,0.0002649683983648116,-0.15443993152582264,0.6419421348542221,-0.0023493987447104365,1.6407868972751947,8.437680013024165,-0.001341508828617144,-0.002416288681113847,-3.508993142072684e-06,5.017058934419601e-08,0.31568082804831826,0.02900579559046873,3.7058040384361913e-06
ymlfiles\Case_501_H2_T12_dir0_heavelow_pitchlow_rolllow.yml,2,12.0,9.3023,0,low,low,low,1.0,1.0,100,300.0,150,200,0.4537079554349424,1.0033565833626017,0.0003762347545216593,-0.10356086973283246,0.552752308761537,-0.002307312108039145,1.591823796850471,4.358783281855469,-0.0008767845904264176,-0.004502634068250646,1.279771360610145e-06,2.7301135342375377e-08,0.2812329077411327,0.013511676426199824,6.650522844204787e-06
ymlfiles\Case_502_H2_T12_dir0_heavelinhigh_pitchlinhigh_rolllinhigh.yml,2,12.0,9.3023,0,linhigh,linhigh,linhigh,6.5,1.0,300,300.0,325,200,0.44720851727793587,0.9657522707214207,0.0003350557820754468,-0.10423817910785516,0.5514973693662595,-0.0023109596921340922,1.5658542885966114,4.213357179304573,-0.0010361064335359465,-0.004407420225950377,1.3243085012536715e-06,2.9439197053205845e-08,0.2748464480840264,0.013009525251846293,6.063220980835658e-06
ymlfiles\Case_503_H2_T12_dir0_heavequadhigh_pitchquadhigh_rollquadhigh.yml,2,12.0,9.3023,0,quadhigh,quadhigh,quadhigh,1.0,4.0,100,1300.0,150,1300,0.4524102590336944,0.9980357600171545,0.00035853020716809146,-0.10378775373040323,0.5526832183320105,-0.0023065812044293136,1.5866351945375963,4.337944911371443,-0.0009426237089828081,-0.004489926774741046,1.293565234636267e-06,2.997838424211532e-08,0.27990811127574694,0.01344257381502336,6.297128165861781e-06
ymlfiles\Case_504_H2_T12_dir0_heaveDOFbest_pitchDOFbest_rollDOFbest.yml,2,12.0,9.3023,0,DOFbest,DOFbest,DOFbest,3.3,2.4,233,304.5,248,640,0.4503757677663039,0.9794569170815554,0.0003189198895073627,-0.10395980453194624,0.5521457531671149,-0.002305731671726296,1.5785244231675104,4.266359599691499,-0.0010928752072883743,-0.004441507356935652,1.3135949855268627e-06,3.269369785571213e-08,0.2779147327885075,0.013192377912262717,5.404477740792077e-06
ymlfiles\Case_505_H2_T12_dir45_heavelow_pitchlow_rolllow.yml,2,12.0,9.3023,45,low,low,low,1.0,1.0,100,300.0,150,200,0.47326034184655735,0.892823291960555,1.5105771435252662,-0.11415799909179514,0.5852986710954611,-0.10238458554402015,1.6551097574647677,3.966461985096365,5.609900493928917,-0.0031099919378213417,-6.928296258356244e-05,-1.9537077770647787e-05,0.2971922124957171,0.011779766846953426,0.019344328478657687
ymlfiles\Case_506_H2_T12_dir45_heavelinhigh_pitchlinhigh_rolllinhigh.yml,2,12.0,9.3023,45,linhigh,linhigh,linhigh,6.5,1.0,300,300.0,325,200,0.46635000191837167,0.8425113192851701,1.427725612630179,-0.1142505211210312,0.5849263383402046,-0.10138593396810454,1.6276737544494366,3.7740099522626633,5.297290310822225,-0.002911583013863886,-6.963527455304284e-05,-2.040849572809137e-05,0.29028692079405505,0.011076366569982447,0.018226835404943093
ymlfiles\Case_507_H2_T12_dir45_heavequadhigh_pitchquadhigh_rollquadhigh.yml,2,12.0,9.3023,45,quadhigh,quadhigh,quadhigh,1.0,4.0,100,1300.0,150,1300,0.47172396876567013,0.8863608708167443,1.4970006595380931,-0.11422327543825209,0.5852922980226799,-0.10224900153185344,1.6490675500242722,3.9419821227140757,5.558073790757885,-0.003078668786150553,-6.92664118342596e-05,-1.9575781933331142e-05,0.295637610433368,0.011691053776708394,0.019162104204910973
ymlfiles\Case_508_H2_T12_dir45_heaveDOFbest_pitchDOFbest_rollDOFbest.yml,2,12.0,9.3023,45,DOFbest,DOFbest,DOFbest,3.3,2.4,233,304.5,248,640,0.46967371110671496,0.8616963672936679,1.4535427353437689,-0.11424701843060397,0.5851756195288454,-0.1015731964106501,1.6406805138247036,3.8474070473112874,5.39442331913534,-0.002980055923071591,-6.955740982147394e-05,-2.013966486484246e-05,0.29356672056528005,0.01134416308471628,0.018576577176162318
ymlfiles\Case_509_H2_T12_dir90_heavelow_pitchlow_rolllow.yml,2,12.0,9.3023,90,low,low,low,1.0,1.0,100,300.0,150,200,0.4634000369451764,0.6591367528901659,1.4171923875396324,-0.11419761519483804,0.6176074071662608,-0.040762763361133415,1.6168237520078645,3.1235258831035617,5.289594634111503,-0.0043691187050267,-8.59189869620106e-05,-2.755862462841741e-05,0.28652224365197626,0.00936796782842993,0.016748642222092155
ymlfiles\Case_510_H2_T12_dir90_heavelinhigh_pitchlinhigh_rolllinhigh.yml,2,12.0,9.3023,90,linhigh,linhigh,linhigh,6.5,1.0,300,300.0,325,200,0.45667105856891516,0.6132330842925352,1.347072543276299,-0.11484235616714297,0.6178743533442325,-0.04191630728890617,1.590126193159319,2.948684722457543,5.024097570388118,-0.00411376003337511,-8.293109324278605e-05,-2.658165246854598e-05,0.2798892871460625,0.00871472055918079,0.01580624516890709
ymlfiles\Case_511_H2_T12_dir90_heavequadhigh_pitchquadhigh_rollquadhigh.yml,2,12.0,9.3023,90,quadhigh,quadhigh,quadhigh,1.0,4.0,100,1300.0,150,1300,0.46192794733508974,0.6541132390306266,1.4065687816144437,-0.11443632305005173,0.6176245086958719,-0.041543324767868664,1.6109705638749139,3.1044444953749895,5.248856465728432,-0.004331828000702533,-8.527979383377573e-05,-2.7456365891527938e-05,0.28504438529922854,0.009294944832482915,0.016609520539097946
ymlfiles\Case_512_H2_T12_dir90_heaveDOFbest_pitchDOFbest_rollDOFbest.yml,2,12.0,9.3023,90,DOFbest,DOFbest,DOFbest,3.3,2.4,233,304.5,248,640,0.4599088842894848,0.631224642559414,1.3691333213013948,-0.11465137706522396,0.6178314531309992,-0.04157213165889306,1.6029834706761985,3.017753848064319,5.10740699401856,-0.0041975501245101,-8.398926471305486e-05,-2.6978690513890263e-05,0.28304091878874044,0.00897114314459805,0.01610037959047052
ymlfiles\Case_513_H2_T12_dir135_heavelow_pitchlow_rolllow.yml,2,12.0,9.3023,135,low,low,low,1.0,1.0,100,300.0,150,200,0.4672929861720661,0.8979942692280173,0.8699909197178435,-0.15395091331156568,0.6743019012285594,0.022775457074242708,1.5924295723796096,4.076135272468751,3.29461794258835,-0.0025730530174867205,-7.186182090035624e-05,-9.63276512588189e-06,0.28597378376840676,0.011969158833633729,0.010117031133713036
ymlfiles\Case_514_H2_T12_dir135_heavelinhigh_pitchlinhigh_rolllinhigh.yml,2,12.0,9.3023,135,linhigh,linhigh,linhigh,6.5,1.0,300,300.0,325,200,0.4606744082239593,0.8545625663705877,0.8250441316494608,-0.15419528641803032,0.6752992061514368,0.02293405405439223,1.5665293442636141,3.9103404337782135,3.1248075828104085,-0.0024503002373265736,-7.141494378569438e-05,-6.832427910516904e-06,0.2793637153224784,0.011307556024850462,0.009526557437987413
ymlfiles\Case_515_H2_T12_dir135_heavequadhigh_pitchquadhigh_rollquadhigh.yml,2,12.0,9.3023,135,quadhigh,quadhigh,quadhigh,1.0,4.0,100,1300.0,150,1300,0.4658514720635886,0.8928269748379033,0.8655954213069917,-0.1540607827804841,0.6745213948216875,0.02278627463198973,1.5865850207490708,4.056056694094462,3.278098267563142,-0.002563762244685538,-7.166175223334695e-05,-9.294885464245415e-06,0.2845134074487836,0.011888885713619634,0.010064548427552064
ymlfiles\Case_516_H2_T12_dir135_heaveDOFbest_pitchDOFbest_rollDOFbest.yml,2,12.0,9.3023,135,DOFbest,DOFbest,DOFbest,3.3,2.4,233,304.5,248,640,0.46386075894401696,0.8704983177120792,0.8391816300418705,-0.15410789673073527,0.674918107166189,0.02283804104343045,1.5788661462281162,3.971000338591977,3.1786239653862487,-0.0024909417937842206,-7.170264421260064e-05,-7.885543858919627e-06,0.282515792243599,0.011552203626889305,0.009707320340728088
ymlfiles\Case_517_H2_T12_dir180_heavelow_pitchlow_rolllow.yml,2,12.0,9.3023,180,low,low,low,1.0,1.0,100,300.0,150,200,0.48726477832239457,1.8868375314919652,0.0002674957229576712,-0.15383468737293104,0.6394274016506276,-0.00234726905026239,1.6685057263370047,7.811079495612381,-0.0013296875884503724,-0.0020268901931709995,-8.074478772870323e-07,4.031584439394336e-08,0.3024801359473176,0.026563685265076298,3.747720983623014e-06
ymlfiles\Case_518_H2_T12_dir180_heavelinhigh_pitchlinhigh_rolllinhigh.yml,2,12.0,9.3023,180,linhigh,linhigh,linhigh,6.5,1.0,300,300.0,325,200,0.47994800331424786,1.7816448581184638,0.00025564909887996817,-0.15385747139550646,0.6419886292116597,-0.0023474729450971587,1.639934392859263,7.4148407384241874,-0.00137559032735563,-0.0018972860794796253,-8.772220723925643e-07,3.717468775009272e-08,0.2949529476147736,0.025065577022521778,3.5514829822534197e-06
ymlfiles\Case_519_H2_T12_dir180_heavequadhigh_pitchquadhigh_rollquadhigh.yml,2,12.0,9.3023,180,quadhigh,quadhigh,quadhigh,1.0,4.0,100,1300.0,150,1300,0.48557348217348323,1.858515877949504,0.0002687243586009044,-0.15382605644427727,0.640247602569561,-0.0023478132183279727,1.6620697309123993,7.703895302839216,-0.0013256088493271122,-0.00199254727493412,-8.462887889099045e-07,3.9471488078359924e-08,0.30073026089066013,0.02616045425052196,3.751527717218867e-06
ymlfiles\Case_520_H2_T12_dir180_heaveDOFbest_pitchDOFbest_rollDOFbest.yml,2,12.0,9.3023,180,DOFbest,DOFbest,DOFbest,3.3,2.4,233,304.5,248,640,0.483425701024744,1.8149918429756269,0.0002580633960719338,-0.15381755767397123,0.6410928416097705,-0.0023478994142820627,1.6539273156054932,7.54071218824145,-0.0013662973972686113,-0.0019400520816666887,-8.6972815129035e-07,3.811964393138657e-08,0.29848800756525384,0.025541568937223032,3.6014677436680555e-06
ymlfiles\Case_521_H4_T7_dir0_heavelow_pitchlow_rolllow.yml,4,7.0,5.4264,0,low,low,low,1.0,1.0,100,300.0,150,200,0.534929414358558,1.8232263989517286,0.00038748541082006283,-0.014401119784261973,0.2944436300634435,-0.0023404027092871365,2.0346008033172267,7.413698247207876,-0.0008533205762961227,-0.0014202557520761256,-1.5805912020157413e-07,2.8115219592902944e-08,0.47610153410120015,0.037481648134107065,7.0297831991435295e-06
ymlfiles\Case_522_H4_T7_dir0_heavelinhigh_pitchlinhigh_rolllinhigh.yml,4,7.0,5.4264,0,linhigh,linhigh,linhigh,6.5,1.0,300,300.0,325,200,0.5152154803633573,1.7685931966298338,0.0003664046588288592,-0.017320719334294767,0.303946732183962,-0.0023347053711595457,1.9557319555661161,7.215373328810694,-0.0009261281957002757,-0.0015909196409966849,-1.358506755886748e-07,2.6640253289435155e-08,0.45737711679344095,0.03689911429032765,6.727031468704215e-06
ymlfiles\Case_523_H4_T7_dir0_heavequadhigh_pitchquadhigh_rollquadhigh.yml,4,7.0,5.4264,0,quadhigh,quadhigh,quadhigh,1.0,4.0,100,1300.0,150,1300,0.5282675209976295,1.8019035827110288,0.00038013104218748996,-0.015751295683242558,0.2991597848413931,-0.002336193697373595,2.007642871721804,7.337404690035343,-0.0008762706598813587,-0.0014931781696986596,-1.841215647601525e-07,2.7445565095324846e-08,0.469796793602304,0.03726262499412166,7.359448052543367e-06
ymlfiles\Case_524_H4_T7_dir0_heaveDOFbest_pitchDOFbest_rollDOFbest.yml,4,7.0,5.4264,0,DOFbest,DOFbest,DOFbest,3.3,2.4,233,304.5,248,640,0.5234973728960293,1.7838621803965826,0.0003748503831880841,-0.016218081106300908,0.30062775583943185,-0.0023469225841763683,1.988818595241302,7.269734201209568,-0.000906791789279027,-0.001530996344372552,-1.5227275457657973e-07,3.25985155506608e-08,0.46523319892513515,0.03706041085868345,7.158871675045597e-06
ymlfiles\Case_525_H4_T7_dir45_heavelow_pitchlow_rolllow.yml,4,7.0,5.4264,45,low,low,low,1.0,1.0,100,300.0,150,200,0.6309360140340021,2.285358545887379,3.8155517574266744,-0.0313704028234065,0.35462282835810943,0.09880631572243824,2.3877180324823057,9.120369397094883,14.742653774999308,0.012908500755726816,0.0004692637722165798,0.00029463144246245204,0.5666699171239933,0.03692866802287636,0.06124331620623367
ymlfiles\Case_526_H4_T7_dir45_heavelinhigh_pitchlinhigh_rolllinhigh.yml,4,7.0,5.4264,45,linhigh,linhigh,linhigh,6.5,1.0,300,300.0,325,200,0.6099631521824639,2.176730577512145,3.6278428933946048,-0.03704141697894459,0.37587707780294094,0.07831852826048431,2.300916998946361,8.727143077410936,14.011870057268869,0.012397133222430369,0.00044143252140094457,0.00028157375655336826,0.5470513287599726,0.03541803064902378,0.058594193175389574
ymlfiles\Case_527_H4_T7_dir45_heavequadhigh_pitchquadhigh_rollquadhigh.yml,4,7.0,5.4264,45,quadhigh,quadhigh,quadhigh,1.0,4.0,100,1300.0,150,1300,0.6225976618971572,2.24489040258688,3.7249981500891054,-0.03472412466968101,0.36588561029248623,0.08865557001400047,2.3521851523423885,8.977160522174238,14.387419367766983,0.012691909868019787,0.00045554442466191983,0.00028909804559702594,0.5589520451046023,0.03636229404839094,0.05996283149845728
ymlfiles\Case_528_H4_T7_dir45_heaveDOFbest_pitchDOFbest_rollDOFbest.yml,4,7.0,5.4264,45,DOFbest,DOFbest,DOFbest,3.3,2.4,233,304.5,248,640,0.6184239347532118,2.2078218152026965,3.689053480897386,-0.03514218806617927,0.3687439886816992,0.08514446226790401,2.3354541633506773,8.8381935034779,14.250170899212629,0.012549787184830649,0.0004504244742652904,0.00028535849176274173,0.5550013935993524,0.03585100680110479,0.05946003404030377
ymlfiles\Case_529_H4_T7_dir90_heavelow_pitchlow_rolllow.yml,4,7.0,5.4264,90,low,low,low,1.0,1.0,100,300.0,150,200,0.5823824164473221,1.8208450025445058,2.8713961275416544,-0.07842983079301846,0.43330766511481894,-0.041509019424771386,2.1531275223961632,7.43407214097856,10.933640252478046,0.006999601035118917,-0.00023249394965933236,-0.0002757839999537132,0.5160478589890597,0.03021107378320621,0.043641901630033224
ymlfiles\Case_530_H4_T7_dir90_heavelinhigh_pitchlinhigh_rolllinhigh.yml,4,7.0,5.4264,90,linhigh,linhigh,linhigh,6.5,1.0,300,300.0,325,200,0.5624363025887061,1.7502999938664077,2.711477650457849,-0.08168057702882357,0.4471768878552858,-0.049944395364959426,2.0724925840940602,7.178673265028191,10.317290045585917,0.006694396612647501,-0.00022197347722682559,-0.0002621393127272184,0.49737480214296553,0.029231532544841673,0.041397534299977494
ymlfiles\Case_531_H4_T7_dir90_heavequadhigh_pitchquadhigh_rollquadhigh.yml,4,7.0,5.4264,90,quadhigh,quadhigh,quadhigh,1.0,4.0,100,1300.0,150,1300,0.5749979380746617,1.8009794198452385,2.8135601715923215,-0.08008083785561006,0.43837901209265334,-0.045414406236476766,2.1229861028040666,7.3630535715121495,10.709167129033911,0.006892442058473201,-0.0002288713832987944,-0.00027165235654044224,0.5092061994943498,0.029941213867500652,0.04282548861815992
ymlfiles\Case_532_H4_T7_dir90_heaveDOFbest_pitchDOFbest_rollDOFbest.yml,4,7.0,5.4264,90,DOFbest,DOFbest,DOFbest,3.3,2.4,233,304.5,248,640,0.5707101078474555,1.7730787750959434,2.7634553483465485,-0.08064952715055938,0.44223594396835214,-0.047364303773635416,2.105892115444359,7.259918326990667,10.518120991507828,0.006793341772708363,-0.00022546353988125986,-0.0002665785671604511,0.5051491669255387,0.029545347990884527,0.04213003653395495
ymlfiles\Case_533_H4_T7_dir135_heavelow_pitchlow_rolllow.yml,4,7.0,5.4264,135,low,low,low,1.0,1.0,100,300.0,150,200,0.5852503016087006,2.2532671402332447,1.6826956623720348,-0.08643641587089063,0.6220904300292825,0.024395200482824637,2.156801702001977,9.26546430744512,6.452169411787094,0.005413243240853258,-0.00020283086967034833,0.00022942969620455341,0.5166845636909375,0.03600861592947912,0.025373050019773254
ymlfiles\Case_534_H4_T7_dir135_heavelinhigh_pitchlinhigh_rolllinhigh.yml,4,7.0,5.4264,135,linhigh,linhigh,linhigh,6.5,1.0,300,300.0,325,200,0.5628912711117369,2.142346302904666,1.5926817016339379,-0.09340332535261735,0.6285203757990073,0.011301142395379467,2.063373079372039,8.848543842144862,6.097211370398355,0.005198271729544248,-0.0001968147325630506,0.00022358545380571438,0.4952649147380056,0.034449633916676055,0.024124365939029453
ymlfiles\Case_535_H4_T7_dir135_heavequadhigh_pitchquadhigh_rollquadhigh.yml,4,7.0,5.4264,135,quadhigh,quadhigh,quadhigh,1.0,4.0,100,1300.0,150,1300,0.5767662622670229,2.212296290343143,1.6650685823231872,-0.08959641896835788,0.6247989434232445,0.019020209878203208,2.120831024226346,9.112492396812636,6.379755878296331,0.005367547823418,-0.00020214447644110445,0.0002266821568903755,0.5085915558993299,0.03543321771464567,0.02512207463393367
ymlfiles\Case_536_H4_T7_dir135_heaveDOFbest_pitchDOFbest_rollDOFbest.yml,4,7.0,5.4264,135,DOFbest,DOFbest,DOFbest,3.3,2.4,233,304.5,248,640,0.5718335847411204,2.1742483349798998,1.6212425695859987,-0.09095909523708881,0.626245916715118,0.015332114208262686,2.1004675656581613,8.969035230005293,6.21037832224527,0.005264076084581393,-0.00019876093924768164,0.0002252216122757019,0.503839750543914,0.03489979205771829,0.024521255875034037
ymlfiles\Case_537_H4_T7_dir180_heavelow_pitchlow_rolllow.yml,4,7.0,5.4264,180,low,low,low,1.0,1.0,100,300.0,150,200,0.6591602549562757,5.518770023941381,0.0004811547944345502,-0.09096696691963038,0.7385334137369333,-0.0023821671155614976,2.4372214453385146,21.95255858296928,-0.0005371874916587399,0.014810762650926707,1.1022719461758336e-05,2.7702079747791143e-08,0.5948641711131093,0.09097653361154368,7.81355479977162e-06
ymlfiles\Case_538_H4_T7_dir180_heavelinhigh_pitchlinhigh_rolllinhigh.yml,4,7.0,5.4264,180,linhigh,linhigh,linhigh,6.5,1.0,300,300.0,325,200,0.6359373868940376,5.304086364637533,0.00043575350221393205,-0.1058821109564829,0.7374975412410283,-0.0024045334054761188,2.3329142844235013,21.14074395103534,-0.0007337214663957917,0.014110302255705027,1.1255232940371903e-05,3.591260276816183e-08,0.5727671838333073,0.08807805939172623,7.145039252344772e-06
ymlfiles\Case_539_H4_T7_dir180_heavequadhigh_pitchquadhigh_rollquadhigh.yml,4,7.0,5.4264,180,quadhigh,quadhigh,quadhigh,1.0,4.0,100,1300.0,150,1300,0.6494098450150302,5.331769429605269,0.0005517431731307534,-0.10205461358154096,0.741359825920784,-0.002405540455983813,2.3885166053737823,21.245992063076145,-0.00029026643480719325,0.014167092422278963,1.1227639802269124e-05,3.788253422823033e-08,0.5852023858525851,0.08843684260110753,9.395968686646929e-06
ymlfiles\Case_540_H4_T7_dir180_heaveDOFbest_pitchDOFbest_rollDOFbest.yml,4,7.0,5.4264,180,DOFbest,DOFbest,DOFbest,3.3,2.4,233,304.5,248,640,0.6449328896571102,5.323099357763621,0.00043318492677868215,-0.10293282517546629,0.7395496722951829,-0.0023889437477704763,2.3704686877019867,21.21168947336501,-0.0007276180987235204,0.014163288678599877,1.1228724713951493e-05,3.964795918813781e-08,0.5810862681696971,0.08832353772014663,7.3326257167061455e-06
ymlfiles\Case_541_H4_T8_dir0_heavelow_pitchlow_rolllow.yml,4,8.0,6.2016,0,low,low,low,1.0,1.0,100,300.0,150,200,0.6403498887556062,2.3600406702132477,0.0005157086722302199,-0.013291091640537723,0.29702488388991166,-0.002328677347675044,2.4238908434555415,9.380241846143937,-0.00035716848519751513,-0.0020113782396453677,5.221566224601392e-06,6.229206811590891e-08,0.5199335879366659,0.03845272212195922,9.26004584328148e-06
ymlfiles\Case_542_H4_T8_dir0_heavelinhigh_pitchlinhigh_rolllinhigh.yml,4,8.0,6.2016,0,linhigh,linhigh,linhigh,6.5,1.0,300,300.0,325,200,0.6223921849664116,2.271179055078741,0.000539647866293869,-0.014599689283769876,0.3046257104089645,-0.002329183822639179,2.3531777810776613,9.054374085044337,-0.00026445790795032436,-0.0019107043884272652,5.122337949235879e-06,5.81947871123127e-08,0.5038270321381908,0.037418844206972814,1.0938670001742017e-05
ymlfiles\Case_543_H4_T8_dir0_heavequadhigh_pitchquadhigh_rollquadhigh.yml,4,8.0,6.2016,0,quadhigh,quadhigh,quadhigh,1.0,4.0,100,1300.0,150,1300,0.6338818368129958,2.324776422630946,0.0006155255229966616,-0.013926947401146023,0.3007780102035872,-0.0023280560697514874,2.3985182148936595,9.250103427485003,2.3198505746778106e-05,-0.001973660857788561,5.149798704546946e-06,5.797177653527432e-08,0.5141298061643657,0.0380443808430745,1.136837876072151e-05
ymlfiles\Case_544_H4_T8_dir0_heaveDOFbest_pitchDOFbest_rollDOFbest.yml,4,8.0,6.2016,0,DOFbest,DOFbest,DOFbest,3.3,2.4,233,304.5,248,640,0.629774992388714,2.2953063334399455,0.0005110311855543898,-0.014092432445785086,0.3021285610109741,-0.0023212365465031816,2.3824855328262053,9.141607467586915,-0.0003659087961349803,-0.0019311472821919912,5.124967324873826e-06,5.1589746330230266e-08,0.5104023127075827,0.03769960714604994,9.409456189542765e-06
ymlfiles\Case_545_H4_T8_dir45_heavelow_pitchlow_rolllow.yml,4,8.0,6.2016,45,low,low,low,1.0,1.0,100,300.0,150,200,0.7371757595554193,2.7378520733904725,4.447033710001639,-0.02983273393583047,0.33605062248054546,0.030117351692726325,2.7776634930880704,10.75584435365539,16.975597991188657,0.006304028869515777,0.00014877124573752618,6.474546239751522e-05,0.6062235335261089,0.039790285471181006,0.0644705714534159
ymlfiles\Case_546_H4_T8_dir45_heavelinhigh_pitchlinhigh_rolllinhigh.yml,4,8.0,6.2016,45,linhigh,linhigh,linhigh,6.5,1.0,300,300.0,325,200,0.7181762306796824,2.6128485159019554,4.204542540275723,-0.033792131810325324,0.3544966012334869,0.009841508317244518,2.7010776754454677,10.305396715751248,16.03904227839556,0.006410914766266847,0.0001367180493212319,6.063014064855598e-05,0.589028294683234,0.0380802653050808,0.0612273790491107
ymlfiles\Case_547_H4_T8_dir45_heavequadhigh_pitchquadhigh_rollquadhigh.yml,4,8.0,6.2016,45,quadhigh,quadhigh,quadhigh,1.0,4.0,100,1300.0,150,1300,0.7290844602384613,2.6922409930729554,4.3247950159323105,-0.032308761364805344,0.3458004993133479,0.01889384166045547,2.744372165495427,10.593524765743274,16.500178539619913,0.006370169446629248,0.0001427865796313183,6.286574398324231e-05,0.5988953249841744,0.03915823329347145,0.062834417923276
ymlfiles\Case_548_H4_T8_dir45_heaveDOFbest_pitchDOFbest_rollDOFbest.yml,4,8.0,6.2016,45,DOFbest,DOFbest,DOFbest,3.3,2.4,233,304.5,248,640,0.7255831341112792,2.6476811113669685,4.283318489491589,-0.032357898929886914,0.3478602482067157,0.01694864899795501,2.730853234879402,10.429937663390334,16.343325888807954,0.00637803961970898,0.00014064087136713172,6.207458917555828e-05,0.5956854325651089,0.03855526214097643,0.06228292958837164
ymlfiles\Case_549_H4_T8_dir90_heavelow_pitchlow_rolllow.yml,4,8.0,6.2016,90,low,low,low,1.0,1.0,100,300.0,150,200,0.6981494524254338,1.8487018008319553,3.784717520961637,-0.05617230966747402,0.4501373817540318,-0.004965841024075506,2.6015235075900205,7.517975712877874,14.365732298338793,0.002988655707924136,-0.00014863493442865327,-0.00017009937626892923,0.5660814904080915,0.028337827839109403,0.052377238422358016
ymlfiles\Case_550_H4_T8_dir90_heavelinhigh_pitchlinhigh_rolllinhigh.yml,4,8.0,6.2016,90,linhigh,linhigh,linhigh,6.5,1.0,300,300.0,325,200,0.6794495410574892,1.7530374957513406,3.576773777709792,-0.05926794639754116,0.4600712407463311,-0.019258761789666692,2.526344086935598,7.164625177226506,13.568127739889093,0.0031384008153663334,-0.00014611808519658672,-0.00016360488830689617,0.5493228161850015,0.02706913420673062,0.04957920420439395
ymlfiles\Case_551_H4_T8_dir90_heavequadhigh_pitchquadhigh_rollquadhigh.yml,4,8.0,6.2016,90,quadhigh,quadhigh,quadhigh,1.0,4.0,100,1300.0,150,1300,0.6905625832505842,1.8220623633885025,3.698918595960335,-0.058241285471810865,0.45473505162873273,-0.01313815922402243,2.570443519300212,7.421366020839057,14.03177861203234,0.0030435249142529057,-0.0001483323423687157,-0.00016846236378872386,0.559344581378273,0.027993719040545567,0.05122135600084754
ymlfiles\Case_552_H4_T8_dir90_heaveDOFbest_pitchDOFbest_rollDOFbest.yml,4,8.0,6.2016,90,DOFbest,DOFbest,DOFbest,3.3,2.4,233,304.5,248,640,0.6868689711250243,1.784618158659666,3.643077229880495,-0.058427556211826395,0.45696219687294254,-0.014779009261678366,2.5559392302219432,7.281050558503655,13.823067441559902,0.003089800343864237,-0.0001471795959465219,-0.00016588522147899983,0.5559601080458186,0.02748684444752893,0.05047273229482417
ymlfiles\Case_553_H4_T8_dir135_heavelow_pitchlow_rolllow.yml,4,8.0,6.2016,135,low,low,low,1.0,1.0,100,300.0,150,200,0.690501192489371,2.755840764951609,2.2122633284010496,-0.09241378359249376,0.5745645990487638,0.0626161888298505,2.5364222329367765,11.07216012933273,8.461357255948826,0.0026122361830515192,-0.00027879138665978125,0.00011891808364451445,0.5535748493133363,0.040031047598060705,0.03029853623952464
ymlfiles\Case_554_H4_T8_dir135_heavelinhigh_pitchlinhigh_rolllinhigh.yml,4,8.0,6.2016,135,linhigh,linhigh,linhigh,6.5,1.0,300,300.0,325,200,0.6710830964823878,2.6117046536807886,2.090770310430466,-0.09848242589767411,0.5845293021497315,0.047502694132921866,2.4554179677796806,10.53598183770443,7.986216803668752,0.002746240589432591,-0.00027197947560489715,0.00012391662887414247,0.5360265853862272,0.038047056948733914,0.028687720417578107
ymlfiles\Case_555_H4_T8_dir135_heavequadhigh_pitchquadhigh_rollquadhigh.yml,4,8.0,6.2016,135,quadhigh,quadhigh,quadhigh,1.0,4.0,100,1300.0,150,1300,0.6827660012622631,2.6991735259311387,2.1860228528365493,-0.09553773767199898,0.5790246720654562,0.05708601856979851,2.503721434762369,10.86076239132482,8.356206503945646,0.0026939702611309645,-0.00027870961782829143,0.00011940317070547944,0.5465988085052976,0.03925393563095253,0.029950312294601256
ymlfiles\Case_556_H4_T8_dir135_heaveDOFbest_pitchDOFbest_rollDOFbest.yml,4,8.0,6.2016,135,DOFbest,DOFbest,DOFbest,3.3,2.4,233,304.5,248,640,0.678736941658456,2.651218465692748,2.1290385920023716,-0.09662945256857831,0.5816096922049927,0.05241950353411066,2.4869093336886996,10.682151171970172,8.136034248879035,0.002714553221370299,-0.0002742197368096844,0.00012214855900046894,0.5429184995939452,0.038593287795064,0.02919403455730068
ymlfiles\Case_557_H4_T8_dir180_heavelow_pitchlow_rolllow.yml,4,8.0,6.2016,180,low,low,low,1.0,1.0,100,300.0,150,200,0.7603832855681127,6.153327001537238,0.0004832737178450228,-0.09359201657633169,0.574258381360084,-0.002388670986174555,2.803558965382033,24.06864196170039,-0.0005432960476304627,0.006750305936939811,-1.219419196920396e-05,1.8777419814022776e-07,0.6325220393764047,0.09210237364537098,7.30777646361479e-06
ymlfiles\Case_558_H4_T8_dir180_heavelinhigh_pitchlinhigh_rolllinhigh.yml,4,8.0,6.2016,180,linhigh,linhigh,linhigh,6.5,1.0,300,300.0,325,200,0.740400358375461,5.865404937478154,0.0005512557826912854,-0.10346202614958247,0.5765033021762255,-0.0023796843477934503,2.7168656037690324,22.97993028513572,-0.00027491525716186096,0.006877821131028778,-1.1321167354929142e-05,1.668588205371392e-07,0.6130955168699646,0.08827727871253865,9.237754953394684e-06
ymlfiles\Case_559_H4_T8_dir180_heavequadhigh_pitchquadhigh_rollquadhigh.yml,4,8.0,6.2016,180,quadhigh,quadhigh,quadhigh,1.0,4.0,100,1300.0,150,1300,0.7516844928939973,5.907588934726527,0.0004630499450858969,-0.1013402685347176,0.5793117280206419,-0.002390677072567323,2.7623890025685913,23.139652327529404,-0.000623359400458216,0.00679232712448769,-1.1367446348148004e-05,1.7603395303785153e-07,0.6229533603094397,0.08883429190167902,7.058380072759816e-06
ymlfiles\Case_560_H4_T8_dir180_heaveDOFbest_pitchDOFbest_rollDOFbest.yml,4,8.0,6.2016,180,DOFbest,DOFbest,DOFbest,3.3,2.4,233,304.5,248,640,0.7480433261513537,5.8928998777080315,0.000583820436093995,-0.10169211283685471,0.5780162583817052,-0.002399027500449477,2.748026607265298,23.084363409273802,-0.00016940336563730845,0.006835805536410944,-1.1385665319474849e-05,1.9845422633499813e-07,0.6198151760460022,0.08863871911396382,9.49077499933974e-06
ymlfiles\Case_561_H4_T8p5_dir0_heavelow_pitchlow_rolllow.yml,4,8.5,6.5891,0,low,low,low,1.0,1.0,100,300.0,150,200,0.6729464007168404,2.535392477911277,0.0005535752697026884,-0.015339793601188171,0.30335955400979586,-0.0023224802259892863,2.5382081221533346,10.008631596152918,-0.00021190416429147036,-0.004553540734389255,-1.911906705944501e-06,8.241011402018236e-08,0.5249906967727723,0.038465820701457674,8.98346915383467e-06
ymlfiles\Case_562_H4_T8p5_dir0_heavelinhigh_pitchlinhigh_rolllinhigh.yml,4,8.5,6.5891,0,linhigh,linhigh,linhigh,6.5,1.0,300,300.0,325,200,0.6562073168640427,2.4431217633555575,0.00048275220426494635,-0.016324855393770134,0.30992332938190786,-0.002295145944016188,2.4731874760696866,9.668260262086001,-0.00045016678907638073,-0.004200420482917125,-1.7202689536664887e-06,6.989265812558442e-08,0.5101313911276858,0.03737733550232931,8.577888337410601e-06
ymlfiles\Case_563_H4_T8p5_dir0_heavequadhigh_pitchquadhigh_rollquadhigh.yml,4,8.5,6.5891,0,quadhigh,quadhigh,quadhigh,1.0,4.0,100,1300.0,150,1300,0.6668487982752015,2.499201854123454,0.0006140477116128874,-0.015908228548488963,0.3070485907183523,-0.002309330001793014,2.5143672044743726,9.87721480612233,3.2262774911730185e-05,-0.004420413460135659,-1.8469646130863958e-06,8.003003433810867e-08,0.5195482398604926,0.03804190135583572,1.0005963398991416e-05
ymlfiles\Case_564_H4_T8p5_dir0_heaveDOFbest_pitchDOFbest_rollDOFbest.yml,4,8.5,6.5891,0,DOFbest,DOFbest,DOFbest,3.3,2.4,233,304.5,248,640,0.663066470359769,2.4681077157644435,0.0005613829402372488,-0.015993659956554527,0.3081453528292389,-0.002306528566431506,2.4999301967737364,9.760508074193048,-0.0001651583389254683,-0.004289933862231613,-1.7810328545476662e-06,7.403043442315496e-08,0.5161576412306299,0.03767346267257848,1.0178766386496076e-05
ymlfiles\Case_565_H4_T8p5_dir45_heavelow_pitchlow_rolllow.yml,4,8.5,6.5891,45,low,low,low,1.0,1.0,100,300.0,150,200,0.7656095515215872,2.7678088983679006,4.48653321197128,-0.029388435652159678,0.3334575018576352,-0.034395439899528715,2.879213861773298,10.846972743901532,17.017276010568413,0.001561756602284497,9.84853408992167e-06,3.6111000646123826e-06,0.6063498584327905,0.038696020847433434,0.06273637483857895
ymlfiles\Case_566_H4_T8p5_dir45_heavelinhigh_pitchlinhigh_rolllinhigh.yml,4,8.5,6.5891,45,linhigh,linhigh,linhigh,6.5,1.0,300,300.0,325,200,0.7477676212764343,2.6484658176169686,4.243595764251133,-0.032340210182444186,0.3477105334939155,-0.04663261594412236,2.8064434816218045,10.408915263682935,16.087416081080704,0.002118278007681092,5.979407497175251e-06,1.956201488193132e-06,0.5900223443393869,0.037089859086982306,0.05956066740081595
ymlfiles\Case_567_H4_T8p5_dir45_heavequadhigh_pitchquadhigh_rollquadhigh.yml,4,8.5,6.5891,45,quadhigh,quadhigh,quadhigh,1.0,4.0,100,1300.0,150,1300,0.7579625978657107,2.7259046429616896,4.367561773614892,-0.03144338124920777,0.34131809940000646,-0.040952378217108384,2.847814207555328,10.694601629818507,16.560229688820918,0.001812745700012553,7.66070380750975e-06,2.332334327337965e-06,0.5992643899139527,0.03812475087619122,0.06117751677873533
ymlfiles\Case_568_H4_T8p5_dir45_heaveDOFbest_pitchDOFbest_rollDOFbest.yml,4,8.5,6.5891,45,DOFbest,DOFbest,DOFbest,3.3,2.4,233,304.5,248,640,0.7546778371378748,2.68225519799281,4.321852922648395,-0.03143839302372458,0.34310705608880454,-0.04226982408270238,2.8347557689749565,10.533724967126698,16.386829453224628,0.0019462287898445163,7.2183139960763e-06,2.6275944596286123e-06,0.5962436869709397,0.03754389782116816,0.06058512125271215
ymlfiles\Case_569_H4_T8p5_dir90_heavelow_pitchlow_rolllow.yml,4,8.5,6.5891,90,low,low,low,1.0,1.0,100,300.0,150,200,0.7314339502112395,1.7815425628257724,3.9533091384702246,-0.04420024009958912,0.4587465813623788,-0.0030271661032708857,2.7324285436646316,7.257645438122177,14.97213237704262,-0.000849190010079581,-0.00012688335139989307,-0.0001106777876917706,0.5705517688899243,0.026628263228381244,0.05271717003191638
ymlfiles\Case_570_H4_T8p5_dir90_heavelinhigh_pitchlinhigh_rolllinhigh.yml,4,8.5,6.5891,90,linhigh,linhigh,linhigh,6.5,1.0,300,300.0,325,200,0.7137966707168393,1.6862032458037088,3.743441341963725,-0.04674950147996701,0.464857011428296,-0.014085272408121333,2.6623694322772993,6.901136141905118,14.16838107966251,-0.00031502918258315485,-0.00012768534942226843,-0.0001083907766801548,0.5547394512821436,0.0253856571536763,0.04995362618578024
ymlfiles\Case_571_H4_T8p5_dir90_heavequadhigh_pitchquadhigh_rollquadhigh.yml,4,8.5,6.5891,90,quadhigh,quadhigh,quadhigh,1.0,4.0,100,1300.0,150,1300,0.7242281950950061,1.755591300425453,3.867227688640749,-0.046016360483842736,0.46206126412962806,-0.009601967016903065,2.7031200774671778,7.162239052505612,14.64026249906617,-0.0006358924662655675,-0.00012799134339339774,-0.000110380235435224,0.5640983393009696,0.026298620559986947,0.05158013804757169
ymlfiles\Case_572_H4_T8p5_dir90_heaveDOFbest_pitchDOFbest_rollDOFbest.yml,4,8.5,6.5891,90,DOFbest,DOFbest,DOFbest,3.3,2.4,233,304.5,248,640,0.7207583488237856,1.7179808176275504,3.810394114625289,-0.046049189108598704,0.46295018179744163,-0.010238724252231763,2.689491854395007,7.019588342589525,14.422786693412352,-0.00048356794761232554,-0.0001276152197506504,-0.00010921822072477508,0.5609218639005793,0.025798430757832388,0.05083568205608199
ymlfiles\Case_573_H4_T8p5_dir135_heavelow_pitchlow_rolllow.yml,4,8.5,6.5891,135,low,low,low,1.0,1.0,100,300.0,150,200,0.7212008559063642,2.743930168274429,2.3408494276756073,-0.09631314745100035,0.5588270389581751,0.06994344768380252,2.6414728540700008,10.988015594192078,8.93518689755757,0.0006149907113644022,-0.00029384904751408,7.338810923044578e-05,0.5538377879659709,0.03866190549947591,0.030821891687590135
ymlfiles\Case_574_H4_T8p5_dir135_heavelinhigh_pitchlinhigh_rolllinhigh.yml,4,8.5,6.5891,135,linhigh,linhigh,linhigh,6.5,1.0,300,300.0,325,200,0.7035846561195926,2.6056558596406085,2.214305216539522,-0.1009276790645804,0.5685467199369623,0.05405701968343485,2.5690180240599014,10.476679890625952,8.440951477857615,0.0009473519337397928,-0.0002871540678360399,8.446052075901017e-05,0.5381650059135615,0.03676809200038795,0.029186504543918097
ymlfiles\Case_575_H4_T8p5_dir135_heavequadhigh_pitchquadhigh_rollquadhigh.yml,4,8.5,6.5891,135,quadhigh,quadhigh,quadhigh,1.0,4.0,100,1300.0,150,1300,0.714203160820433,2.6903920152915894,2.3125122659876562,-0.0988589282091018,0.5633726097492171,0.06360233536944732,2.6118027838787565,10.790117865252759,8.821996696100735,0.0007476485141084774,-0.00029391901264727685,7.63809961894232e-05,0.5476154482132318,0.037931712288571284,0.030458377804291253
ymlfiles\Case_576_H4_T8p5_dir135_heaveDOFbest_pitchDOFbest_rollDOFbest.yml,4,8.5,6.5891,135,DOFbest,DOFbest,DOFbest,3.3,2.4,233,304.5,248,640,0.7106221880319228,2.6440265549358966,2.2541786368280485,-0.09948754671680192,0.5656886676147489,0.05926378626586759,2.5974434920132596,10.618213828688981,8.596725728091998,0.0008579919128855846,-0.00028934354851031037,8.090727745323107e-05,0.5443886748807215,0.0372954425461715,0.029700408899443344
ymlfiles\Case_577_H4_T8p5_dir180_heavelow_pitchlow_rolllow.yml,4,8.5,6.5891,180,low,low,low,1.0,1.0,100,300.0,150,200,0.789197723809774,6.002892426453727,0.00046560484771503364,-0.09472256141045991,0.4882648961351322,-0.002397159380255149,2.904102370436597,23.35631572173867,-0.0006230882174902595,0.002118304352424558,3.8771164626271605e-06,2.6033613292648375e-07,0.6315776652623585,0.08719108337356896,7.3964061964339765e-06
ymlfiles\Case_578_H4_T8p5_dir180_heavelinhigh_pitchlinhigh_rolllinhigh.yml,4,8.5,6.5891,180,linhigh,linhigh,linhigh,6.5,1.0,300,300.0,325,200,0.7710634685573203,5.719424485155436,0.0004253214002000395,-0.10203996911349018,0.4973677759135885,-0.002493409798836442,2.8271329416173265,22.288723205011397,-0.0008746525157892798,0.0027400861751529964,3.4159339217632892e-06,3.238442327814198e-07,0.6134407725220594,0.0834590017454921,6.375196937576433e-06
ymlfiles\Case_579_H4_T8p5_dir180_heavequadhigh_pitchquadhigh_rollquadhigh.yml,4,8.5,6.5891,180,quadhigh,quadhigh,quadhigh,1.0,4.0,100,1300.0,150,1300,0.7815133409420859,5.773033155159596,0.0004299983834261243,-0.1002394444267457,0.49782619352649166,-0.002372048478374794,2.8692353303633245,22.49556791052679,-0.0007335674244003025,0.002567992929943705,3.593748323472748e-06,2.2359329605296473e-07,0.6226155620252997,0.0841625816149868,6.410654036902581e-06
ymlfiles\Case_580_H4_T8p5_dir180_heaveDOFbest_pitchDOFbest_rollDOFbest.yml,4,8.5,6.5891,180,DOFbest,DOFbest,DOFbest,3.3,2.4,233,304.5,248,640,0.7781474481867339,5.752009485042414,0.0004189110297785601,-0.10049151681156165,0.497374883314152,-0.0024409546972237,2.8560438522679155,22.41394465587968,-0.0008453359758221182,0.0026440930897949177,3.5316251541354293e-06,2.874096063017474e-07,0.6197010863923541,0.08388303534019227,6.201926717686089e-06
ymlfiles\Case_581_H4_T9_dir0_heavelow_pitchlow_rolllow.yml,4,9.0,6.9767,0,low,low,low,1.0,1.0,100,300.0,150,200,0.7048498336391613,2.648649439957873,0.0005548156558829797,-0.016758316752585257,0.3061593865967587,-0.002286409593125954,2.6515761391704404,10.408500311655942,-0.00016668110364235697,-0.00757289114804628,-2.084100597811193e-06,8.560419447318279e-08,0.5285091267762451,0.03789391880202557,1.0401317593510927e-05
ymlfiles\Case_582_H4_T9_dir0_heavelinhigh_pitchlinhigh_rolllinhigh.yml,4,9.0,6.9767,0,linhigh,linhigh,linhigh,6.5,1.0,300,300.0,325,200,0.6893111745874532,2.5571803128972372,0.0007293805916426015,-0.017754800378532914,0.312331535255437,-0.0024138184492302657,2.590345683258927,10.073661133893937,0.00035260432896276703,-0.007002677082167911,-1.990762714037201e-06,1.5258194512944587e-07,0.5147832499630016,0.03681346557789006,1.0344995599609304e-05
ymlfiles\Case_583_H4_T9_dir0_heavequadhigh_pitchquadhigh_rollquadhigh.yml,4,9.0,6.9767,0,quadhigh,quadhigh,quadhigh,1.0,4.0,100,1300.0,150,1300,0.699119174250694,2.61336587830484,0.0005735085971544458,-0.017266853855827498,0.3096712116663122,-0.002311914839714423,2.629087502695781,10.27886127604166,-0.00012489888091874162,-0.007362025629394627,-2.0429129166095184e-06,1.0289665563118094e-07,0.5233593022634752,0.03747808734942193,1.0197325305825921e-05
ymlfiles\Case_584_H4_T9_dir0_heaveDOFbest_pitchDOFbest_rollDOFbest.yml,4,9.0,6.9767,0,DOFbest,DOFbest,DOFbest,3.3,2.4,233,304.5,248,640,0.6956660893461813,2.5821097975655656,0.0005504770856975962,-0.017390471917036455,0.31057384384122894,-0.0023082090936085617,2.6156082995277057,10.163806627835386,-0.00020734579061384723,-0.007152556877797656,-2.035285027668052e-06,9.605552290126899e-08,0.5202933535846186,0.03710781938976669,9.847433467499566e-06
ymlfiles\Case_585_H4_T9_dir45_heavelow_pitchlow_rolllow.yml,4,9.0,6.9767,45,low,low,low,1.0,1.0,100,300.0,150,200,0.7929582392447813,2.746639731090928,4.443365233471536,-0.030382435693404323,0.3355743317077795,-0.09877278295431094,2.972949644928339,10.74274256940849,16.751654741622353,-0.0028741041393738572,-8.549608387671231e-05,-6.180889121728597e-05,0.6049016043101132,0.03708653106197717,0.06022612824715903
ymlfiles\Case_586_H4_T9_dir45_heavelinhigh_pitchlinhigh_rolllinhigh.yml,4,9.0,6.9767,45,linhigh,linhigh,linhigh,6.5,1.0,300,300.0,325,200,0.7763500226066959,2.6370386197428015,4.211212255683145,-0.03248035777708486,0.3462068013022438,-0.10335760149068586,2.9068436892363976,10.338621482736572,15.869193185700572,-0.001953053155054952,-8.421349220530264e-05,-6.0918720558734284e-05,0.5895197509676094,0.03563011236418698,0.057241870430914235
ymlfiles\Case_587_H4_T9_dir45_heavequadhigh_pitchquadhigh_rollquadhigh.yml,4,9.0,6.9767,45,quadhigh,quadhigh,quadhigh,1.0,4.0,100,1300.0,150,1300,0.7857866059392836,2.7104101168773407,4.333219240425448,-0.03189200696835631,0.341743761572837,-0.10245103982648811,2.9436395456832343,10.61218183624723,16.33199552515154,-0.0024791046372789676,-8.460716867248647e-05,-6.175914763628131e-05,0.5981094404129617,0.036597919020902994,0.058803605734739334
ymlfiles\Case_588_H4_T9_dir45_heaveDOFbest_pitchDOFbest_rollDOFbest.yml,4,9.0,6.9767,45,DOFbest,DOFbest,DOFbest,3.3,2.4,233,304.5,248,640,0.7827449209480677,2.6694229289427875,4.285133196673949,-0.03177335077292294,0.3426670737150064,-0.10242269921779361,2.9317622991589034,10.458331331610365,16.150500083618947,-0.0022302903941788226,-8.409061497605695e-05,-6.06999608756439e-05,0.5952897951752867,0.0360580922648971,0.05819198258453005
ymlfiles\Case_589_H4_T9_dir90_heavelow_pitchlow_rolllow.yml,4,9.0,6.9767,90,low,low,low,1.0,1.0,100,300.0,150,200,0.761579196476708,1.7031166358756795,4.030700314464009,-0.03630580619082946,0.47142561590930543,-0.007695365801426048,2.8466284891383706,6.959232843669877,15.233502532663948,-0.005059535133709471,-0.00011165963000133731,-8.527307652358747e-05,0.57168726489331,0.02495958579893307,0.05194595424128715
ymlfiles\Case_590_H4_T9_dir90_heavelinhigh_pitchlinhigh_rolllinhigh.yml,4,9.0,6.9767,90,linhigh,linhigh,linhigh,6.5,1.0,300,300.0,325,200,0.7451122544311336,1.6113661258373155,3.829133240907382,-0.03822509034491887,0.4734406216442528,-0.016950123601356306,2.7820730411235033,6.612034723351131,14.462066660364664,-0.0041546785143373,-0.0001149093773210804,-8.491045637543561e-05,0.5568582355345653,0.023777014022524395,0.04933650030341732
ymlfiles\Case_591_H4_T9_dir90_heavequadhigh_pitchquadhigh_rollquadhigh.yml,4,9.0,6.9767,90,quadhigh,quadhigh,quadhigh,1.0,4.0,100,1300.0,150,1300,0.7548560887619999,1.6789163547075012,3.9495018572208784,-0.03766680351835696,0.4728689664516872,-0.013765864086158671,2.819663091540799,6.868176696855006,14.919576620530416,-0.004694666802987206,-0.00011373067749547389,-8.563364077553208e-05,0.565578938562701,0.024655147068923033,0.05088933081738024
ymlfiles\Case_592_H4_T9_dir90_heaveDOFbest_pitchDOFbest_rollDOFbest.yml,4,9.0,6.9767,90,DOFbest,DOFbest,DOFbest,3.3,2.4,233,304.5,248,640,0.7516121569502143,1.6424348539911204,3.8929956493134146,-0.03768417184986617,0.4727557780380389,-0.014082057518509808,2.8073702612718794,6.729098620229977,14.705606506757114,-0.004435444672013607,-0.0001140908314290312,-8.517188019841237e-05,0.5626181771926433,0.02417557059874345,0.05016253020315219
ymlfiles\Case_593_H4_T9_dir135_heavelow_pitchlow_rolllow.yml,4,9.0,6.9767,135,low,low,low,1.0,1.0,100,300.0,150,200,0.7521880443987992,2.635849633840904,2.4168717414040817,-0.09948640195160968,0.5539066843183991,0.06781771435806616,2.7478942998011924,10.556531194299783,9.204644299154817,-0.0014816119506078705,-0.0003146304604360887,3.304252865929776e-05,0.553420932656877,0.03623739300247674,0.030685882136876584
ymlfiles\Case_594_H4_T9_dir135_heavelinhigh_pitchlinhigh_rolllinhigh.yml,4,9.0,6.9767,135,linhigh,linhigh,linhigh,6.5,1.0,300,300.0,325,200,0.7361556674568105,2.5147703392259886,2.294534652470336,-0.10270748642187383,0.5618448678882407,0.05407427217695216,2.6832332668163796,10.105969717321983,8.726495534156522,-0.0010025691420369849,-0.000308249245628277,4.815626812626231e-05,0.5393653930556126,0.034566800581157936,0.029137792216965722
ymlfiles\Case_595_H4_T9_dir135_heavequadhigh_pitchquadhigh_rollquadhigh.yml,4,9.0,6.9767,135,quadhigh,quadhigh,quadhigh,1.0,4.0,100,1300.0,150,1300,0.7458330174856681,2.5916467914203234,2.3896055769132176,-0.10123859652420046,0.5572927749783697,0.06221316886536691,2.7217803705401815,10.393193883293986,9.095463079921975,-0.0013287712095805314,-0.0003145158859953153,3.760633259825377e-05,0.5478530027534234,0.035627398274186504,0.03034418682733013
ymlfiles\Case_596_H4_T9_dir135_heaveDOFbest_pitchDOFbest_rollDOFbest.yml,4,9.0,6.9767,135,DOFbest,DOFbest,DOFbest,3.3,2.4,233,304.5,248,640,0.7425944446411329,2.5496290707503273,2.333293236361995,-0.10170233830434494,0.5595091812714582,0.05879796094333706,2.709058452530238,10.235930837523586,8.877711134328278,-0.0011397686774469416,-0.00031047462300211423,4.338760013696961e-05,0.5449647360722772,0.035048761906152505,0.029626344675782113
ymlfiles\Case_597_H4_T9_dir180_heavelow_pitchlow_rolllow.yml,4,9.0,6.9767,180,low,low,low,1.0,1.0,100,300.0,150,200,0.8192874629061873,5.7218443574736355,0.0004268436047688828,-0.09643508967741996,0.4264350177883355,-0.0023758566965724624,3.0069467620801085,22.187547212055943,-0.0007520185052727793,-0.0012859563922399148,-2.748060038858553e-06,2.744782257096529e-07,0.6291026416144663,0.08117433496925046,6.309482030616307e-06
ymlfiles\Case_598_H4_T9_dir180_heavelinhigh_pitchlinhigh_rolllinhigh.yml,4,9.0,6.9767,180,linhigh,linhigh,linhigh,6.5,1.0,300,300.0,325,200,0.8025574265118579,5.4596908091882606,0.0004050775376853588,-0.1024024731432564,0.44097719782806033,-0.002369268129986193,2.937119949152538,21.20816253492328,-0.0008296249495320003,-0.000372293381374894,-2.574546988965391e-06,2.4876460810035784e-07,0.6121658428762673,0.07774630733977607,5.820920737146092e-06
ymlfiles\Case_599_H4_T9_dir180_heavequadhigh_pitchquadhigh_rollquadhigh.yml,4,9.0,6.9767,180,quadhigh,quadhigh,quadhigh,1.0,4.0,100,1300.0,150,1300,0.8122151483814283,5.522349529020014,0.0004214682831485814,-0.1005348028976317,0.4381545760827895,-0.002383195156109972,2.975728915999189,21.44370362055758,-0.0007811741864675425,-0.0006341459098217431,-2.6274125784878627e-06,2.675595031675586e-07,0.6207133189938494,0.0785605955177086,6.049421131466807e-06
ymlfiles\Case_600_H4_T9_dir180_heaveDOFbest_pitchDOFbest_rollDOFbest.yml,4,9.0,6.9767,180,DOFbest,DOFbest,DOFbest,3.3,2.4,233,304.5,248,640,0.8091280301107596,5.495553896290912,0.0004245295385574815,-0.10090498280953182,0.4391504017292779,-0.0023796705713128455,2.9636662800294,21.342775985091897,-0.0007656070952221528,-0.0005210084429780569,-2.587394634262148e-06,2.639372145218704e-07,0.6180138894461998,0.078208615492407,6.217088679972885e-06
ymlfiles\Case_601_H4_T9p5_dir0_heavelow_pitchlow_rolllow.yml,4,9.5,7.3643,0,low,low,low,1.0,1.0,100,300.0,150,200,0.7302597707867912,2.647062773409004,0.0006330921760366862,-0.017702620932403806,0.31173963247144826,-0.0022855148302777396,2.7391226547012306,10.378385030121139,0.0001343732813961769,-0.009975375068130374,-3.2200513061059474e-06,9.887275948623907e-08,0.5272457340351827,0.036317535421392835,1.3476502129695607e-05
ymlfiles\Case_602_H4_T9p5_dir0_heavelinhigh_pitchlinhigh_rolllinhigh.yml,4,9.5,7.3643,0,linhigh,linhigh,linhigh,6.5,1.0,300,300.0,325,200,0.7158425772731549,2.5623146933170067,0.0005678883146645471,-0.018624146171417416,0.31591936329952847,-0.0023215231159680475,2.6825497272707834,10.06849958011457,-0.00015710901428237336,-0.009284150919424451,-2.943863672230132e-06,1.1554625954918475e-07,0.5144712979918045,0.035313181968744625,1.052161077538762e-05
ymlfiles\Case_603_H4_T9p5_dir0_heavequadhigh_pitchquadhigh_rollquadhigh.yml,4,9.5,7.3643,0,quadhigh,quadhigh,quadhigh,1.0,4.0,100,1300.0,150,1300,0.7248923023284579,2.6157679036470673,0.0006499080182626213,-0.018103004229900382,0.3143860613619503,-0.002355402797830223,2.7183048364465887,10.264491426200468,0.00010919337800900956,-0.009731477072285827,-3.1555050833273727e-06,1.3973785285187604e-07,0.5223448331375588,0.035947101038169775,1.064846988207808e-05
ymlfiles\Case_604_H4_T9p5_dir0_heaveDOFbest_pitchDOFbest_rollDOFbest.yml,4,9.5,7.3643,0,DOFbest,DOFbest,DOFbest,3.3,2.4,233,304.5,248,640,0.7217258631581621,2.5862492322888495,0.0005714029399275392,-0.0182626638339229,0.3148156197284041,-0.0023150402019996297,2.705578864962293,10.156059645772437,-0.00013840306681352265,-0.009473716643901451,-3.047102868884902e-06,1.1777935597248017e-07,0.5195600052597513,0.035597045177491106,1.0090037965972746e-05
ymlfiles\Case_605_H4_T9p5_dir45_heavelow_pitchlow_rolllow.yml,4,9.5,7.3643,45,low,low,low,1.0,1.0,100,300.0,150,200,0.812259580712865,2.650172381397451,4.27501142138431,-0.03128205931321265,0.3479548181083088,-0.14838117399933545,3.0361390398096364,10.372641295248316,16.035769898140924,-0.005840482773331472,-0.0001475239416171914,-9.054433741554514e-05,0.5973202930738228,0.03482825816552254,0.05662112015451973
ymlfiles\Case_606_H4_T9p5_dir45_heavelinhigh_pitchlinhigh_rolllinhigh.yml,4,9.5,7.3643,45,linhigh,linhigh,linhigh,6.5,1.0,300,300.0,325,200,0.7968148998529592,2.5520279937685926,4.064580768769055,-0.03266663942912492,0.3545555258068689,-0.1474230790682362,2.975586517939852,10.00693899367531,15.245880102187137,-0.004757659492185703,-0.000143807318277645,-8.981708274778747e-05,0.582897894898853,0.033530767340456326,0.05393701233660394
ymlfiles\Case_607_H4_T9p5_dir45_heavequadhigh_pitchquadhigh_rollquadhigh.yml,4,9.5,7.3643,45,quadhigh,quadhigh,quadhigh,1.0,4.0,100,1300.0,150,1300,0.8056528216485703,2.619584212620952,4.180972740832292,-0.032111483564180365,0.3515528161776294,-0.14901495385823274,3.0103598179424282,10.261617677106278,15.682536862953427,-0.005407446685041453,-0.0001457652953074664,-9.04071613469848e-05,0.5909628143026546,0.03441573452774934,0.055413605936741835
ymlfiles\Case_608_H4_T9p5_dir45_heaveDOFbest_pitchDOFbest_rollDOFbest.yml,4,9.5,7.3643,45,DOFbest,DOFbest,DOFbest,3.3,2.4,233,304.5,248,640,0.8027965440117886,2.5816506273726696,4.131758048996651,-0.03213928921506693,0.3523599012198618,-0.1479371804154791,2.9990342881715564,10.117317998407687,15.498939602966429,-0.005092383227560617,-0.0001447784581218822,-8.979487526918297e-05,0.5883044957327065,0.03391949683221726,0.05479346748900522
ymlfiles\Case_609_H4_T9p5_dir90_heavelow_pitchlow_rolllow.yml,4,9.5,7.3643,90,low,low,low,1.0,1.0,100,300.0,150,200,0.7821858988744634,1.6071639230965806,3.9749903782561455,-0.029239630803912425,0.475239538564951,-0.017217535370320478,2.924112930262747,6.592899612349164,14.981213220137194,-0.008401897552431892,-0.00011927436751180404,-6.147141005580643e-05,0.5659452507642602,0.02328855288408973,0.04976395027151112
ymlfiles\Case_610_H4_T9p5_dir90_heavelinhigh_pitchlinhigh_rolllinhigh.yml,4,9.5,7.3643,90,linhigh,linhigh,linhigh,6.5,1.0,300,300.0,325,200,0.7669525531115259,1.5224132193048188,3.791089847215465,-0.030991913293857348,0.4750598475589441,-0.023479873272954192,2.863862408602993,6.271536145095452,14.278611705980598,-0.007279185172394894,-0.0001227077758185162,-6.296293271861701e-05,0.5521309223870292,0.022202332632981395,0.04741085186243268
ymlfiles\Case_611_H4_T9p5_dir90_heavequadhigh_pitchquadhigh_rollquadhigh.yml,4,9.5,7.3643,90,quadhigh,quadhigh,quadhigh,1.0,4.0,100,1300.0,150,1300,0.7759403726206242,1.5853032383336474,3.903348619404495,-0.030599656985045184,0.4759804911855126,-0.022477382047009022,2.8988410976418053,6.510427996271628,14.70563474194456,-0.007968405498209616,-0.00012172377358173662,-6.242478567259716e-05,0.5601908798439696,0.02301865147618819,0.04884217447189078
ymlfiles\Case_612_H4_T9p5_dir90_heaveDOFbest_pitchDOFbest_rollDOFbest.yml,4,9.5,7.3643,90,DOFbest,DOFbest,DOFbest,3.3,2.4,233,304.5,248,640,0.7729477956829264,1.5513608619541857,3.849007451596388,-0.030593647602693244,0.47525609514839084,-0.021714382188691376,2.8870585237999284,6.381375102109093,14.4997029437978,-0.007631066204977092,-0.00012206932235341428,-6.271354000121357e-05,0.5574436846393858,0.022572975361013776,0.048151629150037435
ymlfiles\Case_613_H4_T9p5_dir135_heavelow_pitchlow_rolllow.yml,4,9.5,7.3643,135,low,low,low,1.0,1.0,100,300.0,150,200,0.7762510689031714,2.460588025847937,2.4014990345363945,-0.10157523161044382,0.5593537441069442,0.058520402170399374,2.8291999095069773,9.879542382394492,9.11413046399243,-0.003196533703491909,-0.0003189389816758351,2.370364028840417e-05,0.5487532253446675,0.03326924817403908,0.029558710567830403
ymlfiles\Case_614_H4_T9p5_dir135_heavelinhigh_pitchlinhigh_rolllinhigh.yml,4,9.5,7.3643,135,linhigh,linhigh,linhigh,6.5,1.0,300,300.0,325,200,0.7613301302788481,2.3571412213853717,2.2892639211463575,-0.10474036882371067,0.5661039461679448,0.044466752246647916,2.7687294425377744,9.494946457839257,8.67786207987632,-0.002616402218065339,-0.00031565292809163044,3.903482351232313e-05,0.5357840915509837,0.03182665601903508,0.02816509868188283
ymlfiles\Case_615_H4_T9p5_dir135_heavequadhigh_pitchquadhigh_rollquadhigh.yml,4,9.5,7.3643,135,quadhigh,quadhigh,quadhigh,1.0,4.0,100,1300.0,150,1300,0.7703747373999036,2.4252974656140114,2.3765257188572524,-0.10304079636151442,0.5618741929098428,0.05158718172951175,2.8053839977325534,9.749382732507486,9.013554249879101,-0.0030341111514895673,-0.00031944519289993123,2.867636467503225e-05,0.5436487070676839,0.03277513603809702,0.0292542045656898
ymlfiles\Case_616_H4_T9p5_dir135_heaveDOFbest_pitchDOFbest_rollDOFbest.yml,4,9.5,7.3643,135,DOFbest,DOFbest,DOFbest,3.3,2.4,233,304.5,248,640,0.76733361769828,2.3874794809166566,2.3244112162292034,-0.10381874440243966,0.564199221322292,0.048347711911264725,2.7929613420562123,9.608928099318192,8.814795333635674,-0.002786421308623269,-0.0003171239599503244,3.41953791399456e-05,0.5409518353965742,0.03225180094117655,0.028599935732720492
ymlfiles\Case_617_H4_T9p5_dir180_heavelow_pitchlow_rolllow.yml,4,9.5,7.3643,180,low,low,low,1.0,1.0,100,300.0,150,200,0.8417056925874237,5.345119510252927,0.00043507640146037824,-0.0975906895888634,0.3995647257569299,-0.002387468621784118,3.0822721505061565,20.69875166079467,-0.0007355051726810667,-0.0028029512876810003,7.399341981488153e-06,2.876213308952762e-07,0.6195151296756918,0.07475040978057712,6.158482187145999e-06
ymlfiles\Case_618_H4_T9p5_dir180_heavelinhigh_pitchlinhigh_rolllinhigh.yml,4,9.5,7.3643,180,linhigh,linhigh,linhigh,6.5,1.0,300,300.0,325,200,0.8261676724706721,5.107322456084487,0.00042924413370717794,-0.10315088446669098,0.4167226432851916,-0.002458229330982645,3.0166175692209336,19.816793213640945,-0.00083112703781505,-0.0018526149123158913,6.5789870606043e-06,3.365406237656371e-07,0.6038266425928177,0.07164131716221933,5.777094172644973e-06
ymlfiles\Case_619_H4_T9p5_dir180_heavequadhigh_pitchquadhigh_rollquadhigh.yml,4,9.5,7.3643,180,quadhigh,quadhigh,quadhigh,1.0,4.0,100,1300.0,150,1300,0.8351879426612756,5.176577904477926,0.000407697070167206,-0.10098262116231711,0.4117704009575628,-0.002373874158820082,3.0542610399004753,20.07189235107301,-0.0008261075631683019,-0.002162834066276183,6.9801629151822865e-06,2.5990272986694864e-07,0.6118955386097665,0.07254024960788392,5.598932549090242e-06
ymlfiles\Case_620_H4_T9p5_dir180_heaveDOFbest_pitchDOFbest_rollDOFbest.yml,4,9.5,7.3643,180,DOFbest,DOFbest,DOFbest,3.3,2.4,233,304.5,248,640,0.8322985561245306,5.1451406319360595,0.0003941280283214234,-0.10157073256143698,0.41375951308752096,-0.0023698638632917934,3.0422302724316963,19.955485274539708,-0.0008738417880144926,-0.0020247410488489605,6.757950174363704e-06,2.548039645471589e-07,0.6093290054761219,0.07212721944124631,5.393666391001168e-06
ymlfiles\Case_621_H4_T10_dir0_heavelow_pitchlow_rolllow.yml,4,10.0,7.7519,0,low,low,low,1.0,1.0,100,300.0,150,200,0.7484665159495959,2.5606310641493284,0.0006608655233164616,-0.016147365029115245,0.30983747801353245,-0.002338199660263543,2.800940078599317,10.0268946035275,0.0001760483951980204,-0.011216145108074756,5.170552279820066e-06,1.3052616945633852e-07,0.5219295313098492,0.03407333831732297,1.2449378031724785e-05
ymlfiles\Case_622_H4_T10_dir0_heavelinhigh_pitchlinhigh_rolllinhigh.yml,4,10.0,7.7519,0,linhigh,linhigh,linhigh,6.5,1.0,300,300.0,325,200,0.7349415527948193,2.4836577978454466,0.0005896629229677307,-0.01721141661045086,0.3133535327001091,-0.002301378060605572,2.7479842391408194,9.740265326262188,-4.8616647319062525e-05,-0.010522865684343241,4.959362541638545e-06,1.0540010761361333e-07,0.5097259707263896,0.03315556064759092,1.1889255736536496e-05
ymlfiles\Case_623_H4_T10_dir0_heavequadhigh_pitchquadhigh_rollquadhigh.yml,4,10.0,7.7519,0,quadhigh,quadhigh,quadhigh,1.0,4.0,100,1300.0,150,1300,0.7434009244589049,2.532937468261917,0.0005831685861841697,-0.016516433929025267,0.31204117922836055,-0.0023136186725015444,2.7813391620543277,9.92550060444022,-9.030126948404412e-05,-0.010981215662510799,5.0993196170900785e-06,1.204106694108552e-07,0.5171512029069846,0.03374321667154834,1.0958104533994529e-05
ymlfiles\Case_624_H4_T10_dir0_heaveDOFbest_pitchDOFbest_rollDOFbest.yml,4,10.0,7.7519,0,DOFbest,DOFbest,DOFbest,3.3,2.4,233,304.5,248,640,0.7404509828440309,2.505733766684989,0.0006139914252487588,-0.01676755694430786,0.3124280462238078,-0.0023206848999609174,2.7698202683164928,9.821654395996061,1.9241493564049143e-05,-0.010721179965333635,4.9932651879527835e-06,1.2174205168283694e-07,0.514536084700266,0.03341832040995421,1.2545776319323112e-05
ymlfiles\Case_625_H4_T10_dir45_heavelow_pitchlow_rolllow.yml,4,10.0,7.7519,45,low,low,low,1.0,1.0,100,300.0,150,200,0.8231779052880984,2.5128041183114065,4.02870280143745,-0.026706126931157564,0.3420523597767287,-0.17187672187062128,3.072497073843429,9.839420074103488,15.07508030920879,-0.0069892073049601725,-0.0001570407653844368,-0.0001133815743310292,0.5847504547707864,0.032354389371161967,0.052649758404472564
ymlfiles\Case_626_H4_T10_dir45_heavelinhigh_pitchlinhigh_rolllinhigh.yml,4,10.0,7.7519,45,linhigh,linhigh,linhigh,6.5,1.0,300,300.0,325,200,0.808735632426438,2.4248647959244556,3.842971310598365,-0.027699045197639372,0.3464285100351106,-0.16835438051129945,3.016234018992539,9.511929052124493,14.376474599492633,-0.005963688027855252,-0.00015454403524133183,-0.00011191314174408644,0.5710960137048635,0.031183312761866002,0.050257026832132845
ymlfiles\Case_627_H4_T10_dir45_heavequadhigh_pitchquadhigh_rollquadhigh.yml,4,10.0,7.7519,45,quadhigh,quadhigh,quadhigh,1.0,4.0,100,1300.0,150,1300,0.8170835417464772,2.4862352115226147,3.950283634804644,-0.02722415861033368,0.34462193029001814,-0.17084305112880954,3.0490342195766424,9.742090282864575,14.78014024980968,-0.0065988399233297594,-0.0001559492243236371,-0.00011305925937935719,0.5788201927286597,0.031995348226880695,0.05163713606801373
ymlfiles\Case_628_H4_T10_dir45_heaveDOFbest_pitchDOFbest_rollDOFbest.yml,4,10.0,7.7519,45,DOFbest,DOFbest,DOFbest,3.3,2.4,233,304.5,248,640,0.8143637459457095,2.4517892716391776,3.902215424373182,-0.02726091797809244,0.3450250161939056,-0.16927291183066812,3.0382143373565365,9.611781665115046,14.60297659883239,-0.006287395538844035,-0.00015533436063475616,-0.00011226639175560441,0.5762429957385139,0.03153972154196723,0.0510203851681468
ymlfiles\Case_629_H4_T10_dir90_heavelow_pitchlow_rolllow.yml,4,10.0,7.7519,90,low,low,low,1.0,1.0,100,300.0,150,200,0.794440179459432,1.5109315257162603,3.810153404458107,-0.02013667592828592,0.459712996086262,-0.016265721225919468,2.9706946285304765,6.210021522409149,14.338851445251914,-0.010213121769196495,-0.00012609564591567317,-6.0215674307517645e-05,0.5554372524865039,0.021846194523183395,0.04665801293929602
ymlfiles\Case_630_H4_T10_dir90_heavelinhigh_pitchlinhigh_rolllinhigh.yml,4,10.0,7.7519,90,linhigh,linhigh,linhigh,6.5,1.0,300,300.0,325,200,0.7803468416415781,1.4324074504641633,3.647844108892865,-0.021574710523120738,0.4582542857338283,-0.020235655553299276,2.9153339776130256,5.908905851456311,13.71773773382128,-0.009074206489028201,-0.0001278198010160124,-6.070553816281323e-05,0.5424432877863036,0.020826922705982524,0.04457819536519832
ymlfiles\Case_631_H4_T10_dir90_heavequadhigh_pitchquadhigh_rollquadhigh.yml,4,10.0,7.7519,90,quadhigh,quadhigh,quadhigh,1.0,4.0,100,1300.0,150,1300,0.7887082716046879,1.49129861639943,3.748723253306073,-0.021359276310297395,0.46016315825291176,-0.020629161268121487,2.9478930976141275,6.1360332754808535,14.102220005497651,-0.009787114578813073,-0.0001280109338122277,-6.087679777405857e-05,0.5500476511426989,0.021602457876911937,0.04586891727501397
ymlfiles\Case_632_H4_T10_dir90_heaveDOFbest_pitchDOFbest_rollDOFbest.yml,4,10.0,7.7519,90,DOFbest,DOFbest,DOFbest,3.3,2.4,233,304.5,248,640,0.7859375410410655,1.4598337332018074,3.6987773165297755,-0.02122854156804488,0.4588422710584377,-0.01921097818360291,2.937068053479915,6.014407761804495,13.911396959839117,-0.009433200004682077,-0.00012756440118343235,-6.0718094319398615e-05,0.5474709699332657,0.021182689490001537,0.04523113134944464
ymlfiles\Case_633_H4_T10_dir135_heavelow_pitchlow_rolllow.yml,4,10.0,7.7519,135,low,low,low,1.0,1.0,100,300.0,150,200,0.7921391633761184,2.2718998038918143,2.31470755829829,-0.10148985605201373,0.5636422278848976,0.04860139462283432,2.880142065052334,9.172887350020861,8.76488775841024,-0.004212628994132195,-0.00032135962075635405,2.702179497142705e-05,0.5399988684365096,0.030408257039059725,0.027825403616449747
ymlfiles\Case_634_H4_T10_dir135_heavelinhigh_pitchlinhigh_rolllinhigh.yml,4,10.0,7.7519,135,linhigh,linhigh,linhigh,6.5,1.0,300,300.0,325,200,0.7782384333216933,2.1815811833388716,2.2169198817502243,-0.10420209215763199,0.5689804220800959,0.03693323833861277,2.823718321897888,8.834649872481194,8.386460409021273,-0.0036243029931531776,-0.00031927238881723015,4.0556975429472555e-05,0.5278420872371821,0.029119349293087012,0.026619193086988388
ymlfiles\Case_635_H4_T10_dir135_heavequadhigh_pitchquadhigh_rollquadhigh.yml,4,10.0,7.7519,135,quadhigh,quadhigh,quadhigh,1.0,4.0,100,1300.0,150,1300,0.7867031510798458,2.243070113978223,2.2935078765050405,-0.10271705237224411,0.5656353655196116,0.04218247639589604,2.8581025842382624,9.065631890144319,8.680667398123513,-0.004056852153338495,-0.00032210603802599176,3.1439527310144695e-05,0.5352704278749929,0.02999817341699332,0.027571667646723277
ymlfiles\Case_636_H4_T10_dir135_heaveDOFbest_pitchDOFbest_rollDOFbest.yml,4,10.0,7.7519,135,DOFbest,DOFbest,DOFbest,3.3,2.4,233,304.5,248,640,0.7838629059022943,2.2090862461115894,2.2478216535964135,-0.103292772237067,0.567259297466045,0.040381278106821274,2.8464908773799826,8.936249561331138,8.50629298112012,-0.003803058882507269,-0.00032028972682778516,3.6273488873734006e-05,0.5327221566062659,0.029513649489732195,0.026997681095952304
ymlfiles\Case_637_H4_T10_dir180_heavelow_pitchlow_rolllow.yml,4,10.0,7.7519,180,low,low,low,1.0,1.0,100,300.0,150,200,0.8540647140659364,4.959687562054347,0.000403944570896414,-0.0908734175838601,0.38292319915482476,-0.002447492306124692,3.1266882914950016,19.220498597807648,-0.0009146909667315972,-0.003074668385764158,-9.137162409412297e-06,3.284437724158416e-07,0.6048381137130836,0.06881667382886358,5.4685879973366795e-06
ymlfiles\Case_638_H4_T10_dir180_heavelinhigh_pitchlinhigh_rolllinhigh.yml,4,10.0,7.7519,180,linhigh,linhigh,linhigh,6.5,1.0,300,300.0,325,200,0.839415022802478,4.749895984148621,0.00041681921558364335,-0.09484982166798794,0.39718702494382174,-0.002373252513949899,3.0656712464466414,18.437968334728122,-0.0007915952270884485,-0.0023011995596860283,-8.616916181909185e-06,2.3955651527233837e-07,0.5900935954154405,0.06599812784406593,5.883100880266355e-06
ymlfiles\Case_639_H4_T10_dir180_heavequadhigh_pitchquadhigh_rollquadhigh.yml,4,10.0,7.7519,180,quadhigh,quadhigh,quadhigh,1.0,4.0,100,1300.0,150,1300,0.8479047041653324,4.820462757733448,0.00044422289325169736,-0.09313016576824347,0.3928179542040825,-0.002455998718357018,3.100664474101236,18.70349236596839,-0.0007714150989470965,-0.002569033070447865,-8.700379757165321e-06,3.271360725674643e-07,0.597827930834357,0.06695500143758808,6.223013594311443e-06
ymlfiles\Case_640_H4_T10_dir180_heaveDOFbest_pitchDOFbest_rollDOFbest.yml,4,10.0,7.7519,180,DOFbest,DOFbest,DOFbest,3.3,2.4,233,304.5,248,640,0.8451714024728202,4.7869379365621425,0.0003929636207381418,-0.09359771111036701,0.39450411509057126,-0.002407971694111355,3.0895283704597856,18.57504621628948,-0.00091730399284175,-0.0024495551960021845,-8.678268941412211e-06,2.7570940237888406e-07,0.5953421050663524,0.06649523425663316,5.239748213138951e-06
ymlfiles\Case_641_H4_T11_dir0_heavelow_pitchlow_rolllow.yml,4,11.0,8.5271,0,low,low,low,1.0,1.0,100,300.0,150,200,0.7871952264372143,2.3924443132605475,0.0007171025213948319,-0.011963721110276106,0.28871068184349025,-0.002366647734538056,2.936115719140381,9.333971334771238,0.000351003288359299,-0.012107176704417829,-6.225932010640864e-07,1.4067806587024873e-07,0.5121492319564213,0.03024166292508463,1.3412518171945633e-05
ymlfiles\Case_642_H4_T11_dir0_heavelinhigh_pitchlinhigh_rolllinhigh.yml,4,11.0,8.5271,0,linhigh,linhigh,linhigh,6.5,1.0,300,300.0,325,200,0.7752822274977684,2.325503963923725,0.0007355880903093738,-0.013102072694310438,0.2904246193027192,-0.0023153105629632126,2.888680684197543,9.086270666539484,0.00049053958733072,-0.011454886605319115,-5.528458046665863e-07,1.1146502434951715e-07,0.501238078106547,0.029429155453858442,1.6873801188800514e-05
ymlfiles\Case_643_H4_T11_dir0_heavequadhigh_pitchquadhigh_rollquadhigh.yml,4,11.0,8.5271,0,quadhigh,quadhigh,quadhigh,1.0,4.0,100,1300.0,150,1300,0.7828104861422283,2.369942515344767,0.0007382697038828452,-0.012255568031356613,0.2901826654890946,-0.0023262619816138605,2.9190258472160964,9.252636559208234,0.0004847491199748066,-0.01190583841751703,-6.142467185666424e-07,1.3080792838268117e-07,0.507840031843998,0.029969444121497567,1.5005215839758175e-05
ymlfiles\Case_644_H4_T11_dir0_heaveDOFbest_pitchDOFbest_rollDOFbest.yml,4,11.0,8.5271,0,DOFbest,DOFbest,DOFbest,3.3,2.4,233,304.5,248,640,0.7801702094972777,2.3456495959219295,0.0007148487060360422,-0.01253093822953764,0.2900111213428801,-0.0023263202393260162,2.90773227969681,9.163025253960537,0.00039390412980499015,-0.011654389568131529,-5.87490366559564e-07,1.2963197443070274e-07,0.5055249815157201,0.02967075089226194,1.5642599157844236e-05
ymlfiles\Case_645_H4_T11_dir45_heavelow_pitchlow_rolllow.yml,4,11.0,8.5271,45,low,low,low,1.0,1.0,100,300.0,150,200,0.8506430695199334,2.2806990797137714,3.6184508022800395,-0.023639537942153316,0.34487957305420014,-0.179608798740169,3.1636855054027966,8.946905194973253,13.480387620771875,-0.007760493516262923,-0.0001787315965123567,-0.00012083689576310435,0.5629234435059326,0.028490647618868575,0.04635619673387441
ymlfiles\Case_646_H4_T11_dir45_heavelinhigh_pitchlinhigh_rolllinhigh.yml,4,11.0,8.5271,45,linhigh,linhigh,linhigh,6.5,1.0,300,300.0,325,200,0.8379738728993986,2.2060937384620734,3.463954588760847,-0.023862509299819586,0.34516174391976595,-0.1750740561202726,3.115390594485654,8.662933529185043,12.906102231304507,-0.006901795647136979,-0.000176147088746297,-0.00011988245028247666,0.5510264371618653,0.027468233187143986,0.04431657968415306
ymlfiles\Case_647_H4_T11_dir45_heavequadhigh_pitchquadhigh_rollquadhigh.yml,4,11.0,8.5271,45,quadhigh,quadhigh,quadhigh,1.0,4.0,100,1300.0,150,1300,0.8455105863845856,2.260968697740823,3.5608056541109137,-0.023607631106855004,0.3449413873860863,-0.17830740741364773,3.1440821474026195,8.871572709298887,13.264073087322986,-0.007468918971676656,-0.00017722040428015792,-0.0001204024944413542,0.5579366308532442,0.028214415613743965,0.04559490527135327
ymlfiles\Case_648_H4_T11_dir45_heaveDOFbest_pitchDOFbest_rollDOFbest.yml,4,11.0,8.5271,45,DOFbest,DOFbest,DOFbest,3.3,2.4,233,304.5,248,640,0.8430044113653095,2.22995177408883,3.512985708660431,-0.0237060132169432,0.345137625061393,-0.17667035173727563,3.134594426921662,8.754797016763606,13.088920496952284,-0.007177076163023525,-0.00017693869172500068,-0.00012013026340599232,0.555587895628617,0.027794228136373694,0.044965718086205926
ymlfiles\Case_649_H4_T11_dir90_heavelow_pitchlow_rolllow.yml,4,11.0,8.5271,90,low,low,low,1.0,1.0,100,300.0,150,200,0.8221867472411193,1.3544911189664792,3.521550165123027,-0.013000348453155591,0.4434513388981332,-0.011744659208763138,3.066917496984059,5.597762612989014,13.2234229792861,-0.012050495277600874,-0.00016241401861801562,-3.836087822288269e-05,0.5367541012308997,0.0195119089604458,0.041636969477776245
ymlfiles\Case_650_H4_T11_dir90_heavelinhigh_pitchlinhigh_rolllinhigh.yml,4,11.0,8.5271,90,linhigh,linhigh,linhigh,6.5,1.0,300,300.0,325,200,0.8098395427086472,1.283946067063702,3.3868524060761596,-0.013941300272630288,0.44126109736092867,-0.012435628642498323,3.01894206281237,5.328813593931912,12.714946796906442,-0.011005786370440616,-0.0001611889134625971,-3.949860335248059e-05,0.5252524611115649,0.018585282468441433,0.0398807672561532
ymlfiles\Case_651_H4_T11_dir90_heavequadhigh_pitchquadhigh_rollquadhigh.yml,4,11.0,8.5271,90,quadhigh,quadhigh,quadhigh,1.0,4.0,100,1300.0,150,1300,0.8173372732381035,1.3386908850098918,3.4752619742760746,-0.013761457028477675,0.4433410607890654,-0.014366087103478807,3.0477942666913886,5.5375269321546385,13.046834992116015,-0.011695742024086783,-0.00016295535476273717,-3.904320404268521e-05,0.5320615857902159,0.019312591004728628,0.04103362536604766
ymlfiles\Case_652_H4_T11_dir90_heaveDOFbest_pitchDOFbest_rollDOFbest.yml,4,11.0,8.5271,90,DOFbest,DOFbest,DOFbest,3.3,2.4,233,304.5,248,640,0.8148059775285496,1.3087375490494504,3.4288950823739754,-0.01371072995829424,0.44214201364213174,-0.012554157677211127,3.0383633475406557,5.423576206394538,12.874384577283212,-0.011338673317090039,-0.00016188069008321316,-3.925247812873073e-05,0.5297173093834237,0.018911270175600868,0.040428705926995295
ymlfiles\Case_653_H4_T11_dir135_heavelow_pitchlow_rolllow.yml,4,11.0,8.5271,135,low,low,low,1.0,1.0,100,300.0,150,200,0.8258820241658429,2.002228442478562,2.163242605480159,-0.10738558180832881,0.5843811792650818,0.0374195004534588,2.986370714173817,8.16384513343259,8.16513960838464,-0.005234352508415538,-0.000325882081644254,5.317815494785558e-05,0.525137781086815,0.026388736932419006,0.025074905701240352
ymlfiles\Case_654_H4_T11_dir135_heavelinhigh_pitchlinhigh_rolllinhigh.yml,4,11.0,8.5271,135,linhigh,linhigh,linhigh,6.5,1.0,300,300.0,325,200,0.8136502061589835,1.9237763580951128,2.0809265498290874,-0.11037505549208211,0.5894546210960462,0.027461789650739095,2.9357903297227375,7.867438606782765,7.846867238538341,-0.004657805434974111,-0.00032616477511634843,6.398039364409736e-05,0.5144384914007752,0.025252060986298848,0.024056416289076607
ymlfiles\Case_655_H4_T11_dir135_heavequadhigh_pitchquadhigh_rollquadhigh.yml,4,11.0,8.5271,135,quadhigh,quadhigh,quadhigh,1.0,4.0,100,1300.0,150,1300,0.8212833810201069,1.9806391000053207,2.1463830316500228,-0.10855055113510735,0.586128797347422,0.03249167113301105,2.967585222912477,8.082659285596282,8.096867105247577,-0.005096376246288589,-0.00032686365772361097,5.64716884945382e-05,0.5210950453195553,0.026078647325389382,0.024876899040538754
ymlfiles\Case_656_H4_T11_dir135_heaveDOFbest_pitchDOFbest_rollDOFbest.yml,4,11.0,8.5271,135,DOFbest,DOFbest,DOFbest,3.3,2.4,233,304.5,248,640,0.8186687985394889,1.9490937101842787,2.106983953696075,-0.10930837498993069,0.5877517779632024,0.03079744841049346,2.956636874494792,7.962893825021662,7.947153328885708,-0.004842869702119429,-0.00032633065930435585,6.033873252974189e-05,0.5187759647663778,0.025620527874938185,0.024374323726946746
ymlfiles\Case_657_H4_T11_dir180_heavelow_pitchlow_rolllow.yml,4,11.0,8.5271,180,low,low,low,1.0,1.0,100,300.0,150,200,0.8823995060916348,4.392023686364928,0.00040001448331165884,-0.08572545708851355,0.3773000961390397,-0.0023685112662649756,3.222063595134374,17.04384352293363,-0.000851674059517592,-0.003468977254129615,-4.020976115146863e-06,2.2594096056932397e-07,0.5796158323390178,0.06004800570813049,5.801531473836889e-06
ymlfiles\Case_658_H4_T11_dir180_heavelinhigh_pitchlinhigh_rolllinhigh.yml,4,11.0,8.5271,180,linhigh,linhigh,linhigh,6.5,1.0,300,300.0,325,200,0.8695646209788689,4.209050657739408,0.00038350670666299265,-0.08856323963951997,0.3891760511920252,-0.0023698834264956844,3.1700791467361347,16.365543488460197,-0.0009171026006380843,-0.0028425272972357717,-3.97895186692454e-06,2.122351328520826e-07,0.5669284795641716,0.057532469216481814,5.291933653000858e-06
ymlfiles\Case_659_H4_T11_dir180_heavequadhigh_pitchquadhigh_rollquadhigh.yml,4,11.0,8.5271,180,quadhigh,quadhigh,quadhigh,1.0,4.0,100,1300.0,150,1300,0.8771720832413106,4.2855330311939435,0.00039548180511424555,-0.08708774370075853,0.3847829756694667,-0.002368778947922339,3.2004807479646296,16.648087780640978,-0.0008703231585152169,-0.0031099627264376704,-4.009483984498488e-06,2.045761798247821e-07,0.5739285618202323,0.05859001282724279,5.357100439792626e-06
ymlfiles\Case_660_H4_T11_dir180_heaveDOFbest_pitchDOFbest_rollDOFbest.yml,4,11.0,8.5271,180,DOFbest,DOFbest,DOFbest,3.3,2.4,233,304.5,248,640,0.8746656830246167,4.247037305198015,0.0003899164894357642,-0.08750520759733478,0.3865643014395473,-0.002373048517683315,3.1904614057658667,16.50545072176339,-0.0008957755812768213,-0.00298500057372698,-3.982033728286937e-06,2.0480863693892365e-07,0.5716002196351253,0.05805358931144803,5.3592346915192854e-06
ymlfiles\Case_661_H4_T12_dir0_heavelow_pitchlow_rolllow.yml,4,12.0,9.3023,0,low,low,low,1.0,1.0,100,300.0,150,200,0.824363113449835,2.2135871335475623,0.0006854448813063693,-0.01320623684453786,0.2695473015587323,-0.002339618258488671,3.0607611112374955,8.619318989054275,0.00026636318016672956,-0.011265879846710137,8.690455152472151e-07,1.2300051856583466e-07,0.501409741230064,0.02717649367565513,1.2846671137328702e-05
ymlfiles\Case_662_H4_T12_dir0_heavelinhigh_pitchlinhigh_rolllinhigh.yml,4,12.0,9.3023,0,linhigh,linhigh,linhigh,6.5,1.0,300,300.0,325,200,0.8138396277490169,2.1536913410483534,0.0008930304991553256,-0.014271079661484477,0.26951953466219464,-0.002326244185599519,3.0185627889558444,8.393350433858274,0.001071672346752802,-0.010686953623009749,6.86745681423425e-07,1.0340369450008332e-07,0.4915421570809421,0.02642087576339556,1.776645573767292e-05
ymlfiles\Case_663_H4_T12_dir0_heavequadhigh_pitchquadhigh_rollquadhigh.yml,4,12.0,9.3023,0,quadhigh,quadhigh,quadhigh,1.0,4.0,100,1300.0,150,1300,0.8204893164647166,2.1947498271773656,0.0006210352459474067,-0.013343648548054875,0.27018278909256405,-0.002322295425470237,3.04596803110748,8.548425105641286,3.9060466515816045e-05,-0.011102337316527369,8.438524311542799e-07,1.0499020349380495e-07,0.49740498090999635,0.026937447328559978,1.3393411882526912e-05
ymlfiles\Case_664_H4_T12_dir0_heaveDOFbest_pitchDOFbest_rollDOFbest.yml,4,12.0,9.3023,0,DOFbest,DOFbest,DOFbest,3.3,2.4,233,304.5,248,640,0.8181544148065115,2.1720963815122567,0.0006466799796191687,-0.013723462043292044,0.26987224866154336,-0.0023104488538822584,3.0356131772385666,8.461248899595038,0.0001573087508319848,-0.010871757300552258,7.557679325622702e-07,1.0112034850172104e-07,0.4953724042024057,0.026650649897359005,1.3917467988064256e-05
ymlfiles\Case_665_H4_T12_dir45_heavelow_pitchlow_rolllow.yml,4,12.0,9.3023,45,low,low,low,1.0,1.0,100,300.0,150,200,0.877318359171961,2.071322648638628,3.263719237899262,-0.020780449804194898,0.339832377841847,-0.16826542485686827,3.251546071800713,8.139218044111592,12.152306264913301,-0.00721228837455545,-0.00017610748251753572,-0.00011701755728260486,0.5417389595320651,0.025253515580853973,0.0411684916694281
ymlfiles\Case_666_H4_T12_dir45_heavelinhigh_pitchlinhigh_rolllinhigh.yml,4,12.0,9.3023,45,linhigh,linhigh,linhigh,6.5,1.0,300,300.0,325,200,0.8663621551073754,2.006287942674553,3.1300407522871767,-0.020720008256604368,0.33831320314917435,-0.16364416773462057,3.209630801089982,7.893251013944022,11.649614970660744,-0.0064861537155637364,-0.0001740811812638385,-0.00011585480916846893,0.5313781713313486,0.02434133747866561,0.039363129387737714
ymlfiles\Case_667_H4_T12_dir45_heavequadhigh_pitchquadhigh_rollquadhigh.yml,4,12.0,9.3023,45,quadhigh,quadhigh,quadhigh,1.0,4.0,100,1300.0,150,1300,0.8729780284837108,2.05548798115453,3.2188846360278838,-0.020446196102917234,0.3390300512951996,-0.16659867424198788,3.235468014201826,8.07879165142209,11.986093857714545,-0.0069961074270991465,-0.00017515361041864198,-0.00011666756708656863,0.5374556480811299,0.025023256145022224,0.040560601356776
ymlfiles\Case_668_H4_T12_dir45_heaveDOFbest_pitchDOFbest_rollDOFbest.yml,4,12.0,9.3023,45,DOFbest,DOFbest,DOFbest,3.3,2.4,233,304.5,248,640,0.870755739577504,2.027525784893456,3.172384427775226,-0.020525672089764264,0.33866564103788227,-0.16496578923173286,3.2268772601218547,7.971787809159664,11.810816108929693,-0.006725749589955376,-0.0001746535924156333,-0.00011617484394312748,0.5353693266095185,0.024636464307459378,0.0399369459688754
ymlfiles\Case_669_H4_T12_dir90_heavelow_pitchlow_rolllow.yml,4,12.0,9.3023,90,low,low,low,1.0,1.0,100,300.0,150,200,0.8499715477037875,1.219553986374707,3.2408200886844107,-0.010824175321720973,0.42552309774052466,-0.005476017635296709,3.158411993248226,5.064114909768469,12.148156767491106,-0.011859549158296692,-0.00018431221984654676,-3.073588828685733e-05,0.5190325291051813,0.017587084026866494,0.03731156044428933
ymlfiles\Case_670_H4_T12_dir90_heavelinhigh_pitchlinhigh_rolllinhigh.yml,4,12.0,9.3023,90,linhigh,linhigh,linhigh,6.5,1.0,300,300.0,325,200,0.8391861762093218,1.1551455469976473,3.126213480730931,-0.011618297419081079,0.42405124817250317,-0.005517714676403416,3.1165390319139625,4.818535377961834,11.710914826319087,-0.010938550396609934,-0.0001817729148953376,-3.1303155743745417e-05,0.5088491658750423,0.01673192442445731,0.03577678800512221
ymlfiles\Case_671_H4_T12_dir90_heavequadhigh_pitchquadhigh_rollquadhigh.yml,4,12.0,9.3023,90,quadhigh,quadhigh,quadhigh,1.0,4.0,100,1300.0,150,1300,0.8458205397899262,1.20635606269461,3.204194709239624,-0.011332275252638798,0.4257019993514915,-0.007375318555297148,3.1422088921768108,5.014324391132175,12.008150186869035,-0.011570487063500168,-0.00018406004440762428,-3.113053946901397e-05,0.5148573956759066,0.01741587828869508,0.036821223608372235
ymlfiles\Case_672_H4_T12_dir90_heaveDOFbest_pitchDOFbest_rollDOFbest.yml,4,12.0,9.3023,90,DOFbest,DOFbest,DOFbest,3.3,2.4,233,304.5,248,640,0.8435544555127384,1.1782543214703098,3.1615460064599783,-0.011363843834420278,0.4246792486310644,-0.005947150712755822,3.13351146218702,4.90618142777993,11.844408339790075,-0.011232119095239166,-0.00018276969606029845,-3.123122506505981e-05,0.5127791677053898,0.017038062798622623,0.036250439479693246
ymlfiles\Case_673_H4_T12_dir135_heavelow_pitchlow_rolllow.yml,4,12.0,9.3023,135,low,low,low,1.0,1.0,100,300.0,150,200,0.8563216184230291,1.7959947487882337,2.0293928079104213,-0.10858368144988514,0.5921135819244581,0.029457077104788208,3.0843253464808873,7.384715892386798,7.639921800182332,-0.005038212108992194,-0.00032249111091248953,7.878307565992256e-05,0.5087593468224145,0.023325734929388286,0.02290055577932421
ymlfiles\Case_674_H4_T12_dir135_heavelinhigh_pitchlinhigh_rolllinhigh.yml,4,12.0,9.3023,135,linhigh,linhigh,linhigh,6.5,1.0,300,300.0,325,200,0.8457289274912113,1.7268876675277562,1.9581168355314076,-0.11129494034728739,0.5971206443279716,0.02281578012727831,3.040372569220192,7.12655279884021,7.364598910075522,-0.0045138655898148685,-0.0003234190342313265,8.754670566204664e-05,0.4994565690696173,0.02230953696379138,0.02200139451221019
ymlfiles\Case_675_H4_T12_dir135_heavequadhigh_pitchquadhigh_rollquadhigh.yml,4,12.0,9.3023,135,quadhigh,quadhigh,quadhigh,1.0,4.0,100,1300.0,150,1300,0.8524433733907745,1.7786739271466279,2.0155772579793987,-0.10955865476684674,0.5937929528521207,0.02631506600377667,3.068231850446338,7.32051774761787,7.585920205555615,-0.004919912976439405,-0.00032340338214279256,8.128771905959788e-05,0.5052941236138325,0.02307376289442205,0.022737471867304557
ymlfiles\Case_676_H4_T12_dir135_heaveDOFbest_pitchDOFbest_rollDOFbest.yml,4,12.0,9.3023,135,DOFbest,DOFbest,DOFbest,3.3,2.4,233,304.5,248,640,0.8501133266632557,1.7497065135155547,1.9800322778605968,-0.11033038841548677,0.5953826115609744,0.02452283919164479,3.058554851682207,7.211457682669225,7.450346724022187,-0.004679808805961043,-0.00032333995925410244,8.458521803246241e-05,0.5032422527118235,0.022647377936760603,0.022274498990356915
ymlfiles\Case_677_H4_T12_dir180_heavelow_pitchlow_rolllow.yml,4,12.0,9.3023,180,low,low,low,1.0,1.0,100,300.0,150,200,0.9071912187731058,3.9235198454627835,0.0003767079872112353,-0.08101648858455678,0.37581077366966864,-0.0023618058301388576,3.305040205056549,15.246071264105641,-0.0009334572425892869,-0.0031365439524266435,5.414552203865118e-07,1.7173086685118831e-07,0.5547950418469989,0.05290059034052609,5.161602068079079e-06
ymlfiles\Case_678_H4_T12_dir180_heavelinhigh_pitchlinhigh_rolllinhigh.yml,4,12.0,9.3023,180,linhigh,linhigh,linhigh,6.5,1.0,300,300.0,325,200,0.8961465275847663,3.7605843795312803,0.0003791759232313651,-0.08373964342616234,0.3867300729479216,-0.0023556928587701634,3.2599522385986237,14.643206860737672,-0.0009199840528391235,-0.0025803019015058523,4.027477170927711e-07,1.5749822067599055e-07,0.5439155251645287,0.05064745989944936,5.133494337889983e-06
ymlfiles\Case_679_H4_T12_dir180_heavequadhigh_pitchquadhigh_rollquadhigh.yml,4,12.0,9.3023,180,quadhigh,quadhigh,quadhigh,1.0,4.0,100,1300.0,150,1300,0.9027999394196695,3.8369122294665847,0.00039713954202323556,-0.08245407818613504,0.38224356359770834,-0.0023549072429925877,3.287212332413585,14.92577825293031,-0.0008500496364184389,-0.0028403389441824327,4.261178763882709e-07,1.6221006515816693e-07,0.5501150750461367,0.05171323393717629,5.562043667434464e-06
ymlfiles\Case_680_H4_T12_dir180_heaveDOFbest_pitchDOFbest_rollDOFbest.yml,4,12.0,9.3023,180,DOFbest,DOFbest,DOFbest,3.3,2.4,233,304.5,248,640,0.9005919513553634,3.7971931684814906,0.00037011502161990835,-0.08284235469065926,0.38421947909177206,-0.0023540445235256456,3.277898254177067,14.778722057393722,-0.0009516675041099192,-0.0027139406829600264,4.00594747459092e-07,1.6263356702767023e-07,0.5480230334769953,0.05115663967724158,5.16571455385679e-06
ymlfiles\Case_681_H6_T9_dir0_heavelow_pitchlow_rolllow.yml,6,9.0,6.9767,0,low,low,low,1.0,1.0,100,300.0,150,200,0.9460979168001404,4.092133645467345,0.0008285182027604419,-0.006854251734364616,-0.038461158858988306,-0.002319991525357039,3.569494082054692,15.515199831605607,0.0008354956793332406,-0.0016189107296499597,-3.443469079233039e-06,1.7798209803816172e-07,0.7232581820288599,0.05710393919068787,1.6701374549596702e-05
ymlfiles\Case_682_H6_T9_dir0_heavelinhigh_pitchlinhigh_rolllinhigh.yml,6,9.0,6.9767,0,linhigh,linhigh,linhigh,6.5,1.0,300,300.0,325,200,0.9264201964513125,3.9725428815380126,0.0008310313331128011,-0.006555435517552136,-0.02252344478630725,-0.002301546128363748,3.4946340361994923,15.09096844317344,0.0008715401149774994,-0.0004980287836566625,-3.3867603367505254e-06,1.3816387945816947e-07,0.7043039656803339,0.05565102866059384,1.8856299167346543e-05
ymlfiles\Case_683_H6_T9_dir0_heavequadhigh_pitchquadhigh_rollquadhigh.yml,6,9.0,6.9767,0,quadhigh,quadhigh,quadhigh,1.0,4.0,100,1300.0,150,1300,0.9352209271764351,4.02327018411994,0.0008757240270573214,-0.006023125918942992,-0.025774335160572488,-0.0023564264679100774,3.5288181893357433,15.272292455249804,0.0009708807808491361,-0.0009459922239930693,-3.3829608536440786e-06,2.1303873940751167e-07,0.7114496234065745,0.05626388844853302,1.5271329171421047e-05
ymlfiles\Case_684_H6_T9_dir0_heaveDOFbest_pitchDOFbest_rollDOFbest.yml,6,9.0,6.9767,0,DOFbest,DOFbest,DOFbest,3.3,2.4,233,304.5,248,640,0.9327801295140106,3.995979458483455,0.0009660607193295615,-0.006239942849997731,-0.02575424432244668,-0.0023292999145901683,3.5191807523154646,15.173110895993833,0.0013442023842884796,-0.000736672436471961,-3.407265936669937e-06,1.8595711013556122e-07,0.7096496740412621,0.055935883066698285,1.948285218199713e-05
ymlfiles\Case_685_H6_T9_dir45_heavelow_pitchlow_rolllow.yml,6,9.0,6.9767,45,low,low,low,1.0,1.0,100,300.0,150,200,1.068232929096367,4.086200370874483,6.695742139878591,-0.01818304593825967,0.0752909210598206,-0.03417439565298325,4.024704955361377,15.548240336670984,25.369841162854343,0.00868208456514113,-0.00020751490056973587,-0.00011860746104778319,0.8355971854457694,0.05575248474210506,0.09159388568530381
ymlfiles\Case_686_H6_T9_dir45_heavelinhigh_pitchlinhigh_rolllinhigh.yml,6,9.0,6.9767,45,linhigh,linhigh,linhigh,6.5,1.0,300,300.0,325,200,1.0484203454794472,3.9620310501847684,6.404091874130219,-0.017764507333980682,0.08496482913471334,-0.037904289734616944,3.9486310378094878,15.090126279590992,24.26714206714254,0.010057319111731078,-0.00019269026177170726,-0.00010911647823201531,0.815264288126677,0.053976302679581166,0.08775127462436176
ymlfiles\Case_687_H6_T9_dir45_heavequadhigh_pitchquadhigh_rollquadhigh.yml,6,9.0,6.9767,45,quadhigh,quadhigh,quadhigh,1.0,4.0,100,1300.0,150,1300,1.0559613631236002,4.027551247928806,6.491912775796884,-0.017058617830680967,0.08227358640506527,-0.0377504830660283,3.979385798481903,15.33312046850134,24.594206399308575,0.009534178263945679,-0.00019559447574224692,-0.0001135171081765528,0.8216791375008067,0.05486215103937129,0.08887524255861674
ymlfiles\Case_688_H6_T9_dir45_heaveDOFbest_pitchDOFbest_rollDOFbest.yml,6,9.0,6.9767,45,DOFbest,DOFbest,DOFbest,3.3,2.4,233,304.5,248,640,1.0541585709376997,3.9896384089160586,6.497853292465956,-0.017412015707716284,0.08293439110336331,-0.03796345887057071,3.9713436796223602,15.190219374900684,24.619094894152212,0.009677582256988733,-0.00019604031315202907,-0.0001102694279458603,0.8206416988346223,0.054371121859757836,0.08898202817507055
ymlfiles\Case_689_H6_T9_dir90_heavelow_pitchlow_rolllow.yml,6,9.0,6.9767,90,low,low,low,1.0,1.0,100,300.0,150,200,1.022674348906955,2.7031513802220113,6.122545508555,-0.006911368310928997,0.3428544910915469,0.16715303904965034,3.861236795217477,10.634628074231824,23.311880807883327,0.0010471144316028765,0.0001234774998221901,8.650798220847762e-06,0.7855792454944922,0.03904420137562043,0.07977340122593825
ymlfiles\Case_690_H6_T9_dir90_heavelinhigh_pitchlinhigh_rolllinhigh.yml,6,9.0,6.9767,90,linhigh,linhigh,linhigh,6.5,1.0,300,300.0,325,200,1.002968466901504,2.5857116963131928,5.866846118190344,-0.006842034928344588,0.33713574149941083,0.155695151335808,3.7855228369537155,10.183697729137945,22.337486454421988,0.0027530857499925266,9.492756036567616e-05,1.3414241698664792e-06,0.7659962925862293,0.03751716410078265,0.07637310377064285
ymlfiles\Case_691_H6_T9_dir90_heavequadhigh_pitchquadhigh_rollquadhigh.yml,6,9.0,6.9767,90,quadhigh,quadhigh,quadhigh,1.0,4.0,100,1300.0,150,1300,1.011323315456341,2.6554340026977794,5.968638960513155,-0.007066505753017295,0.34162447092902776,0.15467345256981826,3.8175192432716907,10.451722529326666,22.7200868640953,0.002087887208195934,0.00010087095919062007,3.0121076984370297e-06,0.7733663938585842,0.03842553221463272,0.07770114060774588
ymlfiles\Case_692_H6_T9_dir90_heaveDOFbest_pitchDOFbest_rollDOFbest.yml,6,9.0,6.9767,90,DOFbest,DOFbest,DOFbest,3.3,2.4,233,304.5,248,640,1.0090689428622386,2.6183411600824633,5.9478389324449195,-0.006906050561796398,0.3400292211033701,0.15844760192357507,3.8087352935712993,10.309868960413397,22.645223113680583,0.0022558467927821235,0.00010233674846936434,3.0666486737431925e-06,0.771644648113789,0.0379380756860303,0.07744647672889787
ymlfiles\Case_693_H6_T9_dir135_heavelow_pitchlow_rolllow.yml,6,9.0,6.9767,135,low,low,low,1.0,1.0,100,300.0,150,200,1.0040323498886259,4.029394585540367,3.584890414135807,-0.041946572360141925,0.39790256125512863,0.23283366242831946,3.756312712626598,15.670338213324264,13.77169680040926,0.0019506839516684412,-0.0006038700000416138,0.00022677507958141914,0.7402294325283466,0.05477376169026853,0.04592193469628304
ymlfiles\Case_694_H6_T9_dir135_heavelinhigh_pitchlinhigh_rolllinhigh.yml,6,9.0,6.9767,135,linhigh,linhigh,linhigh,6.5,1.0,300,300.0,325,200,0.9843192345064105,3.856753705896591,3.4400195503011712,-0.047457687535056345,0.4093046734458725,0.19362485752842049,3.6750050098520934,15.032784383777864,13.184632977777975,0.0032432515163917128,-0.0006064578777781254,0.00024922798437385053,0.722819701812438,0.05245774683510216,0.04407279347296908
ymlfiles\Case_695_H6_T9_dir135_heavequadhigh_pitchquadhigh_rollquadhigh.yml,6,9.0,6.9767,135,quadhigh,quadhigh,quadhigh,1.0,4.0,100,1300.0,150,1300,0.9933040480958719,3.9322005730316967,3.5360952316875522,-0.04600292818521556,0.40373758375949725,0.2068454451687544,3.7114660802914634,15.310145208094577,13.561426437632845,0.002667208334756135,-0.0006124894993061396,0.0002380389861505682,0.7306199571610975,0.053480324702060725,0.04530163541718216
ymlfiles\Case_696_H6_T9_dir135_heaveDOFbest_pitchDOFbest_rollDOFbest.yml,6,9.0,6.9767,135,DOFbest,DOFbest,DOFbest,3.3,2.4,233,304.5,248,640,0.9908591158201213,3.8932865437623034,3.4858866947072364,-0.04616515752265597,0.40658901638024647,0.20266182981143305,3.7018504402167522,15.167035154313918,13.367622936586878,0.0029308251877946372,-0.0006078001540648502,0.00024302701434760342,0.7284260701966929,0.052953761863712555,0.04466177139364234
ymlfiles\Case_697_H6_T9_dir180_heavelow_pitchlow_rolllow.yml,6,9.0,6.9767,180,low,low,low,1.0,1.0,100,300.0,150,200,1.1116473530648123,8.501289589632366,0.0008303212818988546,-0.06077128747784073,0.30905700558050914,-0.002420677961938143,4.148242062590045,32.614690025685306,0.0007454707548383514,0.012018051409422456,-1.839012517648088e-06,5.968032086426093e-07,0.8917451271403941,0.11975880634602362,1.427087926061719e-05
ymlfiles\Case_698_H6_T9_dir180_heavelinhigh_pitchlinhigh_rolllinhigh.yml,6,9.0,6.9767,180,linhigh,linhigh,linhigh,6.5,1.0,300,300.0,325,200,1.0908151103089812,8.186186081113531,0.0007687476065703218,-0.06265852662592483,0.3142462206273469,-0.0024026713521165736,4.066141961945473,31.43032846854252,0.0005305556242279972,0.013089506722874239,-1.6540649851206843e-06,5.095003046450544e-07,0.8680777166879623,0.11553665601618639,1.299949126648319e-05
ymlfiles\Case_699_H6_T9_dir180_heavequadhigh_pitchquadhigh_rollquadhigh.yml,6,9.0,6.9767,180,quadhigh,quadhigh,quadhigh,1.0,4.0,100,1300.0,150,1300,1.0985443467153955,8.161271917514618,0.0007632872408713255,-0.06060515283121604,0.318790829436581,-0.0024198923163504427,4.098348717220197,31.340173157755455,0.00048640814754494395,0.012950744369120984,-1.7320373326004784e-06,5.322821277196013e-07,0.8729193538153027,0.1151740205922763,1.2715544860878012e-05
ymlfiles\Case_700_H6_T9_dir180_heaveDOFbest_pitchDOFbest_rollDOFbest.yml,6,9.0,6.9767,180,DOFbest,DOFbest,DOFbest,3.3,2.4,233,304.5,248,640,1.096932304019939,8.187485362853565,0.0006948428170492235,-0.06147848042847739,0.31745039212938925,-0.0023994915982955534,4.091372394120748,31.43847127167173,0.00024944727726872694,0.012985084646803056,-1.6939454298271996e-06,4.920839148544606e-07,0.8728243715941948,0.11554834670031773,1.1678694386406325e-05
ymlfiles\Case_701_H6_T9p5_dir0_heavelow_pitchlow_rolllow.yml,6,9.5,7.3643,0,low,low,low,1.0,1.0,100,300.0,150,200,0.9966280564074305,4.09266632470805,0.0008782262214975437,-0.010048390455726492,-0.03161466341317938,-0.002299594349287397,3.7480620418374,15.484971348049802,0.0010482719478477147,-0.0064386313438637805,-5.315575577323862e-06,1.4449157436173038e-07,0.737209764966664,0.0548682870824616,1.80888353455093e-05
ymlfiles\Case_702_H6_T9p5_dir0_heavelinhigh_pitchlinhigh_rolllinhigh.yml,6,9.5,7.3643,0,linhigh,linhigh,linhigh,6.5,1.0,300,300.0,325,200,0.977609362085885,3.9817894040780955,0.0009590874386097313,-0.009801710093034523,-0.01648679881649737,-0.002268039829322343,3.6755303016609298,15.085279437076618,0.0013975817912845927,-0.005042590118522178,-4.955383620440936e-06,1.6040323381161483e-07,0.7182631746556802,0.05352525734016345,2.2597200275934655e-05
ymlfiles\Case_703_H6_T9p5_dir0_heavequadhigh_pitchquadhigh_rollquadhigh.yml,6,9.5,7.3643,0,quadhigh,quadhigh,quadhigh,1.0,4.0,100,1300.0,150,1300,0.9855208015298627,4.031709360579609,0.000951278194322344,-0.009144458985491462,-0.0181034914092618,-0.002334320873070293,3.7068686612428907,15.26898418603716,0.0012740775748525611,-0.005648274373305666,-5.189068496770241e-06,2.1195094084105433e-07,0.724556135064599,0.054125516221965535,1.826026120196363e-05
ymlfiles\Case_704_H6_T9p5_dir0_heaveDOFbest_pitchDOFbest_rollDOFbest.yml,6,9.5,7.3643,0,DOFbest,DOFbest,DOFbest,3.3,2.4,233,304.5,248,640,0.983486250737246,4.004735482445778,0.0008577155180784326,-0.009421950098831447,-0.018991170692400475,-0.002353631600963368,3.6984924116023374,15.16980285004145,0.0009028999631438936,-0.0053487134832358755,-5.054573472020047e-06,2.2766605303090098e-07,0.7231943196192125,0.05380314171681679,1.5468943811290564e-05
ymlfiles\Case_705_H6_T9p5_dir45_heavelow_pitchlow_rolllow.yml,6,9.5,7.3643,45,low,low,low,1.0,1.0,100,300.0,150,200,1.1134405088558617,3.936405771797364,6.410581244116588,-0.01864221783893937,0.09318508011806502,-0.09540896535678917,4.183312624812318,14.96936387978492,24.18265407361768,0.00196088810596871,-0.00031506569256930833,-0.00018316943577997768,0.8427790658887977,0.052197157994573896,0.08593947525084057
ymlfiles\Case_706_H6_T9p5_dir45_heavelinhigh_pitchlinhigh_rolllinhigh.yml,6,9.5,7.3643,45,linhigh,linhigh,linhigh,6.5,1.0,300,300.0,325,200,1.0941836297614291,3.8280709216209305,6.147650932361513,-0.017830818590596022,0.09793301052415188,-0.09303117689306228,4.109564496077761,14.564700612543087,23.189265886959348,0.0036853565375267656,-0.000296424034283566,-0.00017359663242516205,0.8224478382070591,0.05063534225882406,0.08247802009346672
ymlfiles\Case_707_H6_T9p5_dir45_heavequadhigh_pitchquadhigh_rollquadhigh.yml,6,9.5,7.3643,45,quadhigh,quadhigh,quadhigh,1.0,4.0,100,1300.0,150,1300,1.1013067792239999,3.8897907796783646,6.238576774320325,-0.01693103789964256,0.09681667518769636,-0.09552593121135508,4.138760720498656,14.796831482190079,23.531124201245227,0.0029633683370034257,-0.00030160382245047324,-0.00017821206378027554,0.8285546337220936,0.05146727319852711,0.0836387376796461
ymlfiles\Case_708_H6_T9p5_dir45_heaveDOFbest_pitchDOFbest_rollDOFbest.yml,6,9.5,7.3643,45,DOFbest,DOFbest,DOFbest,3.3,2.4,233,304.5,248,640,1.0996729370337897,3.853830523169184,6.232328620164727,-0.01746962321846679,0.09715074341057055,-0.09470764742325538,4.131342724270704,14.661267160733427,23.51206959287016,0.003200606365680225,-0.0003011100751750258,-0.00017507115190121478,0.8276185790361574,0.05100327393610033,0.08358707765779289
ymlfiles\Case_709_H6_T9p5_dir90_heavelow_pitchlow_rolllow.yml,6,9.5,7.3643,90,low,low,low,1.0,1.0,100,300.0,150,200,1.0661288169524594,2.584877826837793,5.984158161933249,-0.006742175857725904,0.3645468126328173,0.14379827432716136,4.015056802461091,10.19457901381375,22.720705525906812,-0.005537932618706373,0.00017721934059248997,3.9557037529756085e-05,0.7932003370415946,0.03691520699659995,0.07594967009557049
ymlfiles\Case_710_H6_T9p5_dir90_heavelinhigh_pitchlinhigh_rolllinhigh.yml,6,9.5,7.3643,90,linhigh,linhigh,linhigh,6.5,1.0,300,300.0,325,200,1.0471523854255227,2.4749976810494716,5.755408608070177,-0.006288256139065478,0.35409556273009496,0.13730489421525308,3.9425727104164077,9.77376386995778,21.849951818311233,-0.00343642666004526,0.00015393466641166082,3.26263468544659e-05,0.7738548169293893,0.03548837921592317,0.07291489949215482
ymlfiles\Case_711_H6_T9p5_dir90_heavequadhigh_pitchquadhigh_rollquadhigh.yml,6,9.5,7.3643,90,quadhigh,quadhigh,quadhigh,1.0,4.0,100,1300.0,150,1300,1.0549487863693596,2.541965501260045,5.854018347410879,-0.0063886893433153695,0.36112834970970037,0.1340562867234756,3.972324397658238,10.030386424851597,22.221233663456914,-0.00430105900509641,0.00015819044064320256,3.47217714208166e-05,0.7806634339496104,0.036360312938996026,0.07418901612503578
ymlfiles\Case_712_H6_T9p5_dir90_heaveDOFbest_pitchDOFbest_rollDOFbest.yml,6,9.5,7.3643,90,DOFbest,DOFbest,DOFbest,3.3,2.4,233,304.5,248,640,1.0528982683251455,2.5056486924395434,5.82781468215956,-0.006367426162329029,0.35889136083439455,0.13845542629888405,3.9643843722669243,9.893325981024228,22.125513254329963,-0.004067186167865681,0.00015901219898203895,3.4016627309619744e-05,0.7791600742797948,0.03588420935316608,0.07386889741010215
ymlfiles\Case_713_H6_T9p5_dir135_heavelow_pitchlow_rolllow.yml,6,9.5,7.3643,135,low,low,low,1.0,1.0,100,300.0,150,200,1.0475221821495746,3.8177506262764265,3.6138589147528974,-0.04137190493093018,0.383957705730618,0.21470055890747453,3.909331929125813,14.832287204201888,13.837217565168451,-0.0013166385307977568,-0.0006054643355774051,0.00019132654451914022,0.7424904305873624,0.050778442220930045,0.044819032521373516
ymlfiles\Case_714_H6_T9p5_dir135_heavelinhigh_pitchlinhigh_rolllinhigh.yml,6,9.5,7.3643,135,linhigh,linhigh,linhigh,6.5,1.0,300,300.0,325,200,1.0292306123102792,3.6689094068009074,3.4809608726929047,-0.045961508698623955,0.39463736247645853,0.1823353941706577,3.8348692534064637,14.281197300659805,13.303148427707066,0.00015280330287350643,-0.0006121882349054605,0.00021564934039272707,0.7263136714117829,0.048772202195063175,0.043143612320627404
ymlfiles\Case_715_H6_T9p5_dir135_heavequadhigh_pitchquadhigh_rollquadhigh.yml,6,9.5,7.3643,135,quadhigh,quadhigh,quadhigh,1.0,4.0,100,1300.0,150,1300,1.0374360254488786,3.737648947311593,3.569858616123758,-0.0448792328563437,0.38937117422447515,0.19119066939320298,3.8675655438149663,14.535321237188473,13.648625454352638,-0.000556142117920118,-0.0006160513406700114,0.00020401048583778303,0.7334167932561702,0.04971398390062288,0.04426768837244007
ymlfiles\Case_716_H6_T9p5_dir135_heaveDOFbest_pitchDOFbest_rollDOFbest.yml,6,9.5,7.3643,135,DOFbest,DOFbest,DOFbest,3.3,2.4,233,304.5,248,640,1.0352510107144086,3.7015110366693063,3.5225237222731725,-0.04499841974398381,0.3920444737270143,0.18854365631174563,3.858757518036532,14.40124082784857,13.466019863732614,-0.00021547736890331436,-0.0006128457163696035,0.00020933848280235145,0.7314481508856566,0.04922031117088848,0.04367184102739933
ymlfiles\Case_717_H6_T9p5_dir180_heavelow_pitchlow_rolllow.yml,6,9.5,7.3643,180,low,low,low,1.0,1.0,100,300.0,150,200,1.1554931906701902,8.049923263780162,0.0007249838069024499,-0.05791732894955655,0.21918425632966168,-0.002386854409489732,4.303485203189098,30.74441208347722,0.0003751025793217546,0.005492539711328273,1.0262026885055823e-05,5.287386379611162e-07,0.8911996712030551,0.1112008306667438,1.2598835200722757e-05
ymlfiles\Case_718_H6_T9p5_dir180_heavelinhigh_pitchlinhigh_rolllinhigh.yml,6,9.5,7.3643,180,linhigh,linhigh,linhigh,6.5,1.0,300,300.0,325,200,1.1353892618333887,7.770051317693104,0.0007115092613336359,-0.05882788410490471,0.22685655910460129,-0.002482505716583754,4.225227614183486,29.69390323064295,0.00022016997147587553,0.006872824874295864,9.376482952310269e-06,7.220580074943449e-07,0.868052299432075,0.10741075017412348,1.1416381356182883e-05
ymlfiles\Case_719_H6_T9p5_dir180_heavequadhigh_pitchquadhigh_rollquadhigh.yml,6,9.5,7.3643,180,quadhigh,quadhigh,quadhigh,1.0,4.0,100,1300.0,150,1300,1.1424469678238456,7.768309445425719,0.000885381259004073,-0.05625240769147093,0.22755257323524086,-0.0023835137356349933,4.25541301308827,29.687993389895638,0.0009898728966505365,0.006680174235538261,9.667278535404596e-06,5.096900928427376e-07,0.8726039635844208,0.10733995680047588,1.4945492564885731e-05
ymlfiles\Case_720_H6_T9p5_dir180_heaveDOFbest_pitchDOFbest_rollDOFbest.yml,6,9.5,7.3643,180,DOFbest,DOFbest,DOFbest,3.3,2.4,233,304.5,248,640,1.1410770211231696,7.779663458329867,0.0006823362786362998,-0.0574097677542066,0.22788307725749946,-0.002363400798270504,4.248841061644411,29.731382712254646,0.00023837240981896103,0.006725295719515232,9.508944709013435e-06,4.49578228641998e-07,0.8725666030257451,0.1075269780048777,1.1581027286504587e-05
ymlfiles\Case_721_H6_T10_dir0_heavelow_pitchlow_rolllow.yml,6,10.0,7.7519,0,low,low,low,1.0,1.0,100,300.0,150,200,1.0342545281193414,3.958114957109539,0.000949893048894623,-0.00925979043668637,-0.027845116882643007,-0.0023264190226742498,3.87835846291915,14.945313041402795,0.0012876074532621176,-0.009771632648861916,5.525482692620857e-06,1.965686793255382e-07,0.7393143818822159,0.0514667495437258,1.976479479690247e-05
ymlfiles\Case_722_H6_T10_dir0_heavelinhigh_pitchlinhigh_rolllinhigh.yml,6,10.0,7.7519,0,linhigh,linhigh,linhigh,6.5,1.0,300,300.0,325,200,1.0159628118235469,3.8619291882132005,0.0011440540593979055,-0.009106952466076715,-0.016480337330760774,-0.0023570684163758283,3.8083591978149762,14.596796096370873,0.0019899777212723157,-0.008323618025446422,5.219169740175009e-06,2.629358599370555e-07,0.7204861335782101,0.05028180071583989,2.291140629300012e-05
ymlfiles\Case_723_H6_T10_dir0_heavequadhigh_pitchquadhigh_rollquadhigh.yml,6,10.0,7.7519,0,quadhigh,quadhigh,quadhigh,1.0,4.0,100,1300.0,150,1300,1.023137792945293,3.908218853197635,0.0008755251758943796,-0.008224540569985091,-0.01628783381697941,-0.0023084025166234686,3.837136301020573,14.768925082475153,0.0010176627674033838,-0.0089903365841687,5.301176804493304e-06,1.6737373118967908e-07,0.7260351435486189,0.050844512143589544,1.6388595117859363e-05
ymlfiles\Case_724_H6_T10_dir0_heaveDOFbest_pitchDOFbest_rollDOFbest.yml,6,10.0,7.7519,0,DOFbest,DOFbest,DOFbest,3.3,2.4,233,304.5,248,640,1.0213976553343955,3.882978403015986,0.001143368614164798,-0.008613539475435986,-0.01795615497512245,-0.0023291863720832965,3.8297409934378357,14.673370579096607,0.002021404490529869,-0.008656801136534806,5.252143885193373e-06,2.000421018164089e-07,0.7250287122599902,0.050539941978660484,2.5211216705139893e-05
ymlfiles\Case_725_H6_T10_dir45_heavelow_pitchlow_rolllow.yml,6,10.0,7.7519,45,low,low,low,1.0,1.0,100,300.0,150,200,1.1445879754650052,3.729800263365904,6.034436209161836,-0.01177274561927628,0.07196056907869629,-0.10708248973250403,4.293418846165174,14.15339919917225,22.731974989293025,-0.001111522989836056,-0.0002977395188821812,-0.0002013686858349336,0.8359166804720795,0.048356332521091415,0.08017605918241288
ymlfiles\Case_726_H6_T10_dir45_heavelinhigh_pitchlinhigh_rolllinhigh.yml,6,10.0,7.7519,45,linhigh,linhigh,linhigh,6.5,1.0,300,300.0,325,200,1.1262772966875054,3.635489160390901,5.802077502532795,-0.010943518306260322,0.07286924727459665,-0.10309722694573303,4.223598851290574,13.79667966290292,21.857720772508834,0.0005532923321354618,-0.0002829865477368944,-0.00019209788466647797,0.8163139347265438,0.04696288568475225,0.07705657614010245
ymlfiles\Case_727_H6_T10_dir45_heavequadhigh_pitchquadhigh_rollquadhigh.yml,6,10.0,7.7519,45,quadhigh,quadhigh,quadhigh,1.0,4.0,100,1300.0,150,1300,1.1329760382159682,3.6935220317509723,5.890997431310839,-0.009936823157446796,0.07383228145863638,-0.10846718518250165,4.251322869677633,14.018288426048127,22.18770503024769,-0.00020671117927847197,-0.0002862083496829283,-0.00019599020823489515,0.8221805769587293,0.04775595911106844,0.07822047060541502
ymlfiles\Case_728_H6_T10_dir45_heaveDOFbest_pitchDOFbest_rollDOFbest.yml,6,10.0,7.7519,45,DOFbest,DOFbest,DOFbest,3.3,2.4,233,304.5,248,640,1.1314702157814456,3.6595414706989633,5.876609384623229,-0.010563364876676144,0.073790304301839,-0.10589072710789542,4.244266224333569,13.88995685449201,22.137029863535833,7.005545102670227e-05,-0.00028663011002405075,-0.00019377995199133956,0.8212378345409455,0.0473130591536995,0.07804883814650432
ymlfiles\Case_729_H6_T10_dir90_heavelow_pitchlow_rolllow.yml,6,10.0,7.7519,90,low,low,low,1.0,1.0,100,300.0,150,200,1.0974340111236556,2.458669899188149,5.670266457676163,-0.00457768963910661,0.3537107735893225,0.14668178973560872,4.122012408702933,9.70537035065258,21.50751453161828,-0.00895590477117157,0.00016543547469608652,1.591373079657266e-05,0.7886753674121667,0.035182164136461504,0.07063531979763478
ymlfiles\Case_730_H6_T10_dir90_heavelinhigh_pitchlinhigh_rolllinhigh.yml,6,10.0,7.7519,90,linhigh,linhigh,linhigh,6.5,1.0,300,300.0,325,200,1.0793522624107588,2.35734702124614,5.472570686182912,-0.004160956167581273,0.3435172265745836,0.14394107238331658,4.053213582214381,9.311132652945608,20.756402597300255,-0.006858325517589092,0.000150946016409519,1.2687428613477583e-05,0.7699071884796346,0.03385320672881943,0.06797174501575184
ymlfiles\Case_731_H6_T10_dir90_heavequadhigh_pitchquadhigh_rollquadhigh.yml,6,10.0,7.7519,90,quadhigh,quadhigh,quadhigh,1.0,4.0,100,1300.0,150,1300,1.0866137422302755,2.4202533577407355,5.564458186266873,-0.004046219162433162,0.3511695414249963,0.13910488839983648,4.08136499605525,9.558087806317953,21.100115018322587,-0.007774437889669513,0.00015207576488354617,1.3257466312908375e-05,0.7762168079700821,0.03468369654621578,0.06917454759566784
ymlfiles\Case_732_H6_T10_dir90_heaveDOFbest_pitchDOFbest_rollDOFbest.yml,6,10.0,7.7519,90,DOFbest,DOFbest,DOFbest,3.3,2.4,233,304.5,248,640,1.0847926918370705,2.386565275583788,5.535308822128423,-0.004103167769250174,0.34802280281274534,0.1439907013659792,4.074215242024881,9.4272399257335,20.99153352247603,-0.007494703493651802,0.00015413011177654865,1.3308763538333652e-05,0.7749215592418986,0.034235485800054546,0.0688101806296731
ymlfiles\Case_733_H6_T10_dir135_heavelow_pitchlow_rolllow.yml,6,10.0,7.7519,135,low,low,low,1.0,1.0,100,300.0,150,200,1.0802798682323518,3.566155307529782,3.5453174159113408,-0.03444664420020477,0.37553009913097674,0.20818283335503104,4.027884545674434,13.860084338018305,13.55059604605864,-0.0036389224767560215,-0.000589650051161385,0.00017468198292028042,0.7382244782513455,0.0466590561211503,0.042825538535756914
ymlfiles\Case_734_H6_T10_dir135_heavelinhigh_pitchlinhigh_rolllinhigh.yml,6,10.0,7.7519,135,linhigh,linhigh,linhigh,6.5,1.0,300,300.0,325,200,1.0630271587271567,3.4396837437468184,3.4262079366531335,-0.0381529026551443,0.3835969418412731,0.18027255956998312,3.9583424164778247,13.391358625967063,13.072130136117098,-0.0021809910642188496,-0.0005978636079959929,0.00019784537686620373,0.7228676557753443,0.0449211024424383,0.041329459264315145
ymlfiles\Case_735_H6_T10_dir135_heavequadhigh_pitchquadhigh_rollquadhigh.yml,6,10.0,7.7519,135,quadhigh,quadhigh,quadhigh,1.0,4.0,100,1300.0,150,1300,1.070757906602535,3.500813064866628,3.5072011902777485,-0.037495875348438436,0.3800836576508828,0.1873096606230628,3.9890285177366906,13.617562001267636,13.385492496285227,-0.00290946185876601,-0.0006004812577010345,0.00018697139679838787,0.7295839522846974,0.04578531734317378,0.04235318129566004
ymlfiles\Case_736_H6_T10_dir135_heaveDOFbest_pitchDOFbest_rollDOFbest.yml,6,10.0,7.7519,135,DOFbest,DOFbest,DOFbest,3.3,2.4,233,304.5,248,640,1.0687275916271195,3.468990873752092,3.463935461141617,-0.03731487975059485,0.38153244044416273,0.18633529744242988,3.98109611754018,13.497961317493525,13.220150945832765,-0.0025588199392697934,-0.0005973817523055795,0.0001917388923265014,0.7277548839963702,0.04533407003097827,0.04180614229461479
ymlfiles\Case_737_H6_T10_dir180_heavelow_pitchlow_rolllow.yml,6,10.0,7.7519,180,low,low,low,1.0,1.0,100,300.0,150,200,1.1818804969519079,7.551528066321802,0.0008241297793219438,-0.04218078751823498,0.1420519465707908,-0.0023843169241056263,4.405937555005957,28.75809754472338,0.0007576196716646872,0.0018087405789271945,-1.3526124740759985e-05,4.965253371628797e-07,0.8753725035418387,0.10281846562435416,1.415139819803375e-05
ymlfiles\Case_738_H6_T10_dir180_heavelinhigh_pitchlinhigh_rolllinhigh.yml,6,10.0,7.7519,180,linhigh,linhigh,linhigh,6.5,1.0,300,300.0,325,200,1.1628080275491477,7.301686291301221,0.0007429250945443109,-0.042934203571473685,0.1481772152406362,-0.00238293840999251,4.331318541643876,27.8174629571732,0.0004423535439584715,0.0031501526467782263,-1.2783962656165024e-05,4.895426985212737e-07,0.8536545367589846,0.09935353263263173,1.3113970048350302e-05
ymlfiles\Case_739_H6_T10_dir180_heavequadhigh_pitchquadhigh_rollquadhigh.yml,6,10.0,7.7519,180,quadhigh,quadhigh,quadhigh,1.0,4.0,100,1300.0,150,1300,1.1695563769893496,7.3157174231194535,0.0007459056774977414,-0.04044396715923559,0.14762283868384016,-0.0023816296248871925,4.360244952310873,27.87007868134011,0.00046140594061396933,0.0029445843130500213,-1.2598825716356479e-05,4.774627982341489e-07,0.8582804781114572,0.09952367543827143,1.280822508977662e-05
ymlfiles\Case_740_H6_T10_dir180_heaveDOFbest_pitchDOFbest_rollDOFbest.yml,6,10.0,7.7519,180,DOFbest,DOFbest,DOFbest,3.3,2.4,233,304.5,248,640,1.1682125033404824,7.3168596203122,0.0006811065422739114,-0.04149919111217125,0.14828399686435584,-0.002372205772531075,4.353346728526558,27.87359583523776,0.00022334815036987752,0.0029953792545385424,-1.2735175177448743e-05,4.637628599731442e-07,0.8580646108359158,0.09955727032881996,1.1534948889685788e-05
ymlfiles\Case_741_H6_T11_dir0_heavelow_pitchlow_rolllow.yml,6,11.0,8.5271,0,low,low,low,1.0,1.0,100,300.0,150,200,1.1066611528070893,3.7377873970984696,0.0014167888561793856,-0.0070797748602031245,-0.05886320084547191,-0.002327106668594503,4.132844392915162,14.012480182315395,0.003054546697410339,-0.012521230701818336,-2.182587824879843e-06,1.814976886401333e-07,0.7351601066937825,0.046082027068569356,3.222135141635381e-05
ymlfiles\Case_742_H6_T11_dir0_heavelinhigh_pitchlinhigh_rolllinhigh.yml,6,11.0,8.5271,0,linhigh,linhigh,linhigh,6.5,1.0,300,300.0,325,200,1.0898865263945259,3.6562929605687846,0.0010179653391564575,-0.007256535281293456,-0.049297321230850226,-0.002342626954563843,4.06696719653988,13.717705594029566,0.0015262422395672793,-0.011158537336869657,-1.9837233034458384e-06,2.1660982840449814e-07,0.7176880333554096,0.045050988524381504,2.293990335905907e-05
ymlfiles\Case_743_H6_T11_dir0_heavequadhigh_pitchquadhigh_rollquadhigh.yml,6,11.0,8.5271,0,quadhigh,quadhigh,quadhigh,1.0,4.0,100,1300.0,150,1300,1.0962666558698524,3.700387499916485,0.0009506969560771689,-0.00595098450643894,-0.048867812098247136,-0.0023259240651753907,4.094282739635187,13.880873851638817,0.0012834259037931978,-0.011875241449148845,-2.0978092581482074e-06,2.0731138908092847e-07,0.7225622306771271,0.04559326993558874,2.0654695354357047e-05
ymlfiles\Case_744_H6_T11_dir0_heaveDOFbest_pitchDOFbest_rollDOFbest.yml,6,11.0,8.5271,0,DOFbest,DOFbest,DOFbest,3.3,2.4,233,304.5,248,640,1.0947715524077586,3.6760518017410737,0.001200730074401496,-0.006563459881941043,-0.05032833976218741,-0.002322019617821766,4.087271507390315,13.790256353213723,0.0022386810859389384,-0.011505279028009373,-2.030032455468421e-06,2.0624070044661305e-07,0.7217878967960409,0.045296847201744386,2.7335931352545685e-05
ymlfiles\Case_745_H6_T11_dir45_heavelow_pitchlow_rolllow.yml,6,11.0,8.5271,45,low,low,low,1.0,1.0,100,300.0,150,200,1.2052972532242943,3.3864381161606003,5.424599396069586,-0.006635746792656804,0.0480841081491881,-0.07829459060914278,4.508116093204678,12.797620160807874,20.421924760283517,-0.004390216957465509,-0.00027519221313947683,-0.0001930743772219914,0.8149439767814479,0.04235794730110713,0.07111550818837553
ymlfiles\Case_746_H6_T11_dir45_heavelinhigh_pitchlinhigh_rolllinhigh.yml,6,11.0,8.5271,45,linhigh,linhigh,linhigh,6.5,1.0,300,300.0,325,200,1.1888208897986774,3.309336278742926,5.225094182400103,-0.006181093415459538,0.04578798900270749,-0.07497925217041926,4.444276699482153,12.506513397702479,19.675660591155946,-0.0029125073624377148,-0.000264726759196468,-0.00018694328595174673,0.7975456640076926,0.04116966974629837,0.06836013368911371
ymlfiles\Case_747_H6_T11_dir45_heavequadhigh_pitchquadhigh_rollquadhigh.yml,6,11.0,8.5271,45,quadhigh,quadhigh,quadhigh,1.0,4.0,100,1300.0,150,1300,1.1950615541477336,3.361608787698895,5.315226911034189,-0.004992265604057094,0.04779277337712337,-0.07959582168704019,4.470557921868171,12.70384936250298,20.008405642845247,-0.003681895356638571,-0.0002676912063089728,-0.00018977287096840745,0.8030220775690577,0.04190980012922206,0.0695783949039728
ymlfiles\Case_748_H6_T11_dir45_heaveDOFbest_pitchDOFbest_rollDOFbest.yml,6,11.0,8.5271,45,DOFbest,DOFbest,DOFbest,3.3,2.4,233,304.5,248,640,1.193619966894939,3.33076105771944,5.2892447154907325,-0.005634489474144589,0.04727915968559967,-0.07723045773875764,4.463942073846103,12.586457680065028,19.91146713100369,-0.003360139373020453,-0.00026723879850428173,-0.00018806411053163484,0.8020130726851004,0.04149341329691085,0.06923778987348846
ymlfiles\Case_749_H6_T11_dir90_heavelow_pitchlow_rolllow.yml,6,11.0,8.5271,90,low,low,low,1.0,1.0,100,300.0,150,200,1.157979966297102,2.2103451070238793,5.171877878713284,-0.005744954824763166,0.32532181754860945,0.15707538127176113,4.327852739811708,8.739800883694855,19.599513115698233,-0.012334458611657996,0.00012146806634099766,1.256587381016916e-05,0.7732316138228547,0.03188864118478262,0.06253506643340215
ymlfiles\Case_750_H6_T11_dir90_heavelinhigh_pitchlinhigh_rolllinhigh.yml,6,11.0,8.5271,90,linhigh,linhigh,linhigh,6.5,1.0,300,300.0,325,200,1.1415389586855917,2.116876877456871,5.01066641258331,-0.005593655596404729,0.31835314943332566,0.15722553457700336,4.264805383470082,8.3762176966766,18.98677904750235,-0.010456278277853072,0.00011564728419551457,8.926538965534033e-06,0.7560984707337328,0.030659779344014714,0.06028144289817696
ymlfiles\Case_751_H6_T11_dir90_heavequadhigh_pitchquadhigh_rollquadhigh.yml,6,11.0,8.5271,90,quadhigh,quadhigh,quadhigh,1.0,4.0,100,1300.0,150,1300,1.148152149598244,2.1769669725090384,5.09626645976493,-0.0050702729569715,0.32464586253291344,0.15147839928487014,4.2914687288234,8.61246670124928,19.306195244874086,-0.011417306891125432,0.0001142955766193963,1.0249943347904954e-05,0.7617900676492753,0.03145429757458008,0.06143474093301863
ymlfiles\Case_752_H6_T11_dir90_heaveDOFbest_pitchDOFbest_rollDOFbest.yml,6,11.0,8.5271,90,DOFbest,DOFbest,DOFbest,3.3,2.4,233,304.5,248,640,1.1465109168535554,2.144873235661126,5.062018043264912,-0.005322201776824902,0.322069798499165,0.1566514915282887,4.284516474936507,8.486099484063589,19.181489376890593,-0.011047989644361794,0.00011580271373816175,9.733317622365539e-06,0.7605962621646676,0.031026161628852036,0.06098926661338784
ymlfiles\Case_753_H6_T11_dir135_heavelow_pitchlow_rolllow.yml,6,11.0,8.5271,135,low,low,low,1.0,1.0,100,300.0,150,200,1.1440002418050759,3.165609294275965,3.4037192545721506,-0.037701155196040136,0.39496276528028124,0.17202785873676202,4.241631074170869,12.347346799489504,12.94314716307675,-0.006003793881138419,-0.0005775902228082532,0.00018838454142948498,0.728145112108772,0.04042715468644489,0.0393974666535436
ymlfiles\Case_754_H6_T11_dir135_heavelinhigh_pitchlinhigh_rolllinhigh.yml,6,11.0,8.5271,135,linhigh,linhigh,linhigh,6.5,1.0,300,300.0,325,200,1.128590310152711,3.0629634514344195,3.3046472719209783,-0.040864523013238785,0.4021591039094434,0.15249976797810272,4.179716841283078,11.963455018633177,12.548794227162167,-0.004623681795895929,-0.0005900985982446483,0.00020813290598570262,0.7143848403919193,0.0389760697621106,0.038137526055495384
ymlfiles\Case_755_H6_T11_dir135_heavequadhigh_pitchquadhigh_rollquadhigh.yml,6,11.0,8.5271,135,quadhigh,quadhigh,quadhigh,1.0,4.0,100,1300.0,150,1300,1.135697333075938,3.1173099498076606,3.3733472049152726,-0.04051873028693341,0.40022280897657814,0.15625735678686437,4.2074768568458465,12.170243114746668,12.813417476871487,-0.005355300974064287,-0.0005903627224381834,0.00019920672575324814,0.7204428978535863,0.039783424313002635,0.03902115440213363
ymlfiles\Case_756_H6_T11_dir135_heaveDOFbest_pitchDOFbest_rollDOFbest.yml,6,11.0,8.5271,135,DOFbest,DOFbest,DOFbest,3.3,2.4,233,304.5,248,640,1.13375884459336,3.0879586103692342,3.3350018732157927,-0.040412756173801835,0.40127725027053335,0.15577279851718048,4.200054088291772,12.058896849059726,12.6690571258963,-0.004986062422769489,-0.0005892548862740484,0.00020316862987239392,0.7187588432936018,0.039349539341208176,0.03852749614044112
ymlfiles\Case_757_H6_T11_dir180_heavelow_pitchlow_rolllow.yml,6,11.0,8.5271,180,low,low,low,1.0,1.0,100,300.0,150,200,1.235233361085527,6.820295313389113,0.0007823390548847477,-0.025169856551068372,0.048440335467667635,-0.0023346277351728186,4.602017654553,25.849373423404245,0.0006479542606705425,-0.0032298889713551935,-3.395319458381984e-06,3.5818720876823754e-07,0.8433242765309482,0.09030104373685831,1.3802569712941293e-05
ymlfiles\Case_758_H6_T11_dir180_heavelinhigh_pitchlinhigh_rolllinhigh.yml,6,11.0,8.5271,180,linhigh,linhigh,linhigh,6.5,1.0,300,300.0,325,200,1.2183696124843562,6.605182356315673,0.0006920955466511555,-0.026035596724835696,0.05441724801291746,-0.0023569235747306263,4.536223424073146,25.03748510494527,0.0002810969862413544,-0.001882805752733077,-3.562329863851215e-06,3.845605295471279e-07,0.8247031421768186,0.08726962118978225,1.185002815218244e-05
ymlfiles\Case_759_H6_T11_dir180_heavequadhigh_pitchquadhigh_rollquadhigh.yml,6,11.0,8.5271,180,quadhigh,quadhigh,quadhigh,1.0,4.0,100,1300.0,150,1300,1.2247329506258977,6.638769593439056,0.0008010773759372393,-0.02403275716819368,0.05387849123711784,-0.002359216002578007,4.563820187957536,25.168106276988826,0.0006922816502108473,-0.0021614078325546803,-3.5869292435805477e-06,4.000159083920305e-07,0.8294578468184314,0.08773142341065898,1.3941174647936017e-05
ymlfiles\Case_760_H6_T11_dir180_heaveDOFbest_pitchDOFbest_rollDOFbest.yml,6,11.0,8.5271,180,DOFbest,DOFbest,DOFbest,3.3,2.4,233,304.5,248,640,1.2233724499632657,6.6258037296410865,0.0008068457312808957,-0.024997088594393094,0.055155091688438795,-0.0024014851466094334,4.557172531886588,25.118963488408873,0.0006667545351237694,-0.0020542404821694104,-3.569585455622426e-06,4.854518047045866e-07,0.8288784832806702,0.08756879394176516,1.3832081783109818e-05
ymlfiles\Case_761_H6_T12_dir0_heavelow_pitchlow_rolllow.yml,6,12.0,9.3023,0,low,low,low,1.0,1.0,100,300.0,150,200,1.1728792245221396,3.498454710082533,0.0012620180804209277,-0.007789752042080657,-0.11368867129136817,-0.002332369265441922,4.359659261774434,13.032972385166026,0.00246854535176607,-0.01124188671021939,-1.2910190560500115e-06,1.620752358223977e-07,0.7241578125200204,0.04169996028048927,2.6074398756163883e-05
ymlfiles\Case_762_H6_T12_dir0_heavelinhigh_pitchlinhigh_rolllinhigh.yml,6,12.0,9.3023,0,linhigh,linhigh,linhigh,6.5,1.0,300,300.0,325,200,1.1576112410497879,3.4289031730385298,0.0008908627967604135,-0.008143722182461025,-0.10569840473113717,-0.0023500899412116703,4.300931468527317,12.781131087639386,0.0010282996807066736,-0.01009743725221176,-1.5119015294471076e-06,2.059958568393773e-07,0.7080420807192915,0.040769185490181374,1.7503043192475555e-05
ymlfiles\Case_763_H6_T12_dir0_heavequadhigh_pitchquadhigh_rollquadhigh.yml,6,12.0,9.3023,0,quadhigh,quadhigh,quadhigh,1.0,4.0,100,1300.0,150,1300,1.163177550127333,3.4704041820792746,0.0008231552136586943,-0.006540641391352877,-0.10407164433645004,-0.002333974731846734,4.324782258685506,12.938747999080352,0.0007942324861306312,-0.010774524613648593,-1.3696928367890074e-06,2.161812603211764e-07,0.7121625548884039,0.04129275129016296,1.6920971443347013e-05
ymlfiles\Case_764_H6_T12_dir0_heaveDOFbest_pitchDOFbest_rollDOFbest.yml,6,12.0,9.3023,0,DOFbest,DOFbest,DOFbest,3.3,2.4,233,304.5,248,640,1.1619283741786308,3.4471471329836434,0.0014458738326542284,-0.00727539280532683,-0.10579019079955383,-0.0023347086706951956,4.319091367476634,12.847242338069451,0.003151009459599971,-0.010414150922583498,-1.4462842512321459e-06,1.8797322893177657e-07,0.7116465024636017,0.04100441762492716,3.0054768278427402e-05
ymlfiles\Case_765_H6_T12_dir45_heavelow_pitchlow_rolllow.yml,6,12.0,9.3023,45,low,low,low,1.0,1.0,100,300.0,150,200,1.2614012052843597,3.0599675382111435,4.8345865570162605,-0.009142941414597748,0.024251057529116604,-0.03531787527424773,4.691222975472492,11.523767735775522,18.228671188640007,-0.0036725644478622335,-0.00023424811442944752,-0.0001760496266326683,0.7902944440997103,0.037167565082896585,0.06301693669497381
ymlfiles\Case_766_H6_T12_dir45_heavelinhigh_pitchlinhigh_rolllinhigh.yml,6,12.0,9.3023,45,linhigh,linhigh,linhigh,6.5,1.0,300,300.0,325,200,1.246776992848418,2.9940914837663435,4.6589829368220945,-0.008986605898158204,0.02179747338720204,-0.032587978371058535,4.634613875460846,11.268945937345636,17.560121190539665,-0.0024538565975442033,-0.00022809979372069878,-0.00017251123735359482,0.7749995365969226,0.036124510532528256,0.06053593484387274
ymlfiles\Case_767_H6_T12_dir45_heavequadhigh_pitchquadhigh_rollquadhigh.yml,6,12.0,9.3023,45,quadhigh,quadhigh,quadhigh,1.0,4.0,100,1300.0,150,1300,1.2522584350129025,3.04243783020725,4.748548381863749,-0.007754614618782057,0.02344434215280531,-0.03745694912859008,4.658542549527423,11.4542986781678,17.89345265675494,-0.003161119275303133,-0.00022916780849870753,-0.00017368030833494775,0.7797402102857981,0.036821849243315545,0.06177654784864915
ymlfiles\Case_768_H6_T12_dir45_heaveDOFbest_pitchDOFbest_rollDOFbest.yml,6,12.0,9.3023,45,DOFbest,DOFbest,DOFbest,3.3,2.4,233,304.5,248,640,1.2510150240732363,3.0140633550698417,4.71545597523543,-0.008358190990031041,0.022653649890592455,-0.03444364062592009,4.652331012655515,11.346209913431403,17.771535590348236,-0.0028345541079041127,-0.00022875248522761558,-0.00017263253602000942,0.7788550147112335,0.03642930613596003,0.06132972876561949
ymlfiles\Case_769_H6_T12_dir90_heavelow_pitchlow_rolllow.yml,6,12.0,9.3023,90,low,low,low,1.0,1.0,100,300.0,150,200,1.2160796900230404,1.9826418784429511,4.680301143304266,-0.009949679147600407,0.2867835938795104,0.1861369617122098,4.521218960675188,7.8367288016868795,17.75097922519296,-0.011199158810748115,9.862178672237097e-05,-4.1367536469983585e-06,0.7549750050443326,0.029205889135617308,0.05534171019441193
ymlfiles\Case_770_H6_T12_dir90_heavelinhigh_pitchlinhigh_rolllinhigh.yml,6,12.0,9.3023,90,linhigh,linhigh,linhigh,6.5,1.0,300,300.0,325,200,1.2012185911714641,1.8947197844685433,4.545862316512361,-0.009981192189161311,0.28296081821239627,0.18637902072908658,4.464251340037574,7.499517297963431,17.24138844841958,-0.009664393307031055,9.729709619136715e-05,-6.885462488434488e-06,0.7394130903496671,0.028056541620342212,0.053375700966866294
ymlfiles\Case_771_H6_T12_dir90_heavequadhigh_pitchquadhigh_rollquadhigh.yml,6,12.0,9.3023,90,quadhigh,quadhigh,quadhigh,1.0,4.0,100,1300.0,150,1300,1.206920462291427,1.9539697141656658,4.6249053820037025,-0.009046275699053927,0.2872052144410914,0.1812717031726892,4.487367484341644,7.728330463864093,17.533892994217897,-0.010556766973887266,9.561651499002288e-05,-5.602181478962462e-06,0.7441518412817918,0.028834129074175527,0.05447546694885337
ymlfiles\Case_772_H6_T12_dir90_heaveDOFbest_pitchDOFbest_rollDOFbest.yml,6,12.0,9.3023,90,DOFbest,DOFbest,DOFbest,3.3,2.4,233,304.5,248,640,1.2055644909146364,1.9220962112976252,4.589213066995832,-0.009502117801895343,0.2851788172136415,0.18595221241397353,4.481546210634133,7.605290533668609,17.404656120469618,-0.010159612794870966,9.680548799928003e-05,-6.253557887181444e-06,0.7432580049388782,0.028411930602708732,0.05399814727261065
ymlfiles\Case_773_H6_T12_dir135_heavelow_pitchlow_rolllow.yml,6,12.0,9.3023,135,low,low,low,1.0,1.0,100,300.0,150,200,1.2030603879273623,2.848012571674018,3.233958031293946,-0.03820678831765328,0.4010587145479708,0.13713497648153428,4.444144894553428,11.137542201161734,12.241988800912237,-0.0057751092045042925,-0.000552561475493695,0.00022656123615031592,0.7150431037230562,0.03547036412151506,0.036258213963039895
ymlfiles\Case_774_H6_T12_dir135_heavelinhigh_pitchlinhigh_rolllinhigh.yml,6,12.0,9.3023,135,linhigh,linhigh,linhigh,6.5,1.0,300,300.0,325,200,1.189171572729677,2.7638427244141712,3.1495703721280415,-0.04071075240706481,0.4064088277733653,0.12384620962911984,4.387723376577166,10.821357469558619,11.90825394603193,-0.004564291807454738,-0.0005620828026503332,0.00024114155204642396,0.7025987314437557,0.03424514242211082,0.03516016249678643
ymlfiles\Case_775_H6_T12_dir135_heavequadhigh_pitchquadhigh_rollquadhigh.yml,6,12.0,9.3023,135,quadhigh,quadhigh,quadhigh,1.0,4.0,100,1300.0,150,1300,1.1955491511345522,2.813376680794854,3.210030714623461,-0.04009952757629114,0.40471701347685773,0.12625582935036947,4.413644943046554,11.010016071949646,12.143879867645046,-0.0052510227814457425,-0.0005619320980387123,0.00023422028834347975,0.7078782682855359,0.03499859664488853,0.035950630410476976
ymlfiles\Case_776_H6_T12_dir135_heaveDOFbest_pitchDOFbest_rollDOFbest.yml,6,12.0,9.3023,135,DOFbest,DOFbest,DOFbest,3.3,2.4,233,304.5,248,640,1.1937986735281936,2.786287499011494,3.175416993163675,-0.040171552222817056,0.40574468478218745,0.12602781402308583,4.406117985701626,10.907102452639224,12.009462695541341,-0.004894628743708586,-0.0005615351149014824,0.0002374949630360547,0.7064443222217545,0.03458873686539564,0.03549702183545747
ymlfiles\Case_777_H6_T12_dir180_heavelow_pitchlow_rolllow.yml,6,12.0,9.3023,180,low,low,low,1.0,1.0,100,300.0,150,200,1.2843969586816744,6.148813551737964,0.0007043875041638027,-0.01911271297954521,0.009917260650383359,-0.0023638802172365387,4.767952704758815,23.235532733875967,0.00031857125977090327,-0.003988094136912638,4.586537222419468e-06,3.9585129541793847e-07,0.8124845293616321,0.07972411020848069,1.1789012191028511e-05
ymlfiles\Case_778_H6_T12_dir180_heavelinhigh_pitchlinhigh_rolllinhigh.yml,6,12.0,9.3023,180,linhigh,linhigh,linhigh,6.5,1.0,300,300.0,325,200,1.2694327642058707,5.962550862739197,0.0006744639947371114,-0.019741017829204063,0.014639353491834711,-0.002380516184913784,4.710236245747721,22.526580733754937,0.00018823166173203253,-0.0028064952128736727,4.2810632189046775e-06,4.162731318307753e-07,0.7963380228107292,0.07704401898331519,1.233904806081627e-05
ymlfiles\Case_779_H6_T12_dir180_heavequadhigh_pitchquadhigh_rollquadhigh.yml,6,12.0,9.3023,180,quadhigh,quadhigh,quadhigh,1.0,4.0,100,1300.0,150,1300,1.2750839538196947,6.0076089368434165,0.0007100366225404541,-0.017873886035535354,0.012006941317849152,-0.002390099803559026,4.733821249738142,22.69534509027244,0.0003098489967278198,-0.003161862258628606,4.3639913333614805e-06,4.222213980083819e-07,0.8007334389262192,0.07766778226801206,1.2044875900802264e-05
ymlfiles\Case_780_H6_T12_dir180_heaveDOFbest_pitchDOFbest_rollDOFbest.yml,6,12.0,9.3023,180,DOFbest,DOFbest,DOFbest,3.3,2.4,233,304.5,248,640,1.273830295835869,5.987345156156475,0.0006485816945112405,-0.018672150525501644,0.01368130769538594,-0.002381730943866072,4.728351135582259,22.619234917493145,8.734276865640699e-05,-0.0030128136280399265,4.320746197883581e-06,4.0524947683094113e-07,0.8000917867468829,0.07739756207369623,1.1093961464361782e-05
ymlfiles\Case_781_H8_T9_dir0_heavelow_pitchlow_rolllow.yml,8,9.0,6.9767,0,low,low,low,1.0,1.0,100,300.0,150,200,1.1961969662320997,5.355754519355004,0.0015787863508827994,-0.055602021579848476,-0.5358184695899787,-0.0023036067596751498,4.46187000073947,19.786313726650427,0.0037240688819435213,0.01597285407601783,-4.013495220863402e-06,1.3378067208695725e-07,0.952854066698911,0.07444362187823134,3.08520938762074e-05
ymlfiles\Case_782_H8_T9_dir0_heavelinhigh_pitchlinhigh_rolllinhigh.yml,8,9.0,6.9767,0,linhigh,linhigh,linhigh,6.5,1.0,300,300.0,325,200,1.171078233257745,5.227390715979034,0.0013303425454527296,-0.053831036262186674,-0.5017040637169805,-0.002304153192016934,4.3680399353246,19.342580060665945,0.0027836793513106015,0.017687543483315398,-4.0280053295187835e-06,1.9221703878881024e-07,0.9243770194032473,0.07281408684513696,3.0211070941478297e-05
ymlfiles\Case_783_H8_T9_dir0_heavequadhigh_pitchquadhigh_rollquadhigh.yml,8,9.0,6.9767,0,quadhigh,quadhigh,quadhigh,1.0,4.0,100,1300.0,150,1300,1.1757583073625486,5.264122523508937,0.0018098930171394387,-0.0522165976413685,-0.5004780924619803,-0.0023024279454246727,4.387569685592176,19.4791429684439,0.004607164044580407,0.017378982530542274,-4.045492631888669e-06,1.755195863264187e-07,0.9251495598543223,0.07327120054737765,3.750729451861416e-05
ymlfiles\Case_784_H8_T9_dir0_heaveDOFbest_pitchDOFbest_rollDOFbest.yml,8,9.0,6.9767,0,DOFbest,DOFbest,DOFbest,3.3,2.4,233,304.5,248,640,1.1760952604615642,5.244581193329815,0.001554826442355088,-0.05316793621080944,-0.5046114076650058,-0.0023145560685463515,4.387890717149942,19.399785381271265,0.003622912148771483,0.017446035977649738,-4.045831959654932e-06,1.6393442211876676e-07,0.9276481436748732,0.07303585091427059,3.242212844874555e-05
ymlfiles\Case_785_H8_T9_dir45_heavelow_pitchlow_rolllow.yml,8,9.0,6.9767,45,low,low,low,1.0,1.0,100,300.0,150,200,1.3419882335463214,5.095843876296064,8.709658328832454,-0.0609488104364336,-0.21190260450417775,0.18923209480929284,5.014405135911602,19.1027730880532,33.25303168644249,0.037201321792569075,-0.0004587760448608834,-0.0001983101878695566,1.0984615681529022,0.07141947753916283,0.12143406943955909
ymlfiles\Case_786_H8_T9_dir45_heavelinhigh_pitchlinhigh_rolllinhigh.yml,8,9.0,6.9767,45,linhigh,linhigh,linhigh,6.5,1.0,300,300.0,325,200,1.3172966921611895,4.974994560449139,8.377635710191717,-0.05855778724365567,-0.20209453632857433,0.18741826551406693,4.922052320666371,18.65053233534007,32.00060009969214,0.0387415260409884,-0.0004209370792248993,-0.000177427870801413,1.0686688638966502,0.0695219052644428,0.1169226489542789
ymlfiles\Case_787_H8_T9_dir45_heavequadhigh_pitchquadhigh_rollquadhigh.yml,8,9.0,6.9767,45,quadhigh,quadhigh,quadhigh,1.0,4.0,100,1300.0,150,1300,1.320154427323335,5.033589444486713,8.41270041475878,-0.05569016485925855,-0.20204250061078413,0.18580701873019337,4.936541483391685,18.874651538958407,32.127221701573674,0.03843512851507159,-0.00041990934732692264,-0.00018321364409578828,1.0685703360037941,0.07030026068511107,0.11731958808857454
ymlfiles\Case_788_H8_T9_dir45_heaveDOFbest_pitchDOFbest_rollDOFbest.yml,8,9.0,6.9767,45,DOFbest,DOFbest,DOFbest,3.3,2.4,233,304.5,248,640,1.3210330824274399,4.996759245599503,8.486362102748611,-0.057744436830047256,-0.2006064140037396,0.1842095920030002,4.9378098907437264,18.73550184084802,32.40364608114335,0.038436064815935735,-0.00043170849795243243,-0.00018113497316468003,1.0721165865261346,0.06986506460085877,0.11837205939553982
ymlfiles\Case_789_H8_T9_dir90_heavelow_pitchlow_rolllow.yml,8,9.0,6.9767,90,low,low,low,1.0,1.0,100,300.0,150,200,1.2824398299813093,3.7178500524737847,7.815562760649908,-0.05589264015045687,0.32772977630556477,0.41272905870362164,4.79132076826277,14.485567960546218,29.970527104133964,0.019756858648978047,0.0005986996593496643,0.0002328865999866405,1.0357139932440718,0.05442772429554068,0.10392933952724431
ymlfiles\Case_790_H8_T9_dir90_heavelinhigh_pitchlinhigh_rolllinhigh.yml,8,9.0,6.9767,90,linhigh,linhigh,linhigh,6.5,1.0,300,300.0,325,200,1.2579606501788139,3.574975731658761,7.53691325478189,-0.05365501089966945,0.31026257313379374,0.4016870260028093,4.698657947060351,13.927335214744264,28.908779652360543,0.02227645534154932,0.0005438415140856795,0.0002162061204938498,1.006853831973296,0.05249734402034198,0.1000844839367237
ymlfiles\Case_791_H8_T9_dir90_heavequadhigh_pitchquadhigh_rollquadhigh.yml,8,9.0,6.9767,90,quadhigh,quadhigh,quadhigh,1.0,4.0,100,1300.0,150,1300,1.2624201666368784,3.6404127377727407,7.608904271917685,-0.05250447727143657,0.3165275886516614,0.3922965016110736,4.718512477553983,14.179478955111694,29.170106915923224,0.021790713071934642,0.0005500119342242637,0.00021963944315637256,1.0088365001832726,0.053342372790359104,0.10101243295808793
ymlfiles\Case_792_H8_T9_dir90_heaveDOFbest_pitchDOFbest_rollDOFbest.yml,8,9.0,6.9767,90,DOFbest,DOFbest,DOFbest,3.3,2.4,233,304.5,248,640,1.2623866586301722,3.6044280050875415,7.627966273728012,-0.05344123420537878,0.316599726960568,0.40189901960325825,4.716654654911664,14.044533111223343,29.250223001004905,0.021670442957124492,0.0005604626087203791,0.0002198201649690467,1.010821882442396,0.05288329515117475,0.10131496750163348
ymlfiles\Case_793_H8_T9_dir135_heavelow_pitchlow_rolllow.yml,8,9.0,6.9767,135,low,low,low,1.0,1.0,100,300.0,150,200,1.2310082898086627,5.256353728535311,4.774023981243316,-0.025852932591255682,0.3432161040054287,0.514116487576278,4.628256295049053,20.2555594974485,18.552025945969245,0.008824953371215341,-0.000897342358774565,0.0005266745516571117,0.9222867040594324,0.07162324730076784,0.061971182855279076
ymlfiles\Case_794_H8_T9_dir135_heavelinhigh_pitchlinhigh_rolllinhigh.yml,8,9.0,6.9767,135,linhigh,linhigh,linhigh,6.5,1.0,300,300.0,325,200,1.208264827583299,5.059578540170426,4.614380177928447,-0.02794744213765947,0.34971334294896245,0.4719087966693849,4.538661229749482,19.516624574785425,17.902739062264587,0.011228821390872489,-0.0009087369572349169,0.000551150565419586,0.9006108528514202,0.06892460258222907,0.059821885764347375
ymlfiles\Case_795_H8_T9_dir135_heavequadhigh_pitchquadhigh_rollquadhigh.yml,8,9.0,6.9767,135,quadhigh,quadhigh,quadhigh,1.0,4.0,100,1300.0,150,1300,1.2147275350592017,5.114779200897748,4.706469822978382,-0.027093332467058934,0.34544357357978306,0.4834190932052145,4.5652096726899485,19.72250170206849,18.268064310321297,0.010571019636676404,-0.0009159203791244195,0.0005430182076526653,0.9057324086736493,0.06968154642933554,0.06102017228661613
ymlfiles\Case_796_H8_T9_dir135_heaveDOFbest_pitchDOFbest_rollDOFbest.yml,8,9.0,6.9767,135,DOFbest,DOFbest,DOFbest,3.3,2.4,233,304.5,248,640,1.2139080503012103,5.087943340878453,4.668839000259633,-0.027301032007701825,0.3490741254800254,0.47975647601130106,4.561650756760452,19.62343810520113,18.118274597696335,0.010772672652174228,-0.0009111237589512516,0.0005446761363687914,0.9053245570979882,0.06932613669231703,0.06054829756873614
ymlfiles\Case_797_H8_T9_dir180_heavelow_pitchlow_rolllow.yml,8,9.0,6.9767,180,low,low,low,1.0,1.0,100,300.0,150,200,1.3832223298743005,10.879773298207775,0.0011368960259394588,-0.07791719703363993,0.3458432024452237,-0.0023773075561273178,5.15567486631312,41.681522424799354,0.001968274814466942,0.043653235887091225,-1.5439599499061514e-06,6.53035517553044e-07,1.16383437267321,0.1540354582901447,2.074493786348691e-05
ymlfiles\Case_798_H8_T9_dir180_heavelinhigh_pitchlinhigh_rolllinhigh.yml,8,9.0,6.9767,180,linhigh,linhigh,linhigh,6.5,1.0,300,300.0,325,200,1.3573019617631294,10.538161551804095,0.00104194114498242,-0.076567089378665,0.3380522669607048,-0.002492554534921831,5.057558870300772,40.37584106633545,0.001479632232318246,0.04440884755769446,-1.1427462380959429e-06,1.1041108345005622e-06,1.1313008104060316,0.14930978315492718,1.765659356176473e-05
ymlfiles\Case_799_H8_T9_dir180_heavequadhigh_pitchquadhigh_rollquadhigh.yml,8,9.0,6.9767,180,quadhigh,quadhigh,quadhigh,1.0,4.0,100,1300.0,150,1300,1.3604274899393278,10.417468691303554,0.0008722954630928706,-0.07144159151379949,0.3463582367566969,-0.0023956953290921006,5.075068910224525,39.92962009157943,0.000933704148378697,0.044224101673670475,-1.2274960105980174e-06,6.304603405684175e-07,1.1278863426432113,0.14758064790075692,1.4876272656785944e-05
ymlfiles\Case_800_H8_T9_dir180_heaveDOFbest_pitchDOFbest_rollDOFbest.yml,8,9.0,6.9767,180,DOFbest,DOFbest,DOFbest,3.3,2.4,233,304.5,248,640,1.3616940434277027,10.499822489386146,0.0008991249253875727,-0.0742163837888096,0.34469083289982266,-0.002376251807069855,5.076804393435926,40.23884576683333,0.0010578176546888235,0.044289003920075315,-1.2035489510158315e-06,5.544806624892474e-07,1.132909695199777,0.14876778725850542,1.6656923096833033e-05
ymlfiles\Case_801_H8_T9p5_dir0_heavelow_pitchlow_rolllow.yml,8,9.5,7.3643,0,low,low,low,1.0,1.0,100,300.0,150,200,1.2712461311353693,5.29821646035581,0.0014192270768776582,-0.061820553102928624,-0.5334608572310817,-0.0023184463624388416,4.727105358597909,19.532466212937972,0.0030849213901901784,0.009827100117360954,-7.0402795904910225e-06,2.3790367117481511e-07,0.9786121322149316,0.07095939477388515,2.8642109475880985e-05
ymlfiles\Case_802_H8_T9p5_dir0_heavelinhigh_pitchlinhigh_rolllinhigh.yml,8,9.5,7.3643,0,linhigh,linhigh,linhigh,6.5,1.0,300,300.0,325,200,1.24630846232594,5.186229070678051,0.002088825292912687,-0.06012988618863196,-0.5006460028423303,-0.0023239359398716333,4.633202681999863,19.15058951156362,0.005636523412745736,0.011849911246600266,-6.665457191949743e-06,2.396410294103809e-07,0.9494720579807147,0.06952234481248787,4.112056550310716e-05
ymlfiles\Case_803_H8_T9p5_dir0_heavequadhigh_pitchquadhigh_rollquadhigh.yml,8,9.5,7.3643,0,quadhigh,quadhigh,quadhigh,1.0,4.0,100,1300.0,150,1300,1.249807161090997,5.224956326373042,0.00226095596902941,-0.05814157062340405,-0.4954451367494421,-0.002277145276971691,4.6494706659495435,19.296201267913013,0.006374421378730483,0.01134602119179256,-6.8705297710841885e-06,8.403176464604285e-08,0.9490223013928377,0.0700014158149331,4.5701160145561405e-05
ymlfiles\Case_804_H8_T9p5_dir0_heaveDOFbest_pitchDOFbest_rollDOFbest.yml,8,9.5,7.3643,0,DOFbest,DOFbest,DOFbest,3.3,2.4,233,304.5,248,640,1.2507125813767044,5.203390044664504,0.0023938014094726,-0.05929326468065168,-0.5016569846982983,-0.002350541656641268,4.651453482717397,19.21145479525744,0.006754399417693093,0.011522494958974349,-6.769956600203782e-06,2.2597277643208735e-07,0.9521143024991956,0.06974388107435484,4.412932159752073e-05
ymlfiles\Case_805_H8_T9p5_dir45_heavelow_pitchlow_rolllow.yml,8,9.5,7.3643,45,low,low,low,1.0,1.0,100,300.0,150,200,1.4145319550403015,4.828416410869695,8.218246124658172,-0.06707376859727798,-0.21286766378809108,0.13998817097098146,5.266879317383009,18.053501300278352,31.29385754942965,0.026605153538727905,-0.0005281401372282277,-0.00027014097824790676,1.117851492681236,0.06605124046426908,0.11337469442205465
ymlfiles\Case_806_H8_T9p5_dir45_heavelinhigh_pitchlinhigh_rolllinhigh.yml,8,9.5,7.3643,45,linhigh,linhigh,linhigh,6.5,1.0,300,300.0,325,200,1.3901848215512853,4.724949846550977,7.9210077571866035,-0.06511859552985115,-0.20705776317791152,0.14233962123881133,5.175515162504201,17.6649330269505,30.17259844233937,0.028545528465564598,-0.0005008184845032598,-0.0002564368934652166,1.0878566020369747,0.06437811634857314,0.10928343066506886
ymlfiles\Case_807_H8_T9p5_dir45_heavequadhigh_pitchquadhigh_rollquadhigh.yml,8,9.5,7.3643,45,quadhigh,quadhigh,quadhigh,1.0,4.0,100,1300.0,150,1300,1.3923203694482018,4.783373399999894,7.969722263002089,-0.06193172676275639,-0.2046542222123579,0.13663597945295633,5.187963305791735,17.88735475979487,30.348396809929223,0.028022889140817527,-0.0005034661852693863,-0.0002629714468964267,1.0870974764927077,0.06515841752401894,0.10986819459681356
ymlfiles\Case_808_H8_T9p5_dir45_heaveDOFbest_pitchDOFbest_rollDOFbest.yml,8,9.5,7.3643,45,DOFbest,DOFbest,DOFbest,3.3,2.4,233,304.5,248,640,1.3936084748267543,4.746897381231615,8.018807786486484,-0.06403982509254975,-0.2044276984504645,0.1379295300141121,5.190106711806146,17.7505790284428,30.534160226942582,0.028102949681128354,-0.0005096501048007814,-0.00025935677826277744,1.0908632352468877,0.06472376750122488,0.11059428867342379
ymlfiles\Case_809_H8_T9p5_dir90_heavelow_pitchlow_rolllow.yml,8,9.5,7.3643,90,low,low,low,1.0,1.0,100,300.0,150,200,1.3510111337585402,3.519110003480941,7.48999296303695,-0.06207867281497485,0.3500303321298362,0.3890994904057457,5.028518286671691,13.747499339242138,28.66170883178176,0.010645678403742139,0.0006730953300534166,0.0002195487440699932,1.054333810384593,0.05153517485200014,0.09754937772100142
ymlfiles\Case_810_H8_T9p5_dir90_heavelinhigh_pitchlinhigh_rolllinhigh.yml,8,9.5,7.3643,90,linhigh,linhigh,linhigh,6.5,1.0,300,300.0,325,200,1.3268258901771692,3.384000173160938,7.25007285084356,-0.05997145332247344,0.33287497634491103,0.3802890550210494,4.938323081801287,13.216606282577555,27.74416962421858,0.013568855823463514,0.0006300948532568555,0.00020599112413594993,1.0253446366199828,0.049714524672369406,0.09417877749849785
ymlfiles\Case_811_H8_T9p5_dir90_heavequadhigh_pitchquadhigh_rollquadhigh.yml,8,9.5,7.3643,90,quadhigh,quadhigh,quadhigh,1.0,4.0,100,1300.0,150,1300,1.3304179710453892,3.4461393079833305,7.327407082263817,-0.058359297391604184,0.3398977534188809,0.3682564011838266,4.95435088874024,13.459562818514694,28.027149933451994,0.012832274904552342,0.0006388227596704509,0.00020961521223805676,1.0263490910696682,0.05051547124627046,0.09516854767974733
ymlfiles\Case_812_H8_T9p5_dir90_heaveDOFbest_pitchDOFbest_rollDOFbest.yml,8,9.5,7.3643,90,DOFbest,DOFbest,DOFbest,3.3,2.4,233,304.5,248,640,1.3309033250199327,3.4126218456909423,7.330549984234281,-0.059492800648742204,0.3391000673242915,0.3793753219046609,4.954461229996683,13.331162084542902,28.048566869575666,0.012784775913444804,0.0006449832666519673,0.0002094549464457097,1.028821911460917,0.050088540560592365,0.09527014839153247
ymlfiles\Case_813_H8_T9p5_dir135_heavelow_pitchlow_rolllow.yml,8,9.5,7.3643,135,low,low,low,1.0,1.0,100,300.0,150,200,1.2959406046061646,4.983607303321548,4.778336232669947,-0.028765548273762723,0.31704579551824436,0.47671743194062105,4.85575063880845,19.163178488894193,18.48667109204576,0.0037806678027685558,-0.0008715701455840453,0.00047423981720330524,0.9369667456611829,0.06643661210865762,0.0602185958603771
ymlfiles\Case_814_H8_T9p5_dir135_heavelinhigh_pitchlinhigh_rolllinhigh.yml,8,9.5,7.3643,135,linhigh,linhigh,linhigh,6.5,1.0,300,300.0,325,200,1.274340637049225,4.818255835869153,4.636666127531169,-0.03027248786427069,0.32249197358897186,0.44115046513903955,4.771995559861948,18.543327466165145,17.91817235168607,0.006407568949714731,-0.0008898658642762304,0.0005007220467652181,0.9159989313872765,0.06414163267224818,0.05829698849451595
ymlfiles\Case_815_H8_T9p5_dir135_heavequadhigh_pitchquadhigh_rollquadhigh.yml,8,9.5,7.3643,135,quadhigh,quadhigh,quadhigh,1.0,4.0,100,1300.0,150,1300,1.2801246793063208,4.872109823134225,4.722899823814619,-0.02957815562556239,0.31854015471026575,0.4497308690045051,4.795605806813013,18.744042068545646,18.250740012451132,0.005564565143242438,-0.0008941498268834134,0.0004921884820214213,0.920430651967596,0.06488672732582033,0.059410943270680215
ymlfiles\Case_816_H8_T9p5_dir135_heaveDOFbest_pitchDOFbest_rollDOFbest.yml,8,9.5,7.3643,135,DOFbest,DOFbest,DOFbest,3.3,2.4,233,304.5,248,640,1.27956752908636,4.8444649040961485,4.6858615454596375,-0.029623138277903836,0.321713315471386,0.44753311450094785,4.792622137140754,18.643671055411563,18.108964886815368,0.005852375435689045,-0.0008895836249256914,0.0004942838127098126,0.9203065305686625,0.06451557076936623,0.058951099596432674
ymlfiles\Case_817_H8_T9p5_dir180_heavelow_pitchlow_rolllow.yml,8,9.5,7.3643,180,low,low,low,1.0,1.0,100,300.0,150,200,1.4515097689796659,10.288836419172931,0.0012335032993817856,-0.07732778958057743,0.2264495543235399,-0.002423944365913166,5.398265791276822,39.2334593946783,0.0022812050342778485,0.029495962870948047,1.2061202360849288e-05,8.793161362300283e-07,1.1765837130424344,0.14308358662832238,2.092628018225963e-05
ymlfiles\Case_818_H8_T9p5_dir180_heavelinhigh_pitchlinhigh_rolllinhigh.yml,8,9.5,7.3643,180,linhigh,linhigh,linhigh,6.5,1.0,300,300.0,325,200,1.4260272175203392,9.98737069947288,0.0010245629088971586,-0.07586566935552068,0.2214808721434458,-0.0024056891345003895,5.301750134120381,38.081582998499805,0.0014943262932489735,0.030869399224017675,1.1062701872546658e-05,7.241718702113761e-07,1.1441186322043688,0.1388269227103373,1.7645132526767546e-05
ymlfiles\Case_819_H8_T9p5_dir180_heavequadhigh_pitchquadhigh_rollquadhigh.yml,8,9.5,7.3643,180,quadhigh,quadhigh,quadhigh,1.0,4.0,100,1300.0,150,1300,1.4282642342225573,9.906384649129498,0.000957060001980619,-0.070590463916585,0.22458108806610108,-0.00239714896002333,5.317928071132505,37.779661928421135,0.0012486034060323462,0.030814503632618562,1.120412485900182e-05,7.286085238046301e-07,1.1403105717979138,0.13761684052005166,1.6429528297756532e-05
ymlfiles\Case_820_H8_T9p5_dir180_heaveDOFbest_pitchDOFbest_rollDOFbest.yml,8,9.5,7.3643,180,DOFbest,DOFbest,DOFbest,3.3,2.4,233,304.5,248,640,1.4299675074107017,9.963602481370058,0.0009007549856438957,-0.0735220681339686,0.22610343034092517,-0.0024087357278747648,5.321114750061312,37.998096937770015,0.0010210365711858047,0.030797265922478775,1.1133477900213673e-05,7.464083842098467e-07,1.1455159267620743,0.13848807112893133,1.5222240888367368e-05
ymlfiles\Case_821_H8_T10_dir0_heavelow_pitchlow_rolllow.yml,8,10.0,7.7519,0,low,low,low,1.0,1.0,100,300.0,150,200,1.3249526120427417,5.117122274989481,0.0015995643996048405,-0.06203730975705671,-0.5193338767357331,-0.002348024351536983,4.913407721372247,18.807235228851415,0.003751496578243738,0.004490637101703203,4.921692807152899e-06,2.2657250790064837e-07,0.9820981223697824,0.06647555993476746,3.284920784979999e-05
ymlfiles\Case_822_H8_T10_dir0_heavelinhigh_pitchlinhigh_rolllinhigh.yml,8,10.0,7.7519,0,linhigh,linhigh,linhigh,6.5,1.0,300,300.0,325,200,1.3008430597863494,5.023041183990742,0.0022943553263180655,-0.06044450373480417,-0.49168769520953726,-0.0022838921762869573,4.823260631285262,18.482737130982276,0.006460004180764836,0.006605252168779826,4.633296737090702e-06,1.6057966055135898e-07,0.9531625238964755,0.06523213860581491,4.704114761148996e-05
ymlfiles\Case_823_H8_T10_dir0_heavequadhigh_pitchquadhigh_rollquadhigh.yml,8,10.0,7.7519,0,quadhigh,quadhigh,quadhigh,1.0,4.0,100,1300.0,150,1300,1.3033863809640927,5.0652122896022265,0.0023398689555251258,-0.05792192265137063,-0.4873818231115149,-0.0023774720275491945,4.836537874526796,18.645273650559215,0.00650749872463708,0.006021368365537746,4.598295096854179e-06,3.0761435197900766e-07,0.951619332822658,0.06574533002971401,4.622453402874123e-05
ymlfiles\Case_824_H8_T10_dir0_heaveDOFbest_pitchDOFbest_rollDOFbest.yml,8,10.0,7.7519,0,DOFbest,DOFbest,DOFbest,3.3,2.4,233,304.5,248,640,1.3046712910567675,5.0420361525554185,0.0030465367895648405,-0.059295804071066105,-0.4935695982233172,-0.0023575545374241,4.8387815125682465,18.550477666683193,0.009216107282631681,0.006268179508952267,4.6004186709234304e-06,2.975444513161506e-07,0.955221841606046,0.06547036310526069,5.8941835817150134e-05
ymlfiles\Case_825_H8_T10_dir45_heavelow_pitchlow_rolllow.yml,8,10.0,7.7519,45,low,low,low,1.0,1.0,100,300.0,150,200,1.4637889250374736,4.518775237217783,7.597319292138243,-0.06833951518154645,-0.2074663649686348,0.12372260773393146,5.433171654922143,16.866091776002346,28.918055636460835,0.021224812016477256,-0.0004506302646068032,-0.00027997681833023027,1.1102971104656618,0.06070298733727114,0.10480643205411774
ymlfiles\Case_826_H8_T10_dir45_heavelinhigh_pitchlinhigh_rolllinhigh.yml,8,10.0,7.7519,45,linhigh,linhigh,linhigh,6.5,1.0,300,300.0,325,200,1.4405002821844464,4.430751642653164,7.333031543843025,-0.06712171331804154,-0.2041820888186375,0.12481691293521258,5.344885305935,16.535858688800325,27.91158729984059,0.02303669321382763,-0.0004350977362868499,-0.00027154293279571496,1.0817372957525224,0.05920872452355181,0.10106565575337881
ymlfiles\Case_827_H8_T10_dir45_heavequadhigh_pitchquadhigh_rollquadhigh.yml,8,10.0,7.7519,45,quadhigh,quadhigh,quadhigh,1.0,4.0,100,1300.0,150,1300,1.4426342019559797,4.487022596032799,7.391849415456191,-0.06385981806799496,-0.20049609278275612,0.11796333402382786,5.356825266935776,16.750253514651398,28.13355219930919,0.022502654110553716,-0.0004383209214287274,-0.0002783435422718961,1.0812537793599228,0.05999035373873205,0.1018405369675632
ymlfiles\Case_828_H8_T10_dir45_heaveDOFbest_pitchDOFbest_rollDOFbest.yml,8,10.0,7.7519,45,DOFbest,DOFbest,DOFbest,3.3,2.4,233,304.5,248,640,1.4438611774482393,4.452758529388493,7.421025136382288,-0.0657468485485216,-0.2016426316944456,0.12066338775986184,5.3588871649394925,16.619666661636195,28.242357702352106,0.022613909719502102,-0.0004393183929196859,-0.000273081176188074,1.084598758726853,0.05955944937252171,0.10227509862551033
ymlfiles\Case_829_H8_T10_dir90_heavelow_pitchlow_rolllow.yml,8,10.0,7.7519,90,low,low,low,1.0,1.0,100,300.0,150,200,1.3993471579572316,3.2670755597994017,6.997653325904322,-0.06247951992005858,0.33441475212333865,0.3648674716112182,5.193943188217599,12.787150143155122,26.74765130450906,0.005453453899346282,0.0006036485362805869,0.00012898632226344435,1.0506371142753739,0.0484204578522075,0.0898116213171978
ymlfiles\Case_830_H8_T10_dir90_heavelinhigh_pitchlinhigh_rolllinhigh.yml,8,10.0,7.7519,90,linhigh,linhigh,linhigh,6.5,1.0,300,300.0,325,200,1.3759934348140948,3.142721335782758,6.796238024639008,-0.060734598065703194,0.32047772281525244,0.35769687613049794,5.106702718130009,12.300365902794486,25.984050582908253,0.008230458007919182,0.0005811409807950909,0.00012233078848218314,1.022501155889893,0.04674952119188746,0.08687455534135699
ymlfiles\Case_831_H8_T10_dir90_heavequadhigh_pitchquadhigh_rollquadhigh.yml,8,10.0,7.7519,90,quadhigh,quadhigh,quadhigh,1.0,4.0,100,1300.0,150,1300,1.3790174531466088,3.20135110114952,6.8755377390191725,-0.05864702379233343,0.32923931256070527,0.34517101524552457,5.121410415435007,12.535554078135176,26.270537576220732,0.0074024239737243034,0.0005826019933858219,0.00012258871432870185,1.0228784887423985,0.04750682862703551,0.087907076194221
ymlfiles\Case_832_H8_T10_dir90_heaveDOFbest_pitchDOFbest_rollDOFbest.yml,8,10.0,7.7519,90,DOFbest,DOFbest,DOFbest,3.3,2.4,233,304.5,248,640,1.3797600780883383,3.170332731841792,6.8670908295996576,-0.05994082785730549,0.3270726505690449,0.35647403453431187,5.122906162615513,12.414538556771232,26.24700682893928,0.007448586598037761,0.0005881926661488486,0.00012336463942043313,1.0255448777827616,0.0471081203639009,0.08785310184137456
ymlfiles\Case_833_H8_T10_dir135_heavelow_pitchlow_rolllow.yml,8,10.0,7.7519,135,low,low,low,1.0,1.0,100,300.0,150,200,1.3462198562984482,4.642513240225133,4.655278252547173,-0.029608803017626282,0.31098617086957164,0.4230682366078029,5.029415799896084,17.84113982554318,17.946897115102672,0.0011583297621207257,-0.0008566126567253469,0.00044412764187821844,0.9387309556808817,0.06096830913714247,0.05735605829384695
ymlfiles\Case_834_H8_T10_dir135_heavelinhigh_pitchlinhigh_rolllinhigh.yml,8,10.0,7.7519,135,linhigh,linhigh,linhigh,6.5,1.0,300,300.0,325,200,1.3256157405383706,4.504241203074542,4.5322999665263595,-0.03060908228219916,0.3131996322689244,0.393160909103639,4.948859944918636,17.321237369987806,17.447969426221327,0.0036392837808401474,-0.0008736182362747699,0.00046965232173993654,0.9185254238949739,0.05899151421503577,0.0556515480324399
ymlfiles\Case_835_H8_T10_dir135_heavequadhigh_pitchquadhigh_rollquadhigh.yml,8,10.0,7.7519,135,quadhigh,quadhigh,quadhigh,1.0,4.0,100,1300.0,150,1300,1.330965182294619,4.555244998284089,4.610376305654454,-0.02985607698122603,0.3097620536404991,0.39833644462068446,4.971233667419493,17.511357381901426,17.75209147644413,0.0027672953229627498,-0.000877225315615997,0.0004616555196128821,0.9225328934234506,0.05971842895471114,0.05667279584706687
ymlfiles\Case_836_H8_T10_dir135_heaveDOFbest_pitchDOFbest_rollDOFbest.yml,8,10.0,7.7519,135,DOFbest,DOFbest,DOFbest,3.3,2.4,233,304.5,248,640,1.3305203936725076,4.528351493211423,4.57548488108728,-0.030060522347847896,0.3131335924658535,0.39801186083689866,4.9690533229867615,17.412211908614573,17.615322960330893,0.003091053672807994,-0.0008735758000662121,0.00046365510936159236,0.9225326645356217,0.05934992135837526,0.05623342961594127
ymlfiles\Case_837_H8_T10_dir180_heavelow_pitchlow_rolllow.yml,8,10.0,7.7519,180,low,low,low,1.0,1.0,100,300.0,150,200,1.4959088629405055,9.593051333631701,0.0009638733524197957,-0.07051319545087974,0.1516642646278892,-0.002425412822398356,5.554097484463308,36.49431485038581,0.0012430388965105066,0.02147358965088103,-1.4258376454521003e-05,8.747156648422232e-07,1.1614121032020408,0.1321614923193564,1.62819442877381e-05
ymlfiles\Case_838_H8_T10_dir180_heavelinhigh_pitchlinhigh_rolllinhigh.yml,8,10.0,7.7519,180,linhigh,linhigh,linhigh,6.5,1.0,300,300.0,325,200,1.471667994432782,9.325492139814243,0.0010673767081898697,-0.06954025830742487,0.1437004088474081,-0.0023997802795350347,5.462930572698512,35.47272040369784,0.00166882305329064,0.022841687672506366,-1.3495434864579668e-05,7.018398615479766e-07,1.1308685423019211,0.12825191986471782,1.869640395370747e-05
ymlfiles\Case_839_H8_T10_dir180_heavequadhigh_pitchquadhigh_rollquadhigh.yml,8,10.0,7.7519,180,quadhigh,quadhigh,quadhigh,1.0,4.0,100,1300.0,150,1300,1.4738947941231428,9.277665421417733,0.0009679692958021424,-0.06437792393857843,0.1427654218062361,-0.0023818266913491542,5.4771331708607045,35.294341371117845,0.0013040464327643978,0.022824260776802833,-1.3138777664720472e-05,6.049121159386522e-07,1.1279283571141598,0.1275094702174948,1.6387136689764095e-05
ymlfiles\Case_840_H8_T10_dir180_heaveDOFbest_pitchDOFbest_rollDOFbest.yml,8,10.0,7.7519,180,DOFbest,DOFbest,DOFbest,3.3,2.4,233,304.5,248,640,1.475430352347127,9.314365935472598,0.0011738446932431925,-0.06712719778538263,0.14617625392992165,-0.0024397323622394494,5.479152226740488,35.433045347813476,0.002027009170021715,0.02278091325210693,-1.3400349779175915e-05,8.530108076881066e-07,1.132459441405218,0.12809508440943526,1.929976953011336e-05
ymlfiles\Case_841_H8_T11_dir0_heavelow_pitchlow_rolllow.yml,8,11.0,8.5271,0,low,low,low,1.0,1.0,100,300.0,150,200,1.4240241572021233,4.792329734217051,0.0015688038809523056,-0.06273203012383977,-0.503162485221824,-0.0023380829678105453,5.25559753836841,17.523133396411282,0.003636788759426101,0.000631764847484394,-3.5923853362158497e-06,2.153603024726539e-07,0.9731285518078697,0.059327091320207935,3.09173018161348e-05
ymlfiles\Case_842_H8_T11_dir0_heavelinhigh_pitchlinhigh_rolllinhigh.yml,8,11.0,8.5271,0,linhigh,linhigh,linhigh,6.5,1.0,300,300.0,325,200,1.4017582900142893,4.723547730661697,0.001707524025815657,-0.06148347573192871,-0.48476133056539206,-0.0023175023281777622,5.173337732849739,17.284961562523215,0.004192567030543489,0.0024542529483123237,-3.2510387561124155e-06,2.3932572641274726e-07,0.9464278846862046,0.05831215991632925,3.8161060507056935e-05
ymlfiles\Case_843_H8_T11_dir0_heavequadhigh_pitchquadhigh_rollquadhigh.yml,8,11.0,8.5271,0,quadhigh,quadhigh,quadhigh,1.0,4.0,100,1300.0,150,1300,1.4039489629819448,4.7673359933185475,0.002108285691008472,-0.05828642217460084,-0.48134602164754153,-0.002309608614943741,5.185067944194554,17.44880957883713,0.005713143732103474,0.001730104705334176,-3.391388106722765e-06,2.2809710228890333e-07,0.9450419510874779,0.05884187939621104,4.346688661342714e-05
ymlfiles\Case_844_H8_T11_dir0_heaveDOFbest_pitchDOFbest_rollDOFbest.yml,8,11.0,8.5271,0,DOFbest,DOFbest,DOFbest,3.3,2.4,233,304.5,248,640,1.4052254353790694,4.74153563199593,0.001151812656279539,-0.06001864167409554,-0.4855046978759222,-0.0023381785809543313,5.187750509657818,17.34975309385946,0.002036938173602382,0.0020750112620284947,-3.3253912722758003e-06,2.237941689003026e-07,0.948372659661501,0.05854316411553525,2.453831489907924e-05
ymlfiles\Case_845_H8_T11_dir45_heavelow_pitchlow_rolllow.yml,8,11.0,8.5271,45,low,low,low,1.0,1.0,100,300.0,150,200,1.5519151419832564,4.100365675150431,6.700122212037113,-0.06939723542835713,-0.18554671179801843,0.11753716888702204,5.736176114676048,15.272653787975008,25.485266882711493,0.014232879625357216,-0.00040876860195848534,-0.00030015159267083355,1.0794205674146233,0.05315842416555699,0.09196585122248345
ymlfiles\Case_846_H8_T11_dir45_heavelinhigh_pitchlinhigh_rolllinhigh.yml,8,11.0,8.5271,45,linhigh,linhigh,linhigh,6.5,1.0,300,300.0,325,200,1.5311872083677207,4.027396200132049,6.468343470141459,-0.06889101144942981,-0.18416075130033766,0.11695030542371425,5.65688749958594,14.99367591723993,24.608446470993567,0.01583818443583474,-0.00040216960179932583,-0.00029817598016908963,1.054588078078523,0.05185147694055123,0.08859799982811468
ymlfiles\Case_847_H8_T11_dir45_heavequadhigh_pitchquadhigh_rollquadhigh.yml,8,11.0,8.5271,45,quadhigh,quadhigh,quadhigh,1.0,4.0,100,1300.0,150,1300,1.5335410251991373,4.081441120163976,6.540645511795116,-0.06582726834616195,-0.1809442862709479,0.11083457790432488,5.670634940925775,15.201461068755306,24.86941945107641,0.015219172597938056,-0.00040335020603182855,-0.0003020887255698132,1.054840800753106,0.05263004652159432,0.08960093768050977
ymlfiles\Case_848_H8_T11_dir45_heaveDOFbest_pitchDOFbest_rollDOFbest.yml,8,11.0,8.5271,45,DOFbest,DOFbest,DOFbest,3.3,2.4,233,304.5,248,640,1.5344844305835292,4.04789440538574,6.544637095694072,-0.06753254912105325,-0.18188056578903206,0.11479504814132784,5.6717065715465065,15.073206612976314,24.88982707086134,0.015423862760110093,-0.0004044014702156095,-0.00029896580331970323,1.0573479820680438,0.05219246717960547,0.0896820810274577
ymlfiles\Case_849_H8_T11_dir90_heavelow_pitchlow_rolllow.yml,8,11.0,8.5271,90,low,low,low,1.0,1.0,100,300.0,150,200,1.4896207889646136,2.9222926823757565,6.265799480137875,-0.06624258548991316,0.254636578036885,0.36412057434560513,5.50115751825085,11.416220349486704,23.93171449794804,0.0010335374120154632,0.0006347164168029358,8.154359749665407e-05,1.0281506707802415,0.04416320319576422,0.07858420753612426
ymlfiles\Case_850_H8_T11_dir90_heavelinhigh_pitchlinhigh_rolllinhigh.yml,8,11.0,8.5271,90,linhigh,linhigh,linhigh,6.5,1.0,300,300.0,325,200,1.4682535247083508,2.8074256079407482,6.104344936078357,-0.06502634137345002,0.24635238654859276,0.35816274533271303,5.420323394059034,10.970716844056383,23.311584125692157,0.003334159257785936,0.0006277414627718783,7.625505976346312e-05,1.002829157587714,0.04263697512004522,0.07607592148705716
ymlfiles\Case_851_H8_T11_dir90_heavequadhigh_pitchquadhigh_rollquadhigh.yml,8,11.0,8.5271,90,quadhigh,quadhigh,quadhigh,1.0,4.0,100,1300.0,150,1300,1.4709960931077974,2.866748831542449,6.185751440636208,-0.06240905315899345,0.25301195025741374,0.3470295009096327,5.435017023506746,11.203467873932816,23.612143852256082,0.002374763506881662,0.0006291589651274031,7.724942066970318e-05,1.0033221892505926,0.043402334881549945,0.0771826065838489
ymlfiles\Case_852_H8_T11_dir90_heaveDOFbest_pitchDOFbest_rollDOFbest.yml,8,11.0,8.5271,90,DOFbest,DOFbest,DOFbest,3.3,2.4,233,304.5,248,640,1.4717989006955239,2.835764388933179,6.1629173862372335,-0.06388013688559058,0.25093818615325797,0.3570149902673177,5.435448584394495,11.08354301986374,23.53207344378643,0.002611301263030087,0.0006313255068919073,7.751672192231142e-05,1.005630571608397,0.04299996754931873,0.07691843784621166
ymlfiles\Case_853_H8_T11_dir135_heavelow_pitchlow_rolllow.yml,8,11.0,8.5271,135,low,low,low,1.0,1.0,100,300.0,150,200,1.4428128183465694,4.139915005582406,4.459746144862489,-0.03527549311092994,0.33623172102734356,0.36132628208566936,5.358260515201458,15.93925242618168,17.097939137272853,-0.0015540520895288876,-0.000826787252626044,0.00042836738298123394,0.9344466255873745,0.05293590805392983,0.05267863800926058
ymlfiles\Case_854_H8_T11_dir135_heavelinhigh_pitchlinhigh_rolllinhigh.yml,8,11.0,8.5271,135,linhigh,linhigh,linhigh,6.5,1.0,300,300.0,325,200,1.4239033577935978,4.031233421626402,4.358804813022398,-0.036286238754591055,0.3366412858587033,0.33794910784605275,5.284797689510374,15.525630823527115,16.68861100360113,0.000664602946010613,-0.000847005016432417,0.00045139075201056273,0.916091728203967,0.051309688769975596,0.051239116582265785
ymlfiles\Case_855_H8_T11_dir135_heavequadhigh_pitchquadhigh_rollquadhigh.yml,8,11.0,8.5271,135,quadhigh,quadhigh,quadhigh,1.0,4.0,100,1300.0,150,1300,1.4287505445840782,4.079891506848505,4.4312415772205735,-0.03536177134739479,0.3350504548983847,0.343694316657657,5.305253105693954,15.71006079571239,16.972301199619327,-0.00026518041761151303,-0.0008465159961118277,0.0004429429999529115,0.9195377137773133,0.052035039691098656,0.05218895507332173
ymlfiles\Case_856_H8_T11_dir135_heaveDOFbest_pitchDOFbest_rollDOFbest.yml,8,11.0,8.5271,135,DOFbest,DOFbest,DOFbest,3.3,2.4,233,304.5,248,640,1.4283509845866882,4.052958452034624,4.396405380005802,-0.03565453159038369,0.33714821475291856,0.3434910377160337,5.30275912821801,15.610661739884932,16.837260879943234,0.00011467371209610702,-0.0008435794869698427,0.00044525201926127415,0.9196176946474125,0.05164702049752364,0.05174519817678474
ymlfiles\Case_857_H8_T11_dir180_heavelow_pitchlow_rolllow.yml,8,11.0,8.5271,180,low,low,low,1.0,1.0,100,300.0,150,200,1.5779293145807614,8.604735095837258,0.0010271159237451337,-0.06277889215843317,0.06947109389410029,-0.002388373185072277,5.840111110816622,32.61017862327473,0.001511660002156941,0.011513885118268187,-3.5033146448260674e-06,6.145423629752606e-07,1.122416982493613,0.11617455578321834,1.7847098436264084e-05
ymlfiles\Case_858_H8_T11_dir180_heavelinhigh_pitchlinhigh_rolllinhigh.yml,8,11.0,8.5271,180,linhigh,linhigh,linhigh,6.5,1.0,300,300.0,325,200,1.5567599379825958,8.374767163189295,0.0009260166649567962,-0.062485551094122085,0.062627810381773,-0.002365632601162716,5.758920578103929,31.73017860530806,0.0011490155394588866,0.012977297450016159,-3.778175136146388e-06,5.680632252650328e-07,1.0964495600364683,0.112713332944531,1.5400537142890356e-05
ymlfiles\Case_859_H8_T11_dir180_heavequadhigh_pitchquadhigh_rollquadhigh.yml,8,11.0,8.5271,180,quadhigh,quadhigh,quadhigh,1.0,4.0,100,1300.0,150,1300,1.5593101904956013,8.36392392662095,0.0009249691767979196,-0.05803713364413235,0.06087534312055995,-0.0023898895641285664,5.774818873027813,31.68568352343985,0.001122744681651334,0.012867115752498519,-3.7984799210720233e-06,6.148036606413478e-07,1.0951283162158296,0.11250845160493354,1.555210001498493e-05
ymlfiles\Case_860_H8_T11_dir180_heaveDOFbest_pitchDOFbest_rollDOFbest.yml,8,11.0,8.5271,180,DOFbest,DOFbest,DOFbest,3.3,2.4,233,304.5,248,640,1.560353901106627,8.37783917338666,0.0010331072540564735,-0.06027644352474015,0.0639320187962388,-0.0023686227191289095,5.775719004087537,31.743099021919356,0.001556885593067651,0.012857089102026525,-3.780396811003385e-06,5.237837228540875e-07,1.0983902684316962,0.1127614971839798,1.7717685516658944e-05
ymlfiles\Case_861_H8_T12_dir0_heavelow_pitchlow_rolllow.yml,8,12.0,9.3023,0,low,low,low,1.0,1.0,100,300.0,150,200,1.5107856599908596,4.487709193880123,0.0017577226154280898,-0.06371003597549695,-0.5084872282959313,-0.002302248071738594,5.555203687495116,16.329715454595696,0.004380812538225277,0.0018613750887473781,-3.817774922877307e-06,1.1582021683227016e-07,0.947776254309724,0.053583084186891825,3.435635941449392e-05
ymlfiles\Case_862_H8_T12_dir0_heavelinhigh_pitchlinhigh_rolllinhigh.yml,8,12.0,9.3023,0,linhigh,linhigh,linhigh,6.5,1.0,300,300.0,325,200,1.4908296293150531,4.432171515765621,0.0019198436761954445,-0.06284362913847535,-0.49522960962788276,-0.002272607420619497,5.480255573242347,16.133510380471137,0.005017682613863088,0.0032918587163866444,-4.032005740890843e-06,7.528749405434202e-08,0.9244825583586781,0.05270226377656144,3.886178552391667e-05
ymlfiles\Case_863_H8_T12_dir0_heavequadhigh_pitchquadhigh_rollquadhigh.yml,8,12.0,9.3023,0,quadhigh,quadhigh,quadhigh,1.0,4.0,100,1300.0,150,1300,1.4926634185639411,4.477427545783608,0.0015375142253330149,-0.0593714624137187,-0.49183379926614157,-0.002302799229866616,5.491743657756493,16.30883861206282,0.003526220697546259,0.00254304129518627,-3.91999737814136e-06,1.658341658533454e-07,0.9230394930080064,0.05325218372125187,3.466569311233221e-05
ymlfiles\Case_864_H8_T12_dir0_heaveDOFbest_pitchDOFbest_rollDOFbest.yml,8,12.0,9.3023,0,DOFbest,DOFbest,DOFbest,3.3,2.4,233,304.5,248,640,1.4938599129996333,4.45012691380102,0.0011674652564324227,-0.061219453517895914,-0.49505518045018404,-0.0023179750318451293,5.493946238480172,16.201050353668812,0.0021106633856313307,0.0029258133454278766,-3.9742266064468295e-06,1.8115470029495088e-07,0.9260911253048367,0.052935138308354696,2.3693432598008852e-05
ymlfiles\Case_865_H8_T12_dir45_heavelow_pitchlow_rolllow.yml,8,12.0,9.3023,45,low,low,low,1.0,1.0,100,300.0,150,200,1.6321772455091499,3.743173641238891,5.9583931025770625,-0.06761371726249357,-0.1638207557487205,0.121907656585923,6.008829774866841,13.911822798783012,22.66543249887971,0.01256732387607569,-0.000378815511050209,-0.0003068409655756513,1.0429381931347805,0.046814660217434446,0.08130210635513176
ymlfiles\Case_866_H8_T12_dir45_heavelinhigh_pitchlinhigh_rolllinhigh.yml,8,12.0,9.3023,45,linhigh,linhigh,linhigh,6.5,1.0,300,300.0,325,200,1.6137383398160627,3.680666013433505,5.753728848214827,-0.0674951350032587,-0.16264488207175978,0.12077238229433335,5.939452879616944,13.674609900795687,21.89350339725156,0.013932141265062979,-0.0003757647233796271,-0.00030689147844602564,1.0216431679911242,0.04567284052082617,0.07828799069353712
ymlfiles\Case_867_H8_T12_dir45_heavequadhigh_pitchquadhigh_rollquadhigh.yml,8,12.0,9.3023,45,quadhigh,quadhigh,quadhigh,1.0,4.0,100,1300.0,150,1300,1.6158799037455889,3.7324384109048605,5.834506017699691,-0.06462748013726237,-0.15873342039368812,0.11377280274929727,5.951142530254306,13.87569677736407,22.192173346066248,0.013300993062906575,-0.0003785272262877481,-0.00031076127700641656,1.02206258058043,0.04643095633555903,0.07941973262978187
ymlfiles\Case_868_H8_T12_dir45_heaveDOFbest_pitchDOFbest_rollDOFbest.yml,8,12.0,9.3023,45,DOFbest,DOFbest,DOFbest,3.3,2.4,233,304.5,248,640,1.6167216965370252,3.7008473601861716,5.822356661815069,-0.06608071501146968,-0.16072171296640592,0.11870067181907692,5.952823211346222,13.754922225682582,22.1499297937807,0.013549091116068302,-0.0003768980282031105,-0.0003071899660710088,1.0240634013831758,0.046002647163718116,0.07927544879195542
ymlfiles\Case_869_H8_T12_dir90_heavelow_pitchlow_rolllow.yml,8,12.0,9.3023,90,low,low,low,1.0,1.0,100,300.0,150,200,1.571745228525901,2.6471970426044864,5.625169747003766,-0.0690511313011127,0.17838136493585743,0.3770141205480507,5.780338697424379,10.296858609716239,21.510573825120545,0.002338033755533781,0.0006515396504686699,2.4982841191297468e-05,0.9952611682155043,0.040857427158856416,0.06894231071637603
ymlfiles\Case_870_H8_T12_dir90_heavelinhigh_pitchlinhigh_rolllinhigh.yml,8,12.0,9.3023,90,linhigh,linhigh,linhigh,6.5,1.0,300,300.0,325,200,1.5525752826971355,2.5403304173921537,5.489445859320144,-0.06826684808324505,0.1735355958610087,0.3728918905759862,5.706898223197012,9.884065650681704,20.98519500679722,0.004145175440167639,0.0006509352310208501,2.1490880141902715e-05,0.9731961458158543,0.03945582292554196,0.06674222889746644
ymlfiles\Case_871_H8_T12_dir90_heavequadhigh_pitchquadhigh_rollquadhigh.yml,8,12.0,9.3023,90,quadhigh,quadhigh,quadhigh,1.0,4.0,100,1300.0,150,1300,1.554705426833855,2.5990929944097036,5.570832592293175,-0.06544488809903219,0.17860958718842632,0.36270003660572886,5.719707393899539,10.113216984274416,21.288280172619018,0.003205238356327924,0.0006542573750866591,2.209813601010182e-05,0.9732127719214164,0.04022073394388517,0.0678826585457386
ymlfiles\Case_872_H8_T12_dir90_heaveDOFbest_pitchDOFbest_rollDOFbest.yml,8,12.0,9.3023,90,DOFbest,DOFbest,DOFbest,3.3,2.4,233,304.5,248,640,1.5556165645007916,2.5681362749510632,5.5406120940466606,-0.06692606072281652,0.1763757237649315,0.3710468382575917,5.7203790197633735,9.99319495013483,21.18056056390082,0.0035480911699376605,0.0006539972627538955,2.2196705390091318e-05,0.9753968034089403,0.03981132682387914,0.06750021054507215
ymlfiles\Case_873_H8_T12_dir135_heavelow_pitchlow_rolllow.yml,8,12.0,9.3023,135,low,low,low,1.0,1.0,100,300.0,150,200,1.5312663931938433,3.7326469866073713,4.2303215438023365,-0.041249567001368455,0.37740736811636566,0.32884148046401707,5.657914281411275,14.426586396964767,16.160069537089733,-0.00031382048190968346,-0.0008074694981830446,0.000451167323274,0.9215384502729002,0.046461128111687865,0.048155578510552084
ymlfiles\Case_874_H8_T12_dir135_heavelinhigh_pitchlinhigh_rolllinhigh.yml,8,12.0,9.3023,135,linhigh,linhigh,linhigh,6.5,1.0,300,300.0,325,200,1.5139778287271988,3.643292368517279,4.146972167458115,-0.04218262579733221,0.3764497493212532,0.3113674561232003,5.590624799571889,14.085233809061922,15.826654682083023,0.0015226890252533717,-0.0008230470541764057,0.00046970876776530657,0.9049334494163404,0.04506172096365172,0.046929002637203926
ymlfiles\Case_875_H8_T12_dir135_heavequadhigh_pitchquadhigh_rollquadhigh.yml,8,12.0,9.3023,135,quadhigh,quadhigh,quadhigh,1.0,4.0,100,1300.0,150,1300,1.5181591191914698,3.6905104379474714,4.211254392323606,-0.040993891733235165,0.3746937248744861,0.3136519081985015,5.6085766923810825,14.264452147065255,16.07354537841533,0.0006633359577277488,-0.000824120226668069,0.0004640788907389009,0.9075996058117691,0.045792207489733394,0.047781743289686346
ymlfiles\Case_876_H8_T12_dir135_heaveDOFbest_pitchDOFbest_rollDOFbest.yml,8,12.0,9.3023,135,DOFbest,DOFbest,DOFbest,3.3,2.4,233,304.5,248,640,1.517938168360126,3.6641731409736034,4.177561101227742,-0.04147599351870305,0.37697552170153037,0.31365659560842607,5.607272359709856,14.165970692101675,15.944407043341586,0.001053157818138186,-0.0008226053351407707,0.00046595145543548136,0.9079256214083373,0.04539925724029192,0.04734963789169188
ymlfiles\Case_877_H8_T12_dir180_heavelow_pitchlow_rolllow.yml,8,12.0,9.3023,180,low,low,low,1.0,1.0,100,300.0,150,200,1.652974246045377,7.756437429310028,0.0008648111790673107,-0.05469776935637871,0.01415679670563034,-0.002387134682401508,6.102217448228942,29.313772132933344,0.0008981950516903782,0.008373082011176983,7.381541634277143e-06,5.811884459577164e-07,1.0807088338996356,0.10268802462945298,1.4432669949595446e-05
ymlfiles\Case_878_H8_T12_dir180_heavelinhigh_pitchlinhigh_rolllinhigh.yml,8,12.0,9.3023,180,linhigh,linhigh,linhigh,6.5,1.0,300,300.0,325,200,1.6343337065400927,7.555148991723804,0.0009225151508347973,-0.05482013203295195,0.01012710359715309,-0.002355571332937352,6.03095453562418,28.53978960078464,0.0011482545689904312,0.00975102982154294,6.908414208068157e-06,4.1837389598574486e-07,1.0585773162526062,0.09961140256232064,1.60499269869468e-05
ymlfiles\Case_879_H8_T12_dir180_heavequadhigh_pitchquadhigh_rollquadhigh.yml,8,12.0,9.3023,180,quadhigh,quadhigh,quadhigh,1.0,4.0,100,1300.0,150,1300,1.63672937104602,7.568622674797227,0.0009856513195321275,-0.051028085144744946,0.00555204964321067,-0.002398718816710452,6.044524077351569,28.590905554330362,0.0013398977166863206,0.009535236564157544,6.9693088666522705e-06,5.662756513037034e-07,1.0580853540110404,0.09975754503342164,1.5827526753975717e-05
ymlfiles\Case_880_H8_T12_dir180_heaveDOFbest_pitchDOFbest_rollDOFbest.yml,8,12.0,9.3023,180,DOFbest,DOFbest,DOFbest,3.3,2.4,233,304.5,248,640,1.637559584914064,7.567304623293582,0.0008796325348866857,-0.05287559708371681,0.009658227354228142,-0.0023694703666068515,6.045340102298107,28.588431386935667,0.000968017517558106,0.00959108587257766,6.945414895076967e-06,4.443765876834442e-07,1.0605226085665622,0.09978930906836943,1.4286579184920281e-05
