sea_key,Hs_m,Tp_s,direction_deg,wave_type,case,heave_option,pitch_option,roll_option,response,status,mean,std,rms,max_abs,ptp,amplitude,minimum,maximum
Hs1_Tp2_Dirmodel,1.0,2.0,,Dean stream,case_01,low,low,low,heave,ok,-0.3656231846181343,0.003305425328657432,0.3656381257020521,0.37877705693244934,0.028149843215942383,0.014074921607971191,-0.37877705693244934,-0.35062721371650696
Hs1_Tp2_Dirmodel,1.0,2.0,,Dean stream,case_01,low,low,low,pitch,ok,-0.011108082351132325,0.30973293765560445,0.30993206055890715,0.45439343565646634,0.8952125106677671,0.44760625533388354,-0.45439343565646634,0.4408190750113007
Hs1_Tp2_Dirmodel,1.0,2.0,,Dean stream,case_01,low,low,low,roll,ok,-0.0019422052482577909,7.760937961777654e-05,0.001943755242350426,0.0021735916018133543,0.0004805386594174412,0.0002402693297087206,-0.0021735916018133543,-0.001693052942395913
Hs1_Tp2_Dirmodel,1.0,2.0,,Dean stream,case_02,low,low,linhigh,heave,ok,-0.36562318603197735,0.003305421909255341,0.3656381270849254,0.37877705693244934,0.028149813413619995,0.014074906706809998,-0.37877705693244934,-0.35062724351882935
Hs1_Tp2_Dirmodel,1.0,2.0,,Dean stream,case_02,low,low,linhigh,pitch,ok,-0.011108069764532894,0.3097329355988157,0.30993205805233154,0.4543930621304961,0.8952118703375322,0.4476059351687661,-0.4543930621304961,0.44081880820703623
Hs1_Tp2_Dirmodel,1.0,2.0,,Dean stream,case_02,low,low,linhigh,roll,ok,-0.0019434318790940814,4.876174831793367e-05,0.001944043512058867,0.002091485716040226,0.0003180467331727523,0.00015902336658637616,-0.002091485716040226,-0.0017734389828674736
Hs1_Tp2_Dirmodel,1.0,2.0,,Dean stream,case_03,low,low,quadhigh,heave,ok,-0.36562318502740465,0.0033054237335331995,0.36563812609688556,0.37877705693244934,0.028149843215942383,0.014074921607971191,-0.37877705693244934,-0.35062721371650696
Hs1_Tp2_Dirmodel,1.0,2.0,,Dean stream,case_03,low,low,quadhigh,pitch,ok,-0.011108078212501881,0.3097329369724959,0.3099320597279073,0.45439332893476053,0.8952123239047819,0.44760616195239095,-0.45439332893476053,0.44081899497002136
Hs1_Tp2_Dirmodel,1.0,2.0,,Dean stream,case_03,low,low,quadhigh,roll,ok,-0.0019426678799511663,6.642779354021969e-05,0.0019438032677070438,0.0021426977523979407,0.000419699887472493,0.0002098499437362465,-0.0021426977523979407,-0.0017229978649254477
Hs1_Tp2_Dirmodel,1.0,2.0,,Dean stream,case_04,low,linhigh,low,heave,ok,-0.36562389098154324,0.003308098321758492,0.3656388562105918,0.3787836730480194,0.028144747018814087,0.014072373509407043,-0.3787836730480194,-0.3506389260292053
Hs1_Tp2_Dirmodel,1.0,2.0,,Dean stream,case_04,low,linhigh,low,pitch,ok,-0.010975144469983777,0.30914900542580176,0.3093437591933922,0.45155885379005817,0.8903416519746223,0.44517082598731117,-0.45155885379005817,0.43878279818456417
Hs1_Tp2_Dirmodel,1.0,2.0,,Dean stream,case_04,low,linhigh,low,roll,ok,-0.0019421430626290186,7.625640902198364e-05,0.0019436395539386801,0.0021713054227723173,0.0004724121767156807,0.00023620608835784034,-0.0021713054227723173,-0.0016988932460566366
Hs1_Tp2_Dirmodel,1.0,2.0,,Dean stream,case_05,low,linhigh,linhigh,heave,ok,-0.3656238935115781,0.003308096143382878,0.36563885872081436,0.3787837028503418,0.028144747018814087,0.014072373509407043,-0.3787837028503418,-0.3506389558315277
Hs1_Tp2_Dirmodel,1.0,2.0,,Dean stream,case_05,low,linhigh,linhigh,pitch,ok,-0.010975127174339041,0.3091490028886619,0.30934375604422143,0.451558426903235,0.8903409049226818,0.4451704524613409,-0.451558426903235,0.43878247801944686
Hs1_Tp2_Dirmodel,1.0,2.0,,Dean stream,case_05,low,linhigh,linhigh,roll,ok,-0.0019433649503304304,4.773440936933908e-05,0.0019439511063837577,0.0020899795225910525,0.0003108953366812372,0.0001554476683406186,-0.0020899795225910525,-0.0017790841859098153
Hs1_Tp2_Dirmodel,1.0,2.0,,Dean stream,case_06,low,linhigh,quadhigh,heave,ok,-0.3656238918000839,0.003308096979910935,0.3656388570169587,0.3787836730480194,0.028144747018814087,0.014072373509407043,-0.3787836730480194,-0.3506389260292053
Hs1_Tp2_Dirmodel,1.0,2.0,,Dean stream,case_06,low,linhigh,quadhigh,pitch,ok,-0.010975136096959808,0.3091490048780576,0.3093437583489282,0.45155869370749946,0.8903413584899313,0.4451706792449657,-0.45155869370749946,0.43878266478243194
Hs1_Tp2_Dirmodel,1.0,2.0,,Dean stream,case_06,low,linhigh,quadhigh,roll,ok,-0.0019426020970916378,6.51738726705447e-05,0.0019436950741573908,0.00214068650681379,0.0004117264003411303,0.00020586320017056516,-0.00214068650681379,-0.0017289601064726596
Hs1_Tp2_Dirmodel,1.0,2.0,,Dean stream,case_07,low,quadhigh,low,heave,ok,-0.36562327454599103,0.003305704478736194,0.3656382181499,0.37877777218818665,0.028147637844085693,0.014073818922042847,-0.37877777218818665,-0.35063013434410095
Hs1_Tp2_Dirmodel,1.0,2.0,,Dean stream,case_07,low,quadhigh,low,pitch,ok,-0.011118611584906495,0.3096527113300311,0.3098522634379416,0.4538384294255499,0.8941704265716641,0.44708521328583206,-0.4538384294255499,0.44033199714611415
Hs1_Tp2_Dirmodel,1.0,2.0,,Dean stream,case_07,low,quadhigh,low,roll,ok,-0.0019421917657010792,7.768566212912057e-05,0.0019437448178342535,0.002173667057394395,0.0004806352717428898,0.0002403176358714449,-0.002173667057394395,-0.0016930317856515052
Hs1_Tp2_Dirmodel,1.0,2.0,,Dean stream,case_08,low,quadhigh,linhigh,heave,ok,-0.3656232762946916,0.003305702713629398,0.3656382198825709,0.37877774238586426,0.028147637844085693,0.014073818922042847,-0.37877774238586426,-0.35063010454177856
Hs1_Tp2_Dirmodel,1.0,2.0,,Dean stream,case_08,low,quadhigh,linhigh,pitch,ok,-0.011118586290962885,0.3096527115764709,0.30985226277658623,0.45383810926043255,0.8941698662827087,0.44708493314135433,-0.45383810926043255,0.4403317570222761
Hs1_Tp2_Dirmodel,1.0,2.0,,Dean stream,case_08,low,quadhigh,linhigh,roll,ok,-0.0019434317323267542,4.866491261423405e-05,0.0019440409388524513,0.002091495512759311,0.0003177476205793999,0.00015887381028969994,-0.002091495512759311,-0.0017737478921799113
Hs1_Tp2_Dirmodel,1.0,2.0,,Dean stream,case_09,low,quadhigh,quadhigh,heave,ok,-0.36562327488084856,0.0033057082773096822,0.3656382185190865,0.37877777218818665,0.02814766764640808,0.01407383382320404,-0.37877777218818665,-0.35063010454177856
Hs1_Tp2_Dirmodel,1.0,2.0,,Dean stream,case_09,low,quadhigh,quadhigh,pitch,ok,-0.011118608074981478,0.30965270994534533,0.3098522619281989,0.4538383227038441,0.8941702398086789,0.44708511990433947,-0.4538383227038441,0.4403319171048348
Hs1_Tp2_Dirmodel,1.0,2.0,,Dean stream,case_09,low,quadhigh,quadhigh,roll,ok,-0.0019426541914257676,6.649853128459959e-05,0.0019437920058810593,0.0021427792527630983,0.00041983141363723564,0.00020991570681861782,-0.0021427792527630983,-0.0017229478391258626
Hs1_Tp2_Dirmodel,1.0,2.0,,Dean stream,case_10,linhigh,low,low,heave,ok,-0.36558330635750635,0.002333286794186746,0.36559075222788423,0.3728495240211487,0.01461118459701538,0.00730559229850769,-0.3728495240211487,-0.3582383394241333
Hs1_Tp2_Dirmodel,1.0,2.0,,Dean stream,case_10,linhigh,low,low,pitch,ok,-0.011087283422345296,0.30975230033707823,0.3099506661031703,0.453720235136397,0.8913292546399239,0.4456646273199619,-0.453720235136397,0.43760901950352693
Hs1_Tp2_Dirmodel,1.0,2.0,,Dean stream,case_10,linhigh,low,low,roll,ok,-0.0019416334380672592,0.0001442867816623791,0.0019469871810526573,0.002435857484040455,0.0009598338650539464,0.0004799169325269732,-0.002435857484040455,-0.0014760236189865085
Hs1_Tp2_Dirmodel,1.0,2.0,,Dean stream,case_11,linhigh,low,linhigh,heave,ok,-0.3655833062086808,0.0023333474622607934,0.3655907524662648,0.3728500306606293,0.014612913131713867,0.007306456565856934,-0.3728500306606293,-0.3582371175289154
Hs1_Tp2_Dirmodel,1.0,2.0,,Dean stream,case_11,linhigh,low,linhigh,pitch,ok,-0.011087313021463832,0.3097524998346804,0.3099508665318902,0.4537405656213483,0.8913730105392943,0.44568650526964715,-0.4537405656213483,0.43763244491794595
Hs1_Tp2_Dirmodel,1.0,2.0,,Dean stream,case_11,linhigh,low,linhigh,roll,ok,-0.0019429707191074765,0.00010149358410279265,0.001945619737493186,0.0023102779277829246,0.0007357096326183915,0.00036785481630919573,-0.0023102779277829246,-0.0015745682951645332
Hs1_Tp2_Dirmodel,1.0,2.0,,Dean stream,case_12,linhigh,low,quadhigh,heave,ok,-0.365583305948236,0.002333307032336779,0.3655907519477875,0.372849702835083,0.014611780643463135,0.007305890321731567,-0.372849702835083,-0.3582379221916199
Hs1_Tp2_Dirmodel,1.0,2.0,,Dean stream,case_12,linhigh,low,quadhigh,pitch,ok,-0.01108729311107069,0.3097523688733582,0.3099507349421643,0.45372717204727275,0.8913441689983068,0.4456720844991534,-0.45372717204727275,0.43761699695103407
Hs1_Tp2_Dirmodel,1.0,2.0,,Dean stream,case_12,linhigh,low,quadhigh,roll,ok,-0.0019421367833814948,0.00012798174624190529,0.0019463490469940241,0.002390292109810903,0.00087791661823342,0.00043895830911671,-0.002390292109810903,-0.001512375491577483
Hs1_Tp2_Dirmodel,1.0,2.0,,Dean stream,case_13,linhigh,linhigh,low,heave,ok,-0.3655837069959676,0.002337890278133872,0.36559118226766096,0.3728618025779724,0.014637082815170288,0.007318541407585144,-0.3728618025779724,-0.3582247197628021
Hs1_Tp2_Dirmodel,1.0,2.0,,Dean stream,case_13,linhigh,linhigh,low,pitch,ok,-0.01093210760977153,0.3091782056643906,0.30937141728777057,0.45171130574676693,0.8878283824838956,0.4439141912419478,-0.45171130574676693,0.4361170767371287
Hs1_Tp2_Dirmodel,1.0,2.0,,Dean stream,case_13,linhigh,linhigh,low,roll,ok,-0.0019418085805410713,0.0001481268035077893,0.0019474501568410847,0.0024540466563287493,0.00101372332389362,0.00050686166194681,-0.0024540466563287493,-0.0014403233324351292
Hs1_Tp2_Dirmodel,1.0,2.0,,Dean stream,case_14,linhigh,linhigh,linhigh,heave,ok,-0.36558371205603735,0.0023379186329730794,0.3655911875089524,0.372862309217453,0.01463770866394043,0.007318854331970215,-0.372862309217453,-0.3582246005535126
Hs1_Tp2_Dirmodel,1.0,2.0,,Dean stream,case_14,linhigh,linhigh,linhigh,pitch,ok,-0.010932185073774966,0.30917824735995453,0.30937146169461155,0.45171770904911385,0.8878427632337498,0.4439213816168749,-0.45171770904911385,0.4361250541846359
Hs1_Tp2_Dirmodel,1.0,2.0,,Dean stream,case_14,linhigh,linhigh,linhigh,roll,ok,-0.001943145950968836,0.00010276556354398345,0.001945861492454459,0.002316200982453795,0.0007602462451107026,0.0003801231225553513,-0.002316200982453795,-0.0015559547373430924
Hs1_Tp2_Dirmodel,1.0,2.0,,Dean stream,case_15,linhigh,linhigh,quadhigh,heave,ok,-0.36558370907952575,0.0023378998282153787,0.36559118441224764,0.37286198139190674,0.01463732123374939,0.007318660616874695,-0.37286198139190674,-0.35822466015815735
Hs1_Tp2_Dirmodel,1.0,2.0,,Dean stream,case_15,linhigh,linhigh,quadhigh,pitch,ok,-0.010932133274276619,0.30917821964747166,0.3093714321690139,0.45171349354173546,0.8878332916823616,0.4439166458411808,-0.45171349354173546,0.4361197981406261
Hs1_Tp2_Dirmodel,1.0,2.0,,Dean stream,case_15,linhigh,linhigh,quadhigh,roll,ok,-0.0019423117567085647,0.00013094160661921426,0.0019467204895907194,0.0024042136645129287,0.000922360163907277,0.0004611800819536385,-0.0024042136645129287,-0.0014818535006056518
Hs1_Tp2_Dirmodel,1.0,2.0,,Dean stream,case_16,linhigh,quadhigh,low,heave,ok,-0.36558337998896206,0.002333832808096281,0.3655908293430375,0.37285012006759644,0.014612823724746704,0.007306411862373352,-0.37285012006759644,-0.35823729634284973
Hs1_Tp2_Dirmodel,1.0,2.0,,Dean stream,case_16,linhigh,quadhigh,low,pitch,ok,-0.011090500995171471,0.30967451302855115,0.3098730437320972,0.45335439312897813,0.8906152063869666,0.4453076031934833,-0.45335439312897813,0.4372608132579885
Hs1_Tp2_Dirmodel,1.0,2.0,,Dean stream,case_16,linhigh,quadhigh,low,roll,ok,-0.001941750693451471,0.00014592847760773215,0.0019472264573223573,0.002442801690345355,0.0009775900015145825,0.0004887950007572912,-0.002442801690345355,-0.0014652116888307727
Hs1_Tp2_Dirmodel,1.0,2.0,,Dean stream,case_17,linhigh,quadhigh,linhigh,heave,ok,-0.36558337902159577,0.002333893251104092,0.36559082876154775,0.3728506565093994,0.014614582061767578,0.007307291030883789,-0.3728506565093994,-0.35823607444763184
Hs1_Tp2_Dirmodel,1.0,2.0,,Dean stream,case_17,linhigh,quadhigh,linhigh,pitch,ok,-0.011090528429211712,0.30967470983802076,0.3098732413973519,0.45337461689222375,0.8906586954820725,0.4453293477410363,-0.45337461689222375,0.43728407858984886
Hs1_Tp2_Dirmodel,1.0,2.0,,Dean stream,case_17,linhigh,quadhigh,linhigh,roll,ok,-0.0019431020622033984,0.00010300144074906611,0.0019458301367117027,0.0023161705500923807,0.0007527817704901176,0.0003763908852450588,-0.0023161705500923807,-0.0015633887796022631
Hs1_Tp2_Dirmodel,1.0,2.0,,Dean stream,case_18,linhigh,quadhigh,quadhigh,heave,ok,-0.36558337902159577,0.002333853257043413,0.36559082850623204,0.37285029888153076,0.014613419771194458,0.007306709885597229,-0.37285029888153076,-0.3582368791103363
Hs1_Tp2_Dirmodel,1.0,2.0,,Dean stream,case_18,linhigh,quadhigh,quadhigh,pitch,ok,-0.011090510146790907,0.3096745799805278,0.30987311096871956,0.45336127667900106,0.8906300140236438,0.4453150070118219,-0.45336127667900106,0.4372687373446428
Hs1_Tp2_Dirmodel,1.0,2.0,,Dean stream,case_18,linhigh,quadhigh,quadhigh,roll,ok,-0.0019422587223088862,0.0001295693789758254,0.0019465757545888442,0.002396893639388646,0.0008960192875765987,0.00044800964378829934,-0.002396893639388646,-0.0015008743518120473
Hs1_Tp2_Dirmodel,1.0,2.0,,Dean stream,case_19,quadhigh,low,low,heave,ok,-0.3656034384401848,0.002838938918816851,0.3656144605639536,0.3761028051376343,0.02229449152946472,0.01114724576473236,-0.3761028051376343,-0.35380831360816956
Hs1_Tp2_Dirmodel,1.0,2.0,,Dean stream,case_19,quadhigh,low,low,pitch,ok,-0.011134659007872897,0.30973436250400466,0.30993443814294624,0.4545115232239135,0.8941004971739508,0.4470502485869754,-0.4545115232239135,0.43958897395003727
Hs1_Tp2_Dirmodel,1.0,2.0,,Dean stream,case_19,quadhigh,low,low,roll,ok,-0.0019447750331694153,0.00010230094115159139,0.0019474638410506113,0.0022378422375104188,0.0006216022428507037,0.00031080112142535185,-0.0022378422375104188,-0.001616239994659715
Hs1_Tp2_Dirmodel,1.0,2.0,,Dean stream,case_20,quadhigh,low,linhigh,heave,ok,-0.3656034314453825,0.0028389416347122643,0.36561445359045064,0.37610283493995667,0.02229452133178711,0.011147260665893555,-0.37610283493995667,-0.35380831360816956
Hs1_Tp2_Dirmodel,1.0,2.0,,Dean stream,case_20,quadhigh,low,linhigh,pitch,ok,-0.011134696867597873,0.30973435294354446,0.309934429948803,0.45451130978050197,0.8940998568437161,0.44704992842185803,-0.45451130978050197,0.4395885470632141
Hs1_Tp2_Dirmodel,1.0,2.0,,Dean stream,case_20,quadhigh,low,linhigh,roll,ok,-0.0019456445817010747,6.38381516212822e-05,0.0019466915903412056,0.0021565161288883226,0.00045561872423580986,0.00022780936211790493,-0.0021565161288883226,-0.0017008974046525127
Hs1_Tp2_Dirmodel,1.0,2.0,,Dean stream,case_21,quadhigh,low,quadhigh,heave,ok,-0.36560343550087954,0.0028389400750065603,0.3656144576337146,0.3761028051376343,0.02229449152946472,0.01114724576473236,-0.3761028051376343,-0.35380831360816956
Hs1_Tp2_Dirmodel,1.0,2.0,,Dean stream,case_21,quadhigh,low,quadhigh,pitch,ok,-0.011134672148232739,0.30973435988807263,0.30993443600078185,0.4545114698630606,0.8941002837305392,0.4470501418652696,-0.4545114698630606,0.43958881386747856
Hs1_Tp2_Dirmodel,1.0,2.0,,Dean stream,case_21,quadhigh,low,quadhigh,roll,ok,-0.0019451170186068484,8.74932458297716e-05,0.001947083789707013,0.0022073365049234527,0.000560419335092777,0.0002802096675463885,-0.0022073365049234527,-0.0016469171698306757
Hs1_Tp2_Dirmodel,1.0,2.0,,Dean stream,case_22,quadhigh,linhigh,low,heave,ok,-0.36560410562525975,0.0028423216973813654,0.36561515401126016,0.3761078119277954,0.02230161428451538,0.01115080714225769,-0.3761078119277954,-0.35380619764328003
Hs1_Tp2_Dirmodel,1.0,2.0,,Dean stream,case_22,quadhigh,linhigh,low,pitch,ok,-0.010997690288034205,0.30915207403611084,0.3093476265829439,0.4518981754535903,0.8894718433920771,0.44473592169603854,-0.4518981754535903,0.4375736679384868
Hs1_Tp2_Dirmodel,1.0,2.0,,Dean stream,case_22,quadhigh,linhigh,low,roll,ok,-0.001944742396305498,9.562297437369759e-05,0.0019470918676878406,0.0022230719117421,0.0005925614324282533,0.00029628071621412664,-0.0022230719117421,-0.0016305104793138466
Hs1_Tp2_Dirmodel,1.0,2.0,,Dean stream,case_23,quadhigh,linhigh,linhigh,heave,ok,-0.36560409565394586,0.002842318009673229,0.36561514401157913,0.376107782125473,0.022301584482192993,0.011150792241096497,-0.376107782125473,-0.35380619764328003
Hs1_Tp2_Dirmodel,1.0,2.0,,Dean stream,case_23,quadhigh,linhigh,linhigh,pitch,ok,-0.010997749294745125,0.3091520627165858,0.30934761736834154,0.45189822881444314,0.8894715765878126,0.4447357882939063,-0.45189822881444314,0.4375733477733695
Hs1_Tp2_Dirmodel,1.0,2.0,,Dean stream,case_23,quadhigh,linhigh,linhigh,roll,ok,-0.0019455967597534283,5.906201348713091e-05,0.001946493018996008,0.0021470081003546883,0.00043564342246149774,0.00021782171123074887,-0.0021470081003546883,-0.0017113646778931905
Hs1_Tp2_Dirmodel,1.0,2.0,,Dean stream,case_24,quadhigh,linhigh,quadhigh,heave,ok,-0.3656041024627162,0.002842321776439119,0.36561515084942675,0.3761078119277954,0.02230161428451538,0.01115080714225769,-0.3761078119277954,-0.35380619764328003
Hs1_Tp2_Dirmodel,1.0,2.0,,Dean stream,case_24,quadhigh,linhigh,quadhigh,pitch,ok,-0.010997710556497987,0.3091520698407621,0.3093476231108168,0.45189822881444314,0.8894717900312241,0.44473589501561206,-0.45189822881444314,0.43757356121678104
Hs1_Tp2_Dirmodel,1.0,2.0,,Dean stream,case_24,quadhigh,linhigh,quadhigh,roll,ok,-0.0019450792001276516,8.1488992162278e-05,0.0019467854403125294,0.002194948657860372,0.0005347799663808629,0.00026738998319043145,-0.002194948657860372,-0.0016601686914795091
Hs1_Tp2_Dirmodel,1.0,2.0,,Dean stream,case_25,quadhigh,quadhigh,low,heave,ok,-0.36560342690620234,0.002839365740865138,0.3656144523447743,0.3761034309864044,0.02229517698287964,0.01114758849143982,-0.3761034309864044,-0.3538082540035248
Hs1_Tp2_Dirmodel,1.0,2.0,,Dean stream,case_25,quadhigh,quadhigh,low,pitch,ok,-0.011144405032898973,0.3096547166962052,0.3098551941403345,0.45401259924938525,0.8931230330706985,0.44656151653534926,-0.45401259924938525,0.4391104338213132
Hs1_Tp2_Dirmodel,1.0,2.0,,Dean stream,case_25,quadhigh,quadhigh,low,roll,ok,-0.0019447980993203171,0.00010090151022093857,0.001947413865074598,0.0022344773771658293,0.0006141263039843808,0.0003070631519921904,-0.0022344773771658293,-0.0016203510731814484
Hs1_Tp2_Dirmodel,1.0,2.0,,Dean stream,case_26,quadhigh,quadhigh,linhigh,heave,ok,-0.36560344156552194,0.00283938515338279,0.36561446715441015,0.37610355019569397,0.022295355796813965,0.011147677898406982,-0.37610355019569397,-0.35380819439888
Hs1_Tp2_Dirmodel,1.0,2.0,,Dean stream,case_26,quadhigh,quadhigh,linhigh,pitch,ok,-0.011144477991874098,0.30965471151002955,0.3098551915816015,0.45401254588853235,0.8931225528230224,0.4465612764115112,-0.45401254588853235,0.4391100069344901
Hs1_Tp2_Dirmodel,1.0,2.0,,Dean stream,case_26,quadhigh,quadhigh,linhigh,roll,ok,-0.0019456818241705579,6.275677480038666e-05,0.0019466936517313184,0.0021539869078376346,0.00044902250989927264,0.00022451125494963632,-0.0021539869078376346,-0.001704964397938362
Hs1_Tp2_Dirmodel,1.0,2.0,,Dean stream,case_27,quadhigh,quadhigh,quadhigh,heave,ok,-0.3656034315570017,0.002839372825872668,0.3656144570504557,0.3761034607887268,0.022295236587524414,0.011147618293762207,-0.3761034607887268,-0.3538082242012024
Hs1_Tp2_Dirmodel,1.0,2.0,,Dean stream,case_27,quadhigh,quadhigh,quadhigh,pitch,ok,-0.011144430077025856,0.30965471506374925,0.30985519340968526,0.45401259924938525,0.8931228729881397,0.4465614364940699,-0.45401259924938525,0.43911027373875455
Hs1_Tp2_Dirmodel,1.0,2.0,,Dean stream,case_27,quadhigh,quadhigh,quadhigh,roll,ok,-0.0019451448640640091,8.620245599870466e-05,0.0019470540325360265,0.0022043387088833185,0.0005532863856148591,0.00027664319280742956,-0.0022043387088833185,-0.0016510523232684594
Hs1_Tp4_Dirmodel,1.0,4.0,,Dean stream,case_01,low,low,low,heave,ok,-0.3726128285818183,0.07039129171721295,0.3792034466791689,0.4761798083782196,0.20777475833892822,0.10388737916946411,-0.4761798083782196,-0.2684050500392914
Hs1_Tp4_Dirmodel,1.0,4.0,,Dean stream,case_01,low,low,low,pitch,ok,-0.00803258762348347,1.3342749942604653,1.3342991728891587,2.0702597926216604,4.055279678175208,2.027639839087604,-2.0702597926216604,1.9850198855535477
Hs1_Tp4_Dirmodel,1.0,4.0,,Dean stream,case_01,low,low,low,roll,ok,-0.001924263243468191,0.00011240220834252483,0.0019275433293710932,0.002279857239055253,0.0005958593832658982,0.0002979296916329491,-0.002279857239055253,-0.001683997855789355
Hs1_Tp4_Dirmodel,1.0,4.0,,Dean stream,case_02,low,low,linhigh,heave,ok,-0.3726128255308939,0.07039129231348157,0.37920344379195503,0.4761798083782196,0.20777475833892822,0.10388737916946411,-0.4761798083782196,-0.2684050500392914
Hs1_Tp4_Dirmodel,1.0,4.0,,Dean stream,case_02,low,low,linhigh,pitch,ok,-0.008032586241164246,1.3342749918649397,1.3342991704853548,2.0702597926216604,4.055279678175208,2.027639839087604,-2.0702597926216604,1.9850198855535477
Hs1_Tp4_Dirmodel,1.0,4.0,,Dean stream,case_02,low,low,linhigh,roll,ok,-0.0019255200965335964,8.260545301010889e-05,0.0019272911827281723,0.002190480311753269,0.00043632002140088564,0.00021816001070044282,-0.002190480311753269,-0.0017541602903523832
Hs1_Tp4_Dirmodel,1.0,4.0,,Dean stream,case_03,low,low,quadhigh,heave,ok,-0.372612827986516,0.07039129186873253,0.3792034461223395,0.4761798083782196,0.20777475833892822,0.10388737916946411,-0.4761798083782196,-0.2684050500392914
Hs1_Tp4_Dirmodel,1.0,4.0,,Dean stream,case_03,low,low,quadhigh,pitch,ok,-0.008032587500656909,1.3342749934151141,1.3342991720430835,2.0702597926216604,4.055279678175208,2.027639839087604,-2.0702597926216604,1.9850198855535477
Hs1_Tp4_Dirmodel,1.0,4.0,,Dean stream,case_03,low,low,quadhigh,roll,ok,-0.001924729065659464,0.00010075018532663563,0.001927364152421048,0.002246829789287537,0.0005362564570115323,0.00026812822850576614,-0.002246829789287537,-0.0017105733322760046
Hs1_Tp4_Dirmodel,1.0,4.0,,Dean stream,case_04,low,linhigh,low,heave,ok,-0.3726510968101159,0.07024394039756017,0.37921372748933857,0.4766833782196045,0.20804989337921143,0.10402494668960571,-0.4766833782196045,-0.26863348484039307
Hs1_Tp4_Dirmodel,1.0,4.0,,Dean stream,case_04,low,linhigh,low,pitch,ok,-0.007390925610618526,1.328081931682258,1.3281024971899795,2.0164729066814564,3.9662917048000508,1.9831458524000254,-2.0164729066814564,1.9498187981185944
Hs1_Tp4_Dirmodel,1.0,4.0,,Dean stream,case_04,low,linhigh,low,roll,ok,-0.0019234469557326186,0.0002713225216250498,0.0019424891511300787,0.0028095518744674637,0.001935743729245382,0.000967871864622691,-0.0028095518744674637,-0.0008738081452220818
Hs1_Tp4_Dirmodel,1.0,4.0,,Dean stream,case_05,low,linhigh,linhigh,heave,ok,-0.3726510977774821,0.07024394139958516,0.37921372862557456,0.4766834080219269,0.2080499231815338,0.1040249615907669,-0.4766834080219269,-0.26863348484039307
Hs1_Tp4_Dirmodel,1.0,4.0,,Dean stream,case_05,low,linhigh,linhigh,pitch,ok,-0.007390891059924282,1.328081937465463,1.32810250278082,2.016471626020987,3.9662904241395815,1.9831452120697908,-2.016471626020987,1.9498187981185944
Hs1_Tp4_Dirmodel,1.0,4.0,,Dean stream,case_05,low,linhigh,linhigh,roll,ok,-0.0019244900375020068,0.000248904940095961,0.001940519408212309,0.0027608736448587316,0.0018722677638989748,0.0009361338819494874,-0.0027608736448587316,-0.0008886058809597566
Hs1_Tp4_Dirmodel,1.0,4.0,,Dean stream,case_06,low,linhigh,quadhigh,heave,ok,-0.37265109673570307,0.07024394088477215,0.37921372750646265,0.4766833782196045,0.20804989337921143,0.10402494668960571,-0.4766833782196045,-0.26863348484039307
Hs1_Tp4_Dirmodel,1.0,4.0,,Dean stream,case_06,low,linhigh,quadhigh,pitch,ok,-0.007390915305678542,1.3280819377758555,1.3281025032261353,2.016472479794633,3.9662912779132276,1.9831456389566138,-2.016472479794633,1.9498187981185944
Hs1_Tp4_Dirmodel,1.0,4.0,,Dean stream,case_06,low,linhigh,quadhigh,roll,ok,-0.0019238383132825342,0.0002634477708329149,0.0019417926211649427,0.002795332040935412,0.0019187997824850925,0.0009593998912425462,-0.002795332040935412,-0.0008765322584503195
Hs1_Tp4_Dirmodel,1.0,4.0,,Dean stream,case_07,low,quadhigh,low,heave,ok,-0.3726233086187146,0.07034209253080606,0.3792046150926572,0.47649234533309937,0.20798051357269287,0.10399025678634644,-0.47649234533309937,-0.2685118317604065
Hs1_Tp4_Dirmodel,1.0,4.0,,Dean stream,case_07,low,quadhigh,low,pitch,ok,-0.008260380597363856,1.332470353831076,1.332495957864911,2.044995563212018,4.014551473597834,2.007275736798917,-2.044995563212018,1.9695559103858156
Hs1_Tp4_Dirmodel,1.0,4.0,,Dean stream,case_07,low,quadhigh,low,roll,ok,-0.0019246197467705118,0.0001059631043670253,0.001927534526058116,0.002246202799266071,0.0005486925581271295,0.00027434627906356476,-0.002246202799266071,-0.0016975102411389414
Hs1_Tp4_Dirmodel,1.0,4.0,,Dean stream,case_08,low,quadhigh,linhigh,heave,ok,-0.37262330951166805,0.07034209275508478,0.3792046160117165,0.47649234533309937,0.20798051357269287,0.10399025678634644,-0.47649234533309937,-0.2685118317604065
Hs1_Tp4_Dirmodel,1.0,4.0,,Dean stream,case_08,low,quadhigh,linhigh,pitch,ok,-0.008260424605182575,1.3324703470306214,1.3324959513373997,2.044995563212018,4.014551687041245,2.0072758435206226,-2.044995563212018,1.9695561238292272
Hs1_Tp4_Dirmodel,1.0,4.0,,Dean stream,case_08,low,quadhigh,linhigh,roll,ok,-0.0019258932956602807,7.776600257341564e-05,0.0019274627201130155,0.002159793027201975,0.00038814142446550923,0.00019407071223275462,-0.002159793027201975,-0.001771651602736466
Hs1_Tp4_Dirmodel,1.0,4.0,,Dean stream,case_09,low,quadhigh,quadhigh,heave,ok,-0.3726233087303338,0.070342092378725,0.3792046151741283,0.47649234533309937,0.20798051357269287,0.10399025678634644,-0.47649234533309937,-0.2685118317604065
Hs1_Tp4_Dirmodel,1.0,4.0,,Dean stream,case_09,low,quadhigh,quadhigh,pitch,ok,-0.008260388150156233,1.3324703532835642,1.3324959573642308,2.044995563212018,4.014551473597834,2.007275736798917,-2.044995563212018,1.9695559103858156
Hs1_Tp4_Dirmodel,1.0,4.0,,Dean stream,case_09,low,quadhigh,quadhigh,roll,ok,-0.0019250963054861928,9.483417443972549e-05,0.0019274307525922307,0.002214190456348268,0.00048645681572876873,0.00024322840786438437,-0.002214190456348268,-0.0017277336406194995
Hs1_Tp4_Dirmodel,1.0,4.0,,Dean stream,case_10,linhigh,low,low,heave,ok,-0.37263559041249467,0.06865355356579128,0.3789071042607666,0.4712589383125305,0.19860213994979858,0.09930106997489929,-0.4712589383125305,-0.27265679836273193
Hs1_Tp4_Dirmodel,1.0,4.0,,Dean stream,case_10,linhigh,low,low,pitch,ok,-0.007248543923352121,1.3339641748152908,1.3339838683730956,2.0673706226027453,4.0498054949988544,2.0249027474994272,-2.0673706226027453,1.9824348723961094
Hs1_Tp4_Dirmodel,1.0,4.0,,Dean stream,case_10,linhigh,low,low,roll,ok,-0.0019357557313777604,0.0001356334186981906,0.0019405016557142143,0.0025386298613854956,0.0011013686289870507,0.0005506843144935254,-0.0025386298613854956,-0.001437261232398445
Hs1_Tp4_Dirmodel,1.0,4.0,,Dean stream,case_11,linhigh,low,linhigh,heave,ok,-0.37263552232479186,0.0686535895194193,0.3789070438144049,0.4712589383125305,0.19860216975212097,0.09930108487606049,-0.4712589383125305,-0.27265676856040955
Hs1_Tp4_Dirmodel,1.0,4.0,,Dean stream,case_11,linhigh,low,linhigh,pitch,ok,-0.007248626579379869,1.3339641561922122,1.333983850199427,2.0673708360461567,4.049805708442266,2.024902854221133,-2.0673708360461567,1.9824348723961094
Hs1_Tp4_Dirmodel,1.0,4.0,,Dean stream,case_11,linhigh,low,linhigh,roll,ok,-0.0019364631315485735,0.00012442917007376235,0.0019404566674399491,0.002537718141188058,0.0010878316476193352,0.0005439158238096676,-0.002537718141188058,-0.001449886493568723
Hs1_Tp4_Dirmodel,1.0,4.0,,Dean stream,case_12,linhigh,low,quadhigh,heave,ok,-0.3726355905613203,0.06865355346709191,0.37890710438924574,0.4712589383125305,0.19860216975212097,0.09930108487606049,-0.4712589383125305,-0.27265676856040955
Hs1_Tp4_Dirmodel,1.0,4.0,,Dean stream,case_12,linhigh,low,quadhigh,pitch,ok,-0.0072485449517643175,1.3339641740345634,1.3339838675979678,2.0673708360461567,4.049805708442266,2.024902854221133,-2.0673708360461567,1.9824348723961094
Hs1_Tp4_Dirmodel,1.0,4.0,,Dean stream,case_12,linhigh,low,quadhigh,roll,ok,-0.0019360405959603358,0.00013092856892108897,0.0019404626972364546,0.0025385483610203385,0.0010968348324588238,0.0005484174162294119,-0.0025385483610203385,-0.0014417135285615147
Hs1_Tp4_Dirmodel,1.0,4.0,,Dean stream,case_13,linhigh,linhigh,low,heave,ok,-0.37265454037359147,0.0685693497967879,0.3789104936427691,0.47165149450302124,0.1985977590084076,0.0992988795042038,-0.47165149450302124,-0.27305373549461365
Hs1_Tp4_Dirmodel,1.0,4.0,,Dean stream,case_13,linhigh,linhigh,low,pitch,ok,-0.006520932609201779,1.3279211126564998,1.3279371235118664,2.0150746388923078,3.9607791018096155,1.9803895509048077,-2.0150746388923078,1.945704462917308
Hs1_Tp4_Dirmodel,1.0,4.0,,Dean stream,case_13,linhigh,linhigh,low,roll,ok,-0.0019239801692388261,9.097872480715625e-05,0.0019261300111861083,0.00225884244285373,0.0005527719536424593,0.0002763859768212297,-0.00225884244285373,-0.0017060704892112705
Hs1_Tp4_Dirmodel,1.0,4.0,,Dean stream,case_14,linhigh,linhigh,linhigh,heave,ok,-0.3726545401503531,0.06856934988466996,0.37891049343912,0.47165149450302124,0.1985977590084076,0.0992988795042038,-0.47165149450302124,-0.27305373549461365
Hs1_Tp4_Dirmodel,1.0,4.0,,Dean stream,case_14,linhigh,linhigh,linhigh,pitch,ok,-0.00652093513859614,1.327921111773233,1.3279371226410315,2.0150746388923078,3.9607793152530273,1.9803896576265136,-2.0150746388923078,1.9457046763607195
Hs1_Tp4_Dirmodel,1.0,4.0,,Dean stream,case_14,linhigh,linhigh,linhigh,roll,ok,-0.0019248055054143188,6.894809339812111e-05,0.0019260399978340294,0.0021719461698886692,0.000403672559269184,0.000201836279634592,-0.0021719461698886692,-0.0017682736106194852
Hs1_Tp4_Dirmodel,1.0,4.0,,Dean stream,case_15,linhigh,linhigh,quadhigh,heave,ok,-0.37265454033638507,0.06856934981285996,0.37891049360908546,0.47165149450302124,0.1985977590084076,0.0992988795042038,-0.47165149450302124,-0.27305373549461365
Hs1_Tp4_Dirmodel,1.0,4.0,,Dean stream,case_15,linhigh,linhigh,quadhigh,pitch,ok,-0.006520933553300828,1.3279211125936057,1.3279371234536093,2.0150746388923078,3.9607791018096155,1.9803895509048077,-2.0150746388923078,1.945704462917308
Hs1_Tp4_Dirmodel,1.0,4.0,,Dean stream,case_15,linhigh,linhigh,quadhigh,roll,ok,-0.0019242875062672382,8.219065803480142e-05,0.001926041980602806,0.0022267684014497724,0.0004948468718620933,0.00024742343593104666,-0.0022267684014497724,-0.001731921529587679
Hs1_Tp4_Dirmodel,1.0,4.0,,Dean stream,case_16,linhigh,quadhigh,low,heave,ok,-0.37264181805609464,0.06864289939111176,0.37891129859238804,0.47140762209892273,0.19854527711868286,0.09927263855934143,-0.47140762209892273,-0.27286234498023987
Hs1_Tp4_Dirmodel,1.0,4.0,,Dean stream,case_16,linhigh,quadhigh,low,pitch,ok,-0.00730250455849037,1.332234616991188,1.3322546307979133,2.0436137305655597,4.008221382341112,2.004110691170556,-2.0436137305655597,1.9646076517755529
Hs1_Tp4_Dirmodel,1.0,4.0,,Dean stream,case_16,linhigh,quadhigh,low,roll,ok,-0.0019290014211760956,0.0002618557731036928,0.0019466933319881512,0.0028042134963292436,0.001700626952673506,0.000850313476336753,-0.0028042134963292436,-0.0011035865436557375
Hs1_Tp4_Dirmodel,1.0,4.0,,Dean stream,case_17,linhigh,quadhigh,linhigh,heave,ok,-0.37264181880022257,0.06864289956492173,0.3789112993556907,0.47140762209892273,0.19854527711868286,0.09927263855934143,-0.47140762209892273,-0.27286234498023987
Hs1_Tp4_Dirmodel,1.0,4.0,,Dean stream,case_17,linhigh,quadhigh,linhigh,pitch,ok,-0.007302515289810265,1.332234620845895,1.3322546347113842,2.0436139440089716,4.008221595784525,2.0041107978922623,-2.0436139440089716,1.9646076517755529
Hs1_Tp4_Dirmodel,1.0,4.0,,Dean stream,case_17,linhigh,quadhigh,linhigh,roll,ok,-0.0019297440298918723,0.0002441011712008543,0.0019451214364879519,0.0028242073493375684,0.0017089225851101134,0.0008544612925550567,-0.0028242073493375684,-0.001115284764227455
Hs1_Tp4_Dirmodel,1.0,4.0,,Dean stream,case_18,linhigh,quadhigh,quadhigh,heave,ok,-0.372641818465365,0.06864289926017399,0.37891129897116615,0.47140762209892273,0.19854527711868286,0.09927263855934143,-0.47140762209892273,-0.27286234498023987
Hs1_Tp4_Dirmodel,1.0,4.0,,Dean stream,case_18,linhigh,quadhigh,quadhigh,pitch,ok,-0.007302507284094953,1.332234618131145,1.332254631952793,2.0436139440089716,4.008221595784525,2.0041107978922623,-2.0436139440089716,1.9646076517755529
Hs1_Tp4_Dirmodel,1.0,4.0,,Dean stream,case_18,linhigh,quadhigh,quadhigh,roll,ok,-0.0019292762220479587,0.0002556571004480916,0.0019461416428331135,0.0028125794775465175,0.0017072357776803549,0.0008536178888401774,-0.0028125794775465175,-0.0011053436998661626
Hs1_Tp4_Dirmodel,1.0,4.0,,Dean stream,case_19,quadhigh,low,low,heave,ok,-0.3726119532641698,0.0697510629642392,0.3790842630603137,0.47417548298835754,0.20390444993972778,0.10195222496986389,-0.47417548298835754,-0.27027103304862976
Hs1_Tp4_Dirmodel,1.0,4.0,,Dean stream,case_19,quadhigh,low,low,pitch,ok,-0.007862363348825873,1.334181697302941,1.3342048636456043,2.0692128526879445,4.051799056462852,2.025899528231426,-2.0692128526879445,1.9825862037749074
Hs1_Tp4_Dirmodel,1.0,4.0,,Dean stream,case_19,quadhigh,low,low,roll,ok,-0.0019212814939891555,0.00022025546635164102,0.001933865313201253,0.002594592681177138,0.0016054206648544573,0.0008027103324272286,-0.002594592681177138,-0.0009891720163226806
Hs1_Tp4_Dirmodel,1.0,4.0,,Dean stream,case_20,quadhigh,low,linhigh,heave,ok,-0.3726119569103965,0.06975106178804645,0.3790842664278683,0.47417551279067993,0.20390447974205017,0.10195223987102509,-0.47417551279067993,-0.27027103304862976
Hs1_Tp4_Dirmodel,1.0,4.0,,Dean stream,case_20,quadhigh,low,linhigh,pitch,ok,-0.007862367456229232,1.3341817045230424,1.334204870889785,2.0692128526879445,4.0517992699062635,2.0258996349531317,-2.0692128526879445,1.982586417218319
Hs1_Tp4_Dirmodel,1.0,4.0,,Dean stream,case_20,quadhigh,low,linhigh,roll,ok,-0.0019223000526036266,0.00020285133070752618,0.0019329733972845357,0.0025544799106615255,0.0015484107425452504,0.0007742053712726252,-0.0025544799106615255,-0.001006069168116275
Hs1_Tp4_Dirmodel,1.0,4.0,,Dean stream,case_21,quadhigh,low,quadhigh,heave,ok,-0.3726119546408064,0.06975106277966184,0.37908426437948417,0.47417551279067993,0.20390447974205017,0.10195223987102509,-0.47417551279067993,-0.27027103304862976
Hs1_Tp4_Dirmodel,1.0,4.0,,Dean stream,case_21,quadhigh,low,quadhigh,pitch,ok,-0.00786236255982138,1.334181699106885,1.3342048654448675,2.0692128526879445,4.051799056462852,2.025899528231426,-2.0692128526879445,1.9825862037749074
Hs1_Tp4_Dirmodel,1.0,4.0,,Dean stream,case_21,quadhigh,low,quadhigh,roll,ok,-0.001921669145013497,0.0002140321714519584,0.0019335516732979614,0.0025830467266329074,0.001590014073447666,0.000795007036723833,-0.0025830467266329074,-0.0009930326531852414
Hs1_Tp4_Dirmodel,1.0,4.0,,Dean stream,case_22,quadhigh,linhigh,low,heave,ok,-0.3726531434594915,0.06960662766316207,0.37909820356324353,0.4744778871536255,0.20381611585617065,0.10190805792808533,-0.4744778871536255,-0.27066177129745483
Hs1_Tp4_Dirmodel,1.0,4.0,,Dean stream,case_22,quadhigh,linhigh,low,pitch,ok,-0.007131764968784272,1.3279930727374114,1.3280122225755762,2.0150029219060226,3.9607142150125005,1.9803571075062503,-2.0150029219060226,1.945711293106478
Hs1_Tp4_Dirmodel,1.0,4.0,,Dean stream,case_22,quadhigh,linhigh,low,roll,ok,-0.0019240075583901214,0.0002144742983686887,0.0019359246652189382,0.0025982018341763682,0.0016364107097136564,0.0008182053548568282,-0.0025982018341763682,-0.0009617911244627118
Hs1_Tp4_Dirmodel,1.0,4.0,,Dean stream,case_23,quadhigh,linhigh,linhigh,heave,ok,-0.3726531421572677,0.06960662914806244,0.379098202555803,0.4744779169559479,0.20381614565849304,0.10190807282924652,-0.4744779169559479,-0.27066177129745483
Hs1_Tp4_Dirmodel,1.0,4.0,,Dean stream,case_23,quadhigh,linhigh,linhigh,pitch,ok,-0.007131758715038874,1.3279930763824819,1.32801222618701,2.0150024950191994,3.9607137881256773,1.9803568940628387,-2.0150024950191994,1.945711293106478
Hs1_Tp4_Dirmodel,1.0,4.0,,Dean stream,case_23,quadhigh,linhigh,linhigh,roll,ok,-0.0019245014120999717,0.00019648247374159055,0.0019345053754545114,0.0025430583952937625,0.001550713388411984,0.000775356694205992,-0.0025430583952937625,-0.0009923450068817785
Hs1_Tp4_Dirmodel,1.0,4.0,,Dean stream,case_24,quadhigh,linhigh,quadhigh,heave,ok,-0.37265314323625315,0.06960662814956874,0.3790982034331101,0.4744778871536255,0.20381611585617065,0.10190805792808533,-0.4744778871536255,-0.27066177129745483
Hs1_Tp4_Dirmodel,1.0,4.0,,Dean stream,case_24,quadhigh,linhigh,quadhigh,pitch,ok,-0.007131761811725385,1.3279930735243453,1.3280122233455443,2.015002708462611,3.960714001569089,1.9803570007845446,-2.015002708462611,1.945711293106478
Hs1_Tp4_Dirmodel,1.0,4.0,,Dean stream,case_24,quadhigh,linhigh,quadhigh,roll,ok,-0.0019241961287732364,0.0002078590834793616,0.0019353904362093943,0.0025802484084686186,0.0016089840650911503,0.0008044920325455751,-0.0025802484084686186,-0.0009712643433774683
Hs1_Tp4_Dirmodel,1.0,4.0,,Dean stream,case_25,quadhigh,quadhigh,low,heave,ok,-0.3726245029439938,0.06969771657549088,0.3790867867521841,0.47429999709129333,0.20390164852142334,0.10195082426071167,-0.47429999709129333,-0.27039834856987
Hs1_Tp4_Dirmodel,1.0,4.0,,Dean stream,case_25,quadhigh,quadhigh,low,pitch,ok,-0.007930748296520742,1.3323826052828713,1.3324062081921242,2.0435829947142947,4.009793393067273,2.0048966965336366,-2.0435829947142947,1.9662103983529788
Hs1_Tp4_Dirmodel,1.0,4.0,,Dean stream,case_25,quadhigh,quadhigh,low,roll,ok,-0.001920846916714224,0.00026085781485485365,0.0019384787017198279,0.002940089404345536,0.002179999177197289,0.0010899995885986446,-0.002940089404345536,-0.0007600902271482469
Hs1_Tp4_Dirmodel,1.0,4.0,,Dean stream,case_26,quadhigh,quadhigh,linhigh,heave,ok,-0.3726245108317495,0.0696977296700161,0.3790867969129963,0.47430017590522766,0.203902006149292,0.101951003074646,-0.47430017590522766,-0.27039816975593567
Hs1_Tp4_Dirmodel,1.0,4.0,,Dean stream,case_26,quadhigh,quadhigh,linhigh,pitch,ok,-0.007930758019465826,1.3323826180242333,1.3324062209911338,2.043580433393356,4.0097878435385725,2.0048939217692863,-2.043580433393356,1.966207410145217
Hs1_Tp4_Dirmodel,1.0,4.0,,Dean stream,case_26,quadhigh,quadhigh,linhigh,roll,ok,-0.001921760958450699,0.00022737195341287098,0.0019351648990781466,0.0028222457126713396,0.0020165357603467,0.00100826788017335,-0.0028222457126713396,-0.0008057099523246396
Hs1_Tp4_Dirmodel,1.0,4.0,,Dean stream,case_27,quadhigh,quadhigh,quadhigh,heave,ok,-0.3726245054368223,0.06969772103936793,0.3790867900232319,0.4743000566959381,0.2039017677307129,0.10195088386535645,-0.4743000566959381,-0.2703982889652252
Hs1_Tp4_Dirmodel,1.0,4.0,,Dean stream,case_27,quadhigh,quadhigh,quadhigh,pitch,ok,-0.007930752887944002,1.3323826112648267,1.3324062142013027,2.0435821409406487,4.00979147207657,2.004895736038285,-2.0435821409406487,1.966209331135921
Hs1_Tp4_Dirmodel,1.0,4.0,,Dean stream,case_27,quadhigh,quadhigh,quadhigh,roll,ok,-0.0019211933417331896,0.0002480926172858329,0.0019371457877691279,0.002897686285972254,0.0021204246510062295,0.0010602123255031147,-0.002897686285972254,-0.0007772616349660246
Hs2_Tp4_Dirmodel,2.0,4.0,,Dean stream,case_01,low,low,low,heave,ok,-0.3800502237160405,0.13469411069438478,0.40321294126350116,0.5670018792152405,0.38780637085437775,0.19390318542718887,-0.5670018792152405,-0.17919550836086273
Hs2_Tp4_Dirmodel,2.0,4.0,,Dean stream,case_01,low,low,low,pitch,ok,-0.04982421693562512,2.6380580164748997,2.638528482105268,3.9114162574608757,7.8205256185295795,3.9102628092647898,-3.9114162574608757,3.9091093610687038
Hs2_Tp4_Dirmodel,2.0,4.0,,Dean stream,case_01,low,low,low,roll,ok,-0.0019183815619603622,8.883511746028173e-05,0.0019204373187801942,0.0021684518677876534,0.0004319760102498341,0.00021598800512491706,-0.0021684518677876534,-0.0017364758575378193
Hs2_Tp4_Dirmodel,2.0,4.0,,Dean stream,case_02,low,low,linhigh,heave,ok,-0.3800502238462629,0.13469411020868965,0.4032129412239954,0.5670018196105957,0.38780631124973297,0.19390315562486649,-0.5670018196105957,-0.17919550836086273
Hs2_Tp4_Dirmodel,2.0,4.0,,Dean stream,case_02,low,low,linhigh,pitch,ok,-0.049824202431682306,2.6380580253727883,2.638528490727687,3.9114162574608757,7.8205256185295795,3.9102628092647898,-3.9114162574608757,3.9091093610687038
Hs2_Tp4_Dirmodel,2.0,4.0,,Dean stream,case_02,low,low,linhigh,roll,ok,-0.0019189119088196276,8.162250203102619e-05,0.0019206470645716225,0.002112283733776881,0.0003431334210196675,0.00017156671050983375,-0.002112283733776881,-0.0017691503127572133
Hs2_Tp4_Dirmodel,2.0,4.0,,Dean stream,case_03,low,low,quadhigh,heave,ok,-0.3800502231393414,0.13469411042129414,0.4032129406287042,0.5670018196105957,0.38780631124973297,0.19390315562486649,-0.5670018196105957,-0.17919550836086273
Hs2_Tp4_Dirmodel,2.0,4.0,,Dean stream,case_03,low,low,quadhigh,pitch,ok,-0.04982421449574839,2.6380580165654597,2.6385284821497392,3.911416684347699,7.820526045416402,3.910263022708201,-3.911416684347699,3.9091093610687038
Hs2_Tp4_Dirmodel,2.0,4.0,,Dean stream,case_03,low,low,quadhigh,roll,ok,-0.0019185858542729436,8.585866697692515e-05,0.0019205060247005983,0.0021476555175776514,0.0003987812867147554,0.0001993906433573777,-0.0021476555175776514,-0.001748874230862896
Hs2_Tp4_Dirmodel,2.0,4.0,,Dean stream,case_04,low,linhigh,low,heave,ok,-0.37999161901173373,0.13453995893720813,0.4031062280218259,0.5670678615570068,0.3871106952428818,0.1935553476214409,-0.5670678615570068,-0.17995716631412506
Hs2_Tp4_Dirmodel,2.0,4.0,,Dean stream,case_04,low,linhigh,low,pitch,ok,-0.049580972973091365,2.626549818560009,2.6270177430422077,3.8536174891569352,7.703312315296168,3.851656157648084,-3.8536174891569352,3.8496948261392325
Hs2_Tp4_Dirmodel,2.0,4.0,,Dean stream,case_04,low,linhigh,low,roll,ok,-0.0019160889644510215,8.341190267202448e-05,0.0019179036642121405,0.00212313057777191,0.00040908743519260313,0.00020454371759630156,-0.00212313057777191,-0.001714043142579307
Hs2_Tp4_Dirmodel,2.0,4.0,,Dean stream,case_05,low,linhigh,linhigh,heave,ok,-0.379991618100177,0.1345399582575964,0.4031062269357131,0.5670678615570068,0.3871106952428818,0.1935553476214409,-0.5670678615570068,-0.17995716631412506
Hs2_Tp4_Dirmodel,2.0,4.0,,Dean stream,case_05,low,linhigh,linhigh,pitch,ok,-0.049580996355937,2.62654980488747,2.6270177298134203,3.8536174891569352,7.703312315296168,3.851656157648084,-3.8536174891569352,3.8496948261392325
Hs2_Tp4_Dirmodel,2.0,4.0,,Dean stream,case_05,low,linhigh,linhigh,roll,ok,-0.0019167416853351443,7.85214232280845e-05,0.0019183493691731894,0.002070327304105727,0.0003298477150744505,0.00016492385753722524,-0.002070327304105727,-0.0017404795890312765
Hs2_Tp4_Dirmodel,2.0,4.0,,Dean stream,case_06,low,linhigh,quadhigh,heave,ok,-0.379991618472241,0.13453995855772186,0.4031062273866116,0.5670678615570068,0.3871106952428818,0.1935553476214409,-0.5670678615570068,-0.17995716631412506
Hs2_Tp4_Dirmodel,2.0,4.0,,Dean stream,case_06,low,linhigh,quadhigh,pitch,ok,-0.049580980205285605,2.626549815536992,2.627017740156226,3.8536174891569352,7.703312315296168,3.851656157648084,-3.8536174891569352,3.8496948261392325
Hs2_Tp4_Dirmodel,2.0,4.0,,Dean stream,case_06,low,linhigh,quadhigh,roll,ok,-0.0019163338227063452,8.129003547714442e-05,0.0019180571915133786,0.00210344396654937,0.00037870280672879907,0.00018935140336439954,-0.00210344396654937,-0.001724741159820571
Hs2_Tp4_Dirmodel,2.0,4.0,,Dean stream,case_07,low,quadhigh,low,heave,ok,-0.3800126244587249,0.13462194078661266,0.40315339721892723,0.5669817328453064,0.3871360272169113,0.19356801360845566,-0.5669817328453064,-0.17984570562839508
Hs2_Tp4_Dirmodel,2.0,4.0,,Dean stream,case_07,low,quadhigh,low,pitch,ok,-0.050626978359086076,2.6312183876375212,2.631705396578342,3.8605074424821857,7.717236082806062,3.858618041403031,-3.8605074424821857,3.856728640323876
Hs2_Tp4_Dirmodel,2.0,4.0,,Dean stream,case_07,low,quadhigh,low,roll,ok,-0.0019156862796642284,8.616997680919066e-05,0.0019176233172855058,0.002138434512069136,0.000436463428693029,0.0002182317143465145,-0.002138434512069136,-0.001701971083376107
Hs2_Tp4_Dirmodel,2.0,4.0,,Dean stream,case_08,low,quadhigh,linhigh,heave,ok,-0.38001262451453455,0.13462194120150348,0.4031533974100747,0.5669817328453064,0.3871360272169113,0.19356801360845566,-0.5669817328453064,-0.17984570562839508
Hs2_Tp4_Dirmodel,2.0,4.0,,Dean stream,case_08,low,quadhigh,linhigh,pitch,ok,-0.05062698191897444,2.631218383828398,2.631705392838406,3.8605074424821857,7.717236082806062,3.858618041403031,-3.8605074424821857,3.856728640323876
Hs2_Tp4_Dirmodel,2.0,4.0,,Dean stream,case_08,low,quadhigh,linhigh,roll,ok,-0.0019163580177165823,8.011367323514246e-05,0.001918031869575127,0.00208629991659074,0.00035286333481854455,0.00017643166740927228,-0.00208629991659074,-0.0017334365817721956
Hs2_Tp4_Dirmodel,2.0,4.0,,Dean stream,case_09,low,quadhigh,quadhigh,heave,ok,-0.38001262436570893,0.13462194092215907,0.40315339717651233,0.5669817328453064,0.3871360272169113,0.19356801360845566,-0.5669817328453064,-0.17984570562839508
Hs2_Tp4_Dirmodel,2.0,4.0,,Dean stream,case_09,low,quadhigh,quadhigh,pitch,ok,-0.050626979387498265,2.631218387772938,2.6317053967335173,3.8605074424821857,7.717236082806062,3.858618041403031,-3.8605074424821857,3.856728640323876
Hs2_Tp4_Dirmodel,2.0,4.0,,Dean stream,case_09,low,quadhigh,quadhigh,roll,ok,-0.001915937677522946,8.363296147223486e-05,0.0019177621480247849,0.002119014079788555,0.00040525222811149805,0.00020262611405574902,-0.002119014079788555,-0.0017137618516770568
Hs2_Tp4_Dirmodel,2.0,4.0,,Dean stream,case_10,linhigh,low,low,heave,ok,-0.3801359212800358,0.1302200673124272,0.4018215830169836,0.5613283514976501,0.37373553216457367,0.18686776608228683,-0.5613283514976501,-0.18759281933307648
Hs2_Tp4_Dirmodel,2.0,4.0,,Dean stream,case_10,linhigh,low,low,pitch,ok,-0.049944123446245624,2.638869518566783,2.639342105807373,3.9127874179367557,7.820006097265836,3.910003048632918,-3.9127874179367557,3.90721867932908
Hs2_Tp4_Dirmodel,2.0,4.0,,Dean stream,case_10,linhigh,low,low,roll,ok,-0.0019172568700105467,9.725391979569467e-05,0.001919721914892432,0.002205525362537642,0.0004884441948377011,0.00024422209741885054,-0.002205525362537642,-0.001717081167699941
Hs2_Tp4_Dirmodel,2.0,4.0,,Dean stream,case_11,linhigh,low,linhigh,heave,ok,-0.38013592327057794,0.13022006359097893,0.40182158369407356,0.5613283514976501,0.3737355172634125,0.18686775863170624,-0.5613283514976501,-0.18759283423423767
Hs2_Tp4_Dirmodel,2.0,4.0,,Dean stream,case_11,linhigh,low,linhigh,pitch,ok,-0.04994414317656255,2.6388695129550923,2.639342100570043,3.9127874179367557,7.820006097265836,3.910003048632918,-3.9127874179367557,3.90721867932908
Hs2_Tp4_Dirmodel,2.0,4.0,,Dean stream,case_11,linhigh,low,linhigh,roll,ok,-0.0019177393474309648,8.794604300245377e-05,0.0019197548570493923,0.0021397920872053755,0.0004210547528779216,0.0002105273764389608,-0.0021397920872053755,-0.0017187373343274539
Hs2_Tp4_Dirmodel,2.0,4.0,,Dean stream,case_12,linhigh,low,quadhigh,heave,ok,-0.38013592178232214,0.1302200662167043,0.4018215831370667,0.5613283514976501,0.3737355172634125,0.18686775863170624,-0.5613283514976501,-0.18759283423423767
Hs2_Tp4_Dirmodel,2.0,4.0,,Dean stream,case_12,linhigh,low,quadhigh,pitch,ok,-0.04994413436740021,2.638869513879273,2.639342101327363,3.9127874179367557,7.820006097265836,3.910003048632918,-3.9127874179367557,3.90721867932908
Hs2_Tp4_Dirmodel,2.0,4.0,,Dean stream,case_12,linhigh,low,quadhigh,roll,ok,-0.0019174425932636512,9.350501139808345e-05,0.0019197211478801266,0.002181390832409496,0.0004636250407981503,0.00023181252039907515,-0.002181390832409496,-0.0017177657916113457
Hs2_Tp4_Dirmodel,2.0,4.0,,Dean stream,case_13,linhigh,linhigh,low,heave,ok,-0.38008599641841,0.1300718199587741,0.4017263285132845,0.5611222982406616,0.3732762932777405,0.18663814663887024,-0.5611222982406616,-0.18784600496292114
Hs2_Tp4_Dirmodel,2.0,4.0,,Dean stream,case_13,linhigh,linhigh,low,pitch,ok,-0.04963589968555425,2.627358117197371,2.627826934663032,3.85785860974469,7.705195739959798,3.852597869979899,-3.85785860974469,3.8473371302151085
Hs2_Tp4_Dirmodel,2.0,4.0,,Dean stream,case_13,linhigh,linhigh,low,roll,ok,-0.0019377438877810297,0.00010233751446917803,0.0019404443670202115,0.0021957490706537327,0.0004883634240154542,0.0002441817120077271,-0.0021957490706537327,-0.0017073856466382786
Hs2_Tp4_Dirmodel,2.0,4.0,,Dean stream,case_14,linhigh,linhigh,linhigh,heave,ok,-0.38008599543244054,0.13007181873264567,0.401726327183429,0.5611222982406616,0.3732762783765793,0.18663813918828964,-0.5611222982406616,-0.18784601986408234
Hs2_Tp4_Dirmodel,2.0,4.0,,Dean stream,case_14,linhigh,linhigh,linhigh,pitch,ok,-0.04963592456313667,2.6273581020763044,2.6278269200145656,3.85785860974469,7.705195739959798,3.852597869979899,-3.85785860974469,3.8473371302151085
Hs2_Tp4_Dirmodel,2.0,4.0,,Dean stream,case_14,linhigh,linhigh,linhigh,roll,ok,-0.0019383451472000646,9.947124793340765e-05,0.0019408957825806797,0.0021500206956938665,0.0004426790300710566,0.0002213395150355283,-0.0021500206956938665,-0.00170734166562281
Hs2_Tp4_Dirmodel,2.0,4.0,,Dean stream,case_15,linhigh,linhigh,quadhigh,heave,ok,-0.3800859959161237,0.1300718194010523,0.4017263278574751,0.5611222982406616,0.3732762932777405,0.18663814663887024,-0.5611222982406616,-0.18784600496292114
Hs2_Tp4_Dirmodel,2.0,4.0,,Dean stream,case_15,linhigh,linhigh,quadhigh,pitch,ok,-0.04963590678659473,2.6273581123374647,2.6278269299381214,3.85785860974469,7.705195739959798,3.852597869979899,-3.85785860974469,3.8473371302151085
Hs2_Tp4_Dirmodel,2.0,4.0,,Dean stream,case_15,linhigh,linhigh,quadhigh,roll,ok,-0.001937972537484721,0.00010109551022762787,0.001940607600271923,0.0021787544727713635,0.00047154558395828545,0.00023577279197914273,-0.0021787544727713635,-0.001707208888813078
Hs2_Tp4_Dirmodel,2.0,4.0,,Dean stream,case_16,linhigh,quadhigh,low,heave,ok,-0.38010256068685677,0.13013863830872444,0.40176363924769826,0.56110018491745,0.3733377903699875,0.18666889518499374,-0.56110018491745,-0.18776239454746246
Hs2_Tp4_Dirmodel,2.0,4.0,,Dean stream,case_16,linhigh,quadhigh,low,pitch,ok,-0.05077950095147442,2.632040632029274,2.6325304264851224,3.865140872060393,7.719023884821313,3.8595119424106565,-3.865140872060393,3.8538830127609196
Hs2_Tp4_Dirmodel,2.0,4.0,,Dean stream,case_16,linhigh,quadhigh,low,roll,ok,-0.001936037286799493,0.0001014261575446695,0.0019386922502842524,0.002202696612011939,0.0004903413190665486,0.0002451706595332743,-0.002202696612011939,-0.0017123552929453904
Hs2_Tp4_Dirmodel,2.0,4.0,,Dean stream,case_17,linhigh,quadhigh,linhigh,heave,ok,-0.3801025586777114,0.13013863678458873,0.4017636368531804,0.56110018491745,0.3733377754688263,0.18666888773441315,-0.56110018491745,-0.18776240944862366
Hs2_Tp4_Dirmodel,2.0,4.0,,Dean stream,case_17,linhigh,quadhigh,linhigh,pitch,ok,-0.05077957343163415,2.632040580972461,2.6325303768358967,3.865140872060393,7.719023884821313,3.8595119424106565,-3.865140872060393,3.8538830127609196
Hs2_Tp4_Dirmodel,2.0,4.0,,Dean stream,case_17,linhigh,quadhigh,linhigh,roll,ok,-0.0019366879055799486,9.776863690553583e-05,0.0019391541326006074,0.002155286536422688,0.00044065163032245614,0.00022032581516122807,-0.002155286536422688,-0.001714634906100232
Hs2_Tp4_Dirmodel,2.0,4.0,,Dean stream,case_18,linhigh,quadhigh,quadhigh,heave,ok,-0.38010256024038,0.13013863808301457,0.40176363875218174,0.56110018491745,0.3733377754688263,0.18666888773441315,-0.56110018491745,-0.18776240944862366
Hs2_Tp4_Dirmodel,2.0,4.0,,Dean stream,case_18,linhigh,quadhigh,quadhigh,pitch,ok,-0.050779526024746606,2.632040613032075,2.632530407975102,3.865140872060393,7.719023884821313,3.8595119424106565,-3.865140872060393,3.8538830127609196
Hs2_Tp4_Dirmodel,2.0,4.0,,Dean stream,case_18,linhigh,quadhigh,quadhigh,roll,ok,-0.001936282074143298,9.987291402149953e-05,0.0019388560724313234,0.0021854312494893153,0.0004728776250926532,0.0002364388125463266,-0.0021854312494893153,-0.001712553624396662
Hs2_Tp4_Dirmodel,2.0,4.0,,Dean stream,case_19,quadhigh,low,low,heave,ok,-0.38001034538099976,0.1327600021808088,0.40253332877618353,0.5642134547233582,0.38160237669944763,0.19080118834972382,-0.5642134547233582,-0.18261107802391052
Hs2_Tp4_Dirmodel,2.0,4.0,,Dean stream,case_19,quadhigh,low,low,pitch,ok,-0.04992248814302692,2.6384695556187157,2.638941805108482,3.915044795457445,7.8233759418475906,3.9116879709237953,-3.915044795457445,3.908331146390146
Hs2_Tp4_Dirmodel,2.0,4.0,,Dean stream,case_19,quadhigh,low,low,roll,ok,-0.0019058361368814107,0.00010443862539885333,0.0019086955773821716,0.002272234349402649,0.0005840687191853641,0.00029203435959268206,-0.002272234349402649,-0.0016881656302172848
Hs2_Tp4_Dirmodel,2.0,4.0,,Dean stream,case_20,quadhigh,low,linhigh,heave,ok,-0.3800103638353717,0.1327600227528183,0.4025333529828558,0.5642132759094238,0.38160228729248047,0.19080114364624023,-0.5642132759094238,-0.18261098861694336
Hs2_Tp4_Dirmodel,2.0,4.0,,Dean stream,case_20,quadhigh,low,linhigh,pitch,ok,-0.049921747723720565,2.6384701038098752,2.638942339194679,3.9150439416837988,7.823377222508061,3.9116886112540303,-3.9150439416837988,3.9083332808242615
Hs2_Tp4_Dirmodel,2.0,4.0,,Dean stream,case_20,quadhigh,low,linhigh,roll,ok,-0.0019068254311577794,9.107091957431717e-05,0.001908998988292598,0.0022063130604402753,0.00047475963736120954,0.00023737981868060477,-0.0022063130604402753,-0.0017315534230790657
Hs2_Tp4_Dirmodel,2.0,4.0,,Dean stream,case_21,quadhigh,low,quadhigh,heave,ok,-0.3800103520223413,0.1327600100961294,0.40253333765648297,0.5642133951187134,0.38160234689712524,0.19080117344856262,-0.5642133951187134,-0.18261104822158813
Hs2_Tp4_Dirmodel,2.0,4.0,,Dean stream,case_21,quadhigh,low,quadhigh,pitch,ok,-0.04992224021137529,2.6384697319226516,2.638941976690604,3.915044368570622,7.823376368734413,3.9116881843672067,-3.915044368570622,3.908332000163792
Hs2_Tp4_Dirmodel,2.0,4.0,,Dean stream,case_21,quadhigh,low,quadhigh,roll,ok,-0.0019061891453518109,9.929417526514894e-05,0.0019087735305946204,0.0022482617778006595,0.0005442667339496739,0.00027213336697483694,-0.0022482617778006595,-0.0017039950438509856
Hs2_Tp4_Dirmodel,2.0,4.0,,Dean stream,case_22,quadhigh,linhigh,low,heave,ok,-0.379965756418702,0.13259863582921091,0.4024380378078147,0.5644703507423401,0.38116851449012756,0.19058425724506378,-0.5644703507423401,-0.18330183625221252
Hs2_Tp4_Dirmodel,2.0,4.0,,Dean stream,case_22,quadhigh,linhigh,low,pitch,ok,-0.04958807775248049,2.62698947175939,2.6274574520227465,3.855975611967882,7.704312084235928,3.852156042117964,-3.855975611967882,3.848336472268046
Hs2_Tp4_Dirmodel,2.0,4.0,,Dean stream,case_22,quadhigh,linhigh,low,roll,ok,-0.0019250627482037717,9.483552384534412e-05,0.0019273973023496945,0.0022084760509498338,0.0004613220822701689,0.00023066104113508444,-0.0022084760509498338,-0.001747153968679665
Hs2_Tp4_Dirmodel,2.0,4.0,,Dean stream,case_23,quadhigh,linhigh,linhigh,heave,ok,-0.3799657638041714,0.13259864790564926,0.40243804875992245,0.5644705295562744,0.38116882741451263,0.19058441370725632,-0.5644705295562744,-0.18330170214176178
Hs2_Tp4_Dirmodel,2.0,4.0,,Dean stream,case_23,quadhigh,linhigh,linhigh,pitch,ok,-0.04958786165060261,2.626989595735635,2.6274575718984226,3.8559768926283517,7.704312511122751,3.8521562555613755,-3.8559768926283517,3.8483356184943998
Hs2_Tp4_Dirmodel,2.0,4.0,,Dean stream,case_23,quadhigh,linhigh,linhigh,roll,ok,-0.0019253590214738858,8.705127396105952e-05,0.0019273259417828435,0.002153758456686196,0.0003762461230875096,0.0001881230615437548,-0.002153758456686196,-0.0017775123335986866
Hs2_Tp4_Dirmodel,2.0,4.0,,Dean stream,case_24,quadhigh,linhigh,quadhigh,heave,ok,-0.37996576226010603,0.13259864504386465,0.4024380463591536,0.5644704699516296,0.3811686933040619,0.19058434665203094,-0.5644704699516296,-0.18330177664756775
Hs2_Tp4_Dirmodel,2.0,4.0,,Dean stream,case_24,quadhigh,linhigh,quadhigh,pitch,ok,-0.04958790267259098,2.626989579481513,2.6274575564214016,3.8559760388547053,7.704312084235928,3.852156042117964,-3.8559760388547053,3.848336045381223
Hs2_Tp4_Dirmodel,2.0,4.0,,Dean stream,case_24,quadhigh,linhigh,quadhigh,roll,ok,-0.0019251490567602468,9.1649955505333e-05,0.001927329397142325,0.002188122220625328,0.00042669755885070006,0.00021334877942535003,-0.002188122220625328,-0.001761424661774628
Hs2_Tp4_Dirmodel,2.0,4.0,,Dean stream,case_25,quadhigh,quadhigh,low,heave,ok,-0.37998950397700404,0.1326598731795714,0.4024806393911508,0.56447434425354,0.3813469260931015,0.19067346304655075,-0.56447434425354,-0.18312741816043854
Hs2_Tp4_Dirmodel,2.0,4.0,,Dean stream,case_25,quadhigh,quadhigh,low,pitch,ok,-0.05071516318907112,2.6316548315448975,2.632143457369088,3.8623652539364293,7.717344938945959,3.8586724694729795,-3.8623652539364293,3.8549796850095297
Hs2_Tp4_Dirmodel,2.0,4.0,,Dean stream,case_25,quadhigh,quadhigh,low,roll,ok,-0.0019110535624779724,8.493279561742019e-05,0.001912939962056086,0.0021710140224897342,0.000412779756083643,0.0002063898780418215,-0.0021710140224897342,-0.0017582342664060912
Hs2_Tp4_Dirmodel,2.0,4.0,,Dean stream,case_26,quadhigh,quadhigh,linhigh,heave,ok,-0.37998952667290503,0.13265989860693872,0.4024806691997786,0.5644737482070923,0.3813460022211075,0.19067300111055374,-0.5644737482070923,-0.1831277459859848
Hs2_Tp4_Dirmodel,2.0,4.0,,Dean stream,case_26,quadhigh,quadhigh,linhigh,pitch,ok,-0.05071407512897103,2.631655698506047,2.6321443032051905,3.862362265728667,7.7173440851723125,3.8586720425861563,-3.862362265728667,3.8549818194436454
Hs2_Tp4_Dirmodel,2.0,4.0,,Dean stream,case_26,quadhigh,quadhigh,linhigh,roll,ok,-0.0019112682554936217,7.814286149216652e-05,0.0019128650373875873,0.0021212573200182815,0.0003484645037287815,0.00017423225186439075,-0.0021212573200182815,-0.0017727928162895
Hs2_Tp4_Dirmodel,2.0,4.0,,Dean stream,case_27,quadhigh,quadhigh,quadhigh,heave,ok,-0.3799895112136479,0.13265988158570913,0.40248064899411173,0.5644741654396057,0.3813466429710388,0.1906733214855194,-0.5644741654396057,-0.1831275224685669
Hs2_Tp4_Dirmodel,2.0,4.0,,Dean stream,case_27,quadhigh,quadhigh,quadhigh,pitch,ok,-0.05071480975669296,2.6316551159544703,2.632143734916084,3.862364400162783,7.717344512059135,3.8586722560295676,-3.862364400162783,3.854980111896353
Hs2_Tp4_Dirmodel,2.0,4.0,,Dean stream,case_27,quadhigh,quadhigh,quadhigh,roll,ok,-0.0019111540114418737,8.218091163370252e-05,0.001912920112730093,0.0021525171915339923,0.0003887298529331284,0.0001943649264665642,-0.0021525171915339923,-0.0017637873386008639
Hs2_Tp8_Dirmodel,2.0,8.0,,Dean stream,case_01,low,low,low,heave,ok,-0.3603481794838281,0.6861587972532068,0.7750256160316745,1.319692850112915,1.9379981756210327,0.9689990878105164,-1.319692850112915,0.6183053255081177
Hs2_Tp8_Dirmodel,2.0,8.0,,Dean stream,case_01,low,low,low,pitch,ok,-0.10794661893101072,3.8093420356531364,3.810871188735276,5.544875634263289,10.906812335570603,5.453406167785301,-5.544875634263289,5.361936701307314
Hs2_Tp8_Dirmodel,2.0,8.0,,Dean stream,case_01,low,low,low,roll,ok,-0.001966787733624869,0.003308325831612685,0.003848801605338084,0.010326563172894944,0.01652751074357869,0.008263755371789345,-0.010326563172894944,0.006200947570683746
Hs2_Tp8_Dirmodel,2.0,8.0,,Dean stream,case_02,low,low,linhigh,heave,ok,-0.36033195125176853,0.6861807842888471,0.7750375370394419,1.319580078125,1.9380401372909546,0.9690200686454773,-1.319580078125,0.6184600591659546
Hs2_Tp8_Dirmodel,2.0,8.0,,Dean stream,case_02,low,low,linhigh,pitch,ok,-0.10784303720706184,3.809014705639494,3.810541057179671,5.544149499777152,10.906338064310109,5.4531690321550546,-5.544149499777152,5.362188564532958
Hs2_Tp8_Dirmodel,2.0,8.0,,Dean stream,case_02,low,low,linhigh,roll,ok,-0.0021630801026176812,0.003370716643419875,0.0040050775548755935,0.008783090497870816,0.01560355965502419,0.007801779827512095,-0.008783090497870816,0.0068204691571533745
Hs2_Tp8_Dirmodel,2.0,8.0,,Dean stream,case_03,low,low,quadhigh,heave,ok,-0.36029103437462445,0.6861864126574179,0.7750234979446706,1.3195780515670776,1.9383876323699951,0.9691938161849976,-1.3195780515670776,0.6188095808029175
Hs2_Tp8_Dirmodel,2.0,8.0,,Dean stream,case_03,low,low,quadhigh,pitch,ok,-0.10774904162335193,3.808402015861833,3.8099259534000427,5.544312570543586,10.90654553130615,5.453272765653075,-5.544312570543586,5.362232960762563
Hs2_Tp8_Dirmodel,2.0,8.0,,Dean stream,case_03,low,low,quadhigh,roll,ok,-0.0017014267832180243,0.004089628063252816,0.004429436848448865,0.010660949791297995,0.016931301488799393,0.008465650744399696,-0.010660949791297995,0.006270351697501397
Hs2_Tp8_Dirmodel,2.0,8.0,,Dean stream,case_04,low,linhigh,low,heave,ok,-0.3601886302269949,0.6857347476140042,0.7745760088138807,1.318526029586792,1.935010850429535,0.9675054252147675,-1.318526029586792,0.6164848208427429
Hs2_Tp8_Dirmodel,2.0,8.0,,Dean stream,case_04,low,linhigh,low,pitch,ok,-0.09558421838294288,3.414909772156769,3.4162472238957875,4.961011427216735,9.759133941786068,4.879566970893034,-4.961011427216735,4.798122514569332
Hs2_Tp8_Dirmodel,2.0,8.0,,Dean stream,case_04,low,linhigh,low,roll,ok,-0.0019581267466359004,0.0036819739933021335,0.0041702749121903405,0.0111079411495137,0.01720141287548725,0.008600706437743626,-0.0111079411495137,0.006093471725973552
Hs2_Tp8_Dirmodel,2.0,8.0,,Dean stream,case_05,low,linhigh,linhigh,heave,ok,-0.36018895682414875,0.685700651271302,0.7745459752474066,1.3176542520523071,1.934133768081665,0.9670668840408325,-1.3176542520523071,0.6164795160293579
Hs2_Tp8_Dirmodel,2.0,8.0,,Dean stream,case_05,low,linhigh,linhigh,pitch,ok,-0.09576790182365992,3.414364468877073,3.4157072792248937,4.9588394270606715,9.756106887323284,4.878053443661642,-4.9588394270606715,4.797267460262612
Hs2_Tp8_Dirmodel,2.0,8.0,,Dean stream,case_05,low,linhigh,linhigh,roll,ok,-0.0022293442312672396,0.003061125618837891,0.0037868807422191393,0.011736546170542985,0.016488130851027,0.0082440654255135,-0.011736546170542985,0.004751584680484013
Hs2_Tp8_Dirmodel,2.0,8.0,,Dean stream,case_06,low,linhigh,quadhigh,heave,ok,-0.36021731453383815,0.6859215967070186,0.7747547679873136,1.3185869455337524,1.93543142080307,0.967715710401535,-1.3185869455337524,0.6168444752693176
Hs2_Tp8_Dirmodel,2.0,8.0,,Dean stream,case_06,low,linhigh,quadhigh,pitch,ok,-0.09580322102572372,3.414191071785751,3.415534940799236,4.958872297346052,9.757049026541921,4.8785245132709605,-4.958872297346052,4.79817672919587
Hs2_Tp8_Dirmodel,2.0,8.0,,Dean stream,case_06,low,linhigh,quadhigh,roll,ok,-0.0020131933855105687,0.003818337057072765,0.004316554817082555,0.01383556202006575,0.02199804578849761,0.010999022894248804,-0.01383556202006575,0.008162483768431856
Hs2_Tp8_Dirmodel,2.0,8.0,,Dean stream,case_07,low,quadhigh,low,heave,ok,-0.36025338399267004,0.6862705312500846,0.7750804750091719,1.3194835186004639,1.9370269179344177,0.9685134589672089,-1.3194835186004639,0.6175433993339539
Hs2_Tp8_Dirmodel,2.0,8.0,,Dean stream,case_07,low,quadhigh,low,pitch,ok,-0.10238425819954329,3.641636324137929,3.643075301665871,5.29233237790983,10.415869010200666,5.207934505100333,-5.29233237790983,5.123536632290835
Hs2_Tp8_Dirmodel,2.0,8.0,,Dean stream,case_07,low,quadhigh,low,roll,ok,-0.002074861518188545,0.004420048951480477,0.0048828150746412,0.013845541333319642,0.026797610213363646,0.013398805106681823,-0.013845541333319642,0.012952068880044002
Hs2_Tp8_Dirmodel,2.0,8.0,,Dean stream,case_08,low,quadhigh,linhigh,heave,ok,-0.36025178894347115,0.6863207095850539,0.775124162855412,1.3194270133972168,1.9369580745697021,0.9684790372848511,-1.3194270133972168,0.6175310611724854
Hs2_Tp8_Dirmodel,2.0,8.0,,Dean stream,case_08,low,quadhigh,linhigh,pitch,ok,-0.10248128485540178,3.641289450370786,3.642731293291779,5.2929603284266475,10.416901222538982,5.208450611269491,-5.2929603284266475,5.123940894112335
Hs2_Tp8_Dirmodel,2.0,8.0,,Dean stream,case_08,low,quadhigh,linhigh,roll,ok,-0.002110334688042433,0.003563335300593689,0.004141361003343258,0.014165170340845103,0.026564767630484987,0.013282383815242493,-0.014165170340845103,0.012399597289639885
Hs2_Tp8_Dirmodel,2.0,8.0,,Dean stream,case_09,low,quadhigh,quadhigh,heave,ok,-0.36026693219330613,0.6862540544264605,0.7750721835085631,1.3191365003585815,1.936838984489441,0.9684194922447205,-1.3191365003585815,0.6177024841308594
Hs2_Tp8_Dirmodel,2.0,8.0,,Dean stream,case_09,low,quadhigh,quadhigh,pitch,ok,-0.10241616455459195,3.6420829833331836,3.6435226811764476,5.292792561905159,10.416126849841833,5.208063424920916,-5.292792561905159,5.1233342879366734
Hs2_Tp8_Dirmodel,2.0,8.0,,Dean stream,case_09,low,quadhigh,quadhigh,roll,ok,-0.0018423479826906446,0.00456854633467749,0.004926039149399791,0.013160702310976798,0.025375069072493102,0.012687534536246551,-0.013160702310976798,0.012214366761516304
Hs2_Tp8_Dirmodel,2.0,8.0,,Dean stream,case_10,linhigh,low,low,heave,ok,-0.3607116121096483,0.6724362246404236,0.7630749264124772,1.3002792596817017,1.8997995257377625,0.9498997628688812,-1.3002792596817017,0.5995202660560608
Hs2_Tp8_Dirmodel,2.0,8.0,,Dean stream,case_10,linhigh,low,low,pitch,ok,-0.10408219892512648,3.8289304309884127,3.8303448081709566,5.563134010575203,10.94826347298294,5.47413173649147,-5.563134010575203,5.385129462407738
Hs2_Tp8_Dirmodel,2.0,8.0,,Dean stream,case_10,linhigh,low,low,roll,ok,-0.0019162611201718868,0.002456074148274772,0.003115181680497313,0.00775428074768775,0.012764203242927279,0.0063821016214636395,-0.00775428074768775,0.005009922495239529
Hs2_Tp8_Dirmodel,2.0,8.0,,Dean stream,case_11,linhigh,low,linhigh,heave,ok,-0.3606777352637864,0.672515435711755,0.7631287178357171,1.3003156185150146,1.8997726440429688,0.9498863220214844,-1.3003156185150146,0.5994570255279541
Hs2_Tp8_Dirmodel,2.0,8.0,,Dean stream,case_11,linhigh,low,linhigh,pitch,ok,-0.10400052110265709,3.8282154321452455,3.829627854414138,5.561574166123501,10.947264557816826,5.473632278908413,-5.561574166123501,5.385690391693325
Hs2_Tp8_Dirmodel,2.0,8.0,,Dean stream,case_11,linhigh,low,linhigh,roll,ok,-0.0021655120855853926,0.0029545772600683834,0.003663191146873118,0.009301381960708446,0.014436100483119505,0.007218050241559752,-0.009301381960708446,0.005134718522411059
Hs2_Tp8_Dirmodel,2.0,8.0,,Dean stream,case_12,linhigh,low,quadhigh,heave,ok,-0.36069229312854983,0.672416829271159,0.7630487026457817,1.3002612590789795,1.8996552228927612,0.9498276114463806,-1.3002612590789795,0.5993939638137817
Hs2_Tp8_Dirmodel,2.0,8.0,,Dean stream,case_12,linhigh,low,quadhigh,pitch,ok,-0.10428003027766032,3.827887415702361,3.8293075603831053,5.561092637787015,10.945896812435532,5.472948406217766,-5.561092637787015,5.384804174648516
Hs2_Tp8_Dirmodel,2.0,8.0,,Dean stream,case_12,linhigh,low,quadhigh,roll,ok,-0.0015082908069106124,0.0031935588867444916,0.00353182099225255,0.010200804982844728,0.015270136033263153,0.007635068016631576,-0.010200804982844728,0.005069331050418424
Hs2_Tp8_Dirmodel,2.0,8.0,,Dean stream,case_13,linhigh,linhigh,low,heave,ok,-0.3604177774503343,0.6718688292381245,0.7624360287945782,1.297813057899475,1.8954881429672241,0.9477440714836121,-1.297813057899475,0.597675085067749
Hs2_Tp8_Dirmodel,2.0,8.0,,Dean stream,case_13,linhigh,linhigh,low,pitch,ok,-0.09163486787002212,3.4343809250050166,3.4356031911511358,4.977651048695356,9.80700161503681,4.903500807518405,-4.977651048695356,4.8293505663414535
Hs2_Tp8_Dirmodel,2.0,8.0,,Dean stream,case_13,linhigh,linhigh,low,roll,ok,-0.0016250654878914837,0.004738086694250835,0.005009022196214824,0.012321020098704987,0.022296918258011902,0.011148459129005951,-0.012321020098704987,0.009975898159306915
Hs2_Tp8_Dirmodel,2.0,8.0,,Dean stream,case_14,linhigh,linhigh,linhigh,heave,ok,-0.3604641629943389,0.6719659446590198,0.7625435355340036,1.2982838153839111,1.8961002826690674,0.9480501413345337,-1.2982838153839111,0.5978164672851562
Hs2_Tp8_Dirmodel,2.0,8.0,,Dean stream,case_14,linhigh,linhigh,linhigh,pitch,ok,-0.09167327685871188,3.4344328869714236,3.4356561592803323,4.977475171324228,9.806916664559008,4.903458332279504,-4.977475171324228,4.829441493234779
Hs2_Tp8_Dirmodel,2.0,8.0,,Dean stream,case_14,linhigh,linhigh,linhigh,roll,ok,-0.0010340169138744737,0.005577454063627271,0.0056724937029538295,0.01211304367327341,0.023085111416060795,0.011542555708030398,-0.01211304367327341,0.010972067742787386
Hs2_Tp8_Dirmodel,2.0,8.0,,Dean stream,case_15,linhigh,linhigh,quadhigh,heave,ok,-0.3604759600794829,0.6719694932440646,0.7625522392898141,1.2982959747314453,1.8960853815078735,0.9480426907539368,-1.2982959747314453,0.5977894067764282
Hs2_Tp8_Dirmodel,2.0,8.0,,Dean stream,case_15,linhigh,linhigh,quadhigh,pitch,ok,-0.09174550408629388,3.4346615922602597,3.4358867110060296,4.977511029817371,9.8069072730489,4.90345363652445,-4.977511029817371,4.829396243231528
Hs2_Tp8_Dirmodel,2.0,8.0,,Dean stream,case_15,linhigh,linhigh,quadhigh,roll,ok,-0.0013575453432267625,0.005233400478090217,0.005406607986805737,0.012515875590668732,0.022411215537377183,0.011205607768688591,-0.012515875590668732,0.009895339946708449
Hs2_Tp8_Dirmodel,2.0,8.0,,Dean stream,case_16,linhigh,quadhigh,low,heave,ok,-0.360617952423633,0.6726042490953323,0.7631787362808987,1.3001662492752075,1.8996718525886536,0.9498359262943268,-1.3001662492752075,0.599505603313446
Hs2_Tp8_Dirmodel,2.0,8.0,,Dean stream,case_16,linhigh,quadhigh,low,pitch,ok,-0.09844541868065285,3.6615186093673686,3.6628417966386095,5.308253548865129,10.458167517956907,5.229083758978454,-5.308253548865129,5.149913969091778
Hs2_Tp8_Dirmodel,2.0,8.0,,Dean stream,case_16,linhigh,quadhigh,low,roll,ok,-0.002111947085195655,0.001774664056468711,0.0027585780764713555,0.006736014351648897,0.010600145099429015,0.005300072549714508,-0.006736014351648897,0.0038641307477801186
Hs2_Tp8_Dirmodel,2.0,8.0,,Dean stream,case_17,linhigh,quadhigh,linhigh,heave,ok,-0.3606143623855565,0.6726519283569005,0.763219061004767,1.2994519472122192,1.8990100622177124,0.9495050311088562,-1.2994519472122192,0.5995581150054932
Hs2_Tp8_Dirmodel,2.0,8.0,,Dean stream,case_17,linhigh,quadhigh,linhigh,pitch,ok,-0.09830696277893843,3.6606307604782677,3.6619505490230915,5.309802721146252,10.460356593585896,5.230178296792948,-5.309802721146252,5.150553872439644
Hs2_Tp8_Dirmodel,2.0,8.0,,Dean stream,case_17,linhigh,quadhigh,linhigh,roll,ok,-0.0016273312497168055,0.002484207927800766,0.0029697636311418855,0.008408636549053442,0.01408341192593826,0.00704170596296913,-0.008408636549053442,0.0056747753768848185
Hs2_Tp8_Dirmodel,2.0,8.0,,Dean stream,case_18,linhigh,quadhigh,quadhigh,heave,ok,-0.3606201411386517,0.672565787867964,0.7631458741324074,1.300058364868164,1.899460256099701,0.9497301280498505,-1.300058364868164,0.5994018912315369
Hs2_Tp8_Dirmodel,2.0,8.0,,Dean stream,case_18,linhigh,quadhigh,quadhigh,pitch,ok,-0.09837271876963721,3.6621568759934826,3.6634778798546708,5.308819600792594,10.459042209057491,5.229521104528746,-5.308819600792594,5.150222608264897
Hs2_Tp8_Dirmodel,2.0,8.0,,Dean stream,case_18,linhigh,quadhigh,quadhigh,roll,ok,-0.0019745646602088367,0.002151225691766053,0.002920047529452213,0.008193222954750218,0.01226556066352167,0.006132780331760835,-0.008193222954750218,0.004072337708771451
Hs2_Tp8_Dirmodel,2.0,8.0,,Dean stream,case_19,quadhigh,low,low,heave,ok,-0.36031238554910605,0.6776375624751032,0.7674748733719475,1.3072718381881714,1.9142316579818726,0.9571158289909363,-1.3072718381881714,0.6069598197937012
Hs2_Tp8_Dirmodel,2.0,8.0,,Dean stream,case_19,quadhigh,low,low,pitch,ok,-0.10548349651235832,3.819235579365333,3.8206919764260663,5.554759344879121,10.926035049215958,5.463017524607979,-5.554759344879121,5.371275704336837
Hs2_Tp8_Dirmodel,2.0,8.0,,Dean stream,case_19,quadhigh,low,low,roll,ok,-0.002033504064597717,0.004968833882320038,0.00536884055740409,0.0153453756696024,0.025618690547655684,0.012809345273827842,-0.0153453756696024,0.010273314878053285
Hs2_Tp8_Dirmodel,2.0,8.0,,Dean stream,case_20,quadhigh,low,linhigh,heave,ok,-0.3602940896084153,0.677713081901826,0.7675329650168962,1.3074969053268433,1.9147329330444336,0.9573664665222168,-1.3074969053268433,0.6072360277175903
Hs2_Tp8_Dirmodel,2.0,8.0,,Dean stream,case_20,quadhigh,low,linhigh,pitch,ok,-0.10536719982065469,3.818603343764032,3.820056772327329,5.553935880197311,10.924859829791892,5.462429914895946,-5.553935880197311,5.370923949594581
Hs2_Tp8_Dirmodel,2.0,8.0,,Dean stream,case_20,quadhigh,low,linhigh,roll,ok,-0.002008004105899072,0.004378749187460358,0.004817211323576358,0.013495685903921565,0.02110354780633047,0.010551773903165236,-0.013495685903921565,0.007607861902408908
Hs2_Tp8_Dirmodel,2.0,8.0,,Dean stream,case_21,quadhigh,low,quadhigh,heave,ok,-0.3603149527200171,0.6777252082418224,0.7675534659162511,1.3076887130737305,1.9148390293121338,0.9574195146560669,-1.3076887130737305,0.6071503162384033
Hs2_Tp8_Dirmodel,2.0,8.0,,Dean stream,case_21,quadhigh,low,quadhigh,pitch,ok,-0.10549629918868406,3.818592949993552,3.8200499456005765,5.553704507539177,10.924461117499092,5.462230558749546,-5.553704507539177,5.3707566099599156
Hs2_Tp8_Dirmodel,2.0,8.0,,Dean stream,case_21,quadhigh,low,quadhigh,roll,ok,-0.002176727617890773,0.003312606894326191,0.003963774408165259,0.012447428624149808,0.020025263374121114,0.010012631687060557,-0.012447428624149808,0.007577834749971305
Hs2_Tp8_Dirmodel,2.0,8.0,,Dean stream,case_22,quadhigh,linhigh,low,heave,ok,-0.36005148269118653,0.6773056010184784,0.7670592854265725,1.3063422441482544,1.912836492061615,0.9564182460308075,-1.3063422441482544,0.6064942479133606
Hs2_Tp8_Dirmodel,2.0,8.0,,Dean stream,case_22,quadhigh,linhigh,low,pitch,ok,-0.09260304383316362,3.427579570070258,3.4288302718113908,4.968564762665123,9.789154757622388,4.894577378811194,-4.968564762665123,4.820589994957266
Hs2_Tp8_Dirmodel,2.0,8.0,,Dean stream,case_22,quadhigh,linhigh,low,roll,ok,-0.002093292125152291,0.0016286147819551207,0.0026522175682298994,0.005860367341410401,0.009499131445178187,0.0047495657225890935,-0.005860367341410401,0.0036387641037677857
Hs2_Tp8_Dirmodel,2.0,8.0,,Dean stream,case_23,quadhigh,linhigh,linhigh,heave,ok,-0.3601323877529273,0.6771477678365568,0.7669579103149379,1.3061542510986328,1.9119154810905457,0.9559577405452728,-1.3061542510986328,0.6057612299919128
Hs2_Tp8_Dirmodel,2.0,8.0,,Dean stream,case_23,quadhigh,linhigh,linhigh,pitch,ok,-0.09309581721265975,3.42832376289139,3.4295875341487165,4.972987310152706,9.790246734115945,4.895123367057972,-4.972987310152706,4.817259423963239
Hs2_Tp8_Dirmodel,2.0,8.0,,Dean stream,case_23,quadhigh,linhigh,linhigh,roll,ok,-0.0018964321863153889,0.004121617934896588,0.0045369802113910725,0.013781022225831472,0.023814210764586518,0.011907105382293259,-0.013781022225831472,0.010033188538755046
Hs2_Tp8_Dirmodel,2.0,8.0,,Dean stream,case_24,quadhigh,linhigh,quadhigh,heave,ok,-0.3600627647700618,0.6773334292304339,0.7670891531803328,1.3062776327133179,1.9126830101013184,0.9563415050506592,-1.3062776327133179,0.6064053773880005
Hs2_Tp8_Dirmodel,2.0,8.0,,Dean stream,case_24,quadhigh,linhigh,quadhigh,pitch,ok,-0.09283200203761287,3.4273772247783687,3.4286341918512955,4.970808052920649,9.789570545388113,4.894785272694056,-4.970808052920649,4.818762492467465
Hs2_Tp8_Dirmodel,2.0,8.0,,Dean stream,case_24,quadhigh,linhigh,quadhigh,roll,ok,-0.001893813714854007,0.0024841685819329937,0.00312371956648354,0.00822342019490641,0.014112860029745666,0.007056430014872833,-0.00822342019490641,0.005889439834839255
Hs2_Tp8_Dirmodel,2.0,8.0,,Dean stream,case_25,quadhigh,quadhigh,low,heave,ok,-0.360305411584173,0.677347488434405,0.7672154910487904,1.3073230981826782,1.9132280945777893,0.9566140472888947,-1.3073230981826782,0.6059049963951111
Hs2_Tp8_Dirmodel,2.0,8.0,,Dean stream,case_25,quadhigh,quadhigh,low,pitch,ok,-0.10024531001432008,3.6552656403027193,3.6566399909421654,5.300449630851566,10.435073367712624,5.217536683856312,-5.300449630851566,5.134623736861058
Hs2_Tp8_Dirmodel,2.0,8.0,,Dean stream,case_25,quadhigh,quadhigh,low,roll,ok,-0.002054679500517523,0.001836266509726597,0.002755645576737044,0.007016715366345585,0.009782296855826933,0.0048911484279134665,-0.007016715366345585,0.0027655814894813487
Hs2_Tp8_Dirmodel,2.0,8.0,,Dean stream,case_26,quadhigh,quadhigh,linhigh,heave,ok,-0.36028653521383747,0.6774913976436152,0.7673336831766809,1.3072106838226318,1.9134600162506104,0.9567300081253052,-1.3072106838226318,0.6062493324279785
Hs2_Tp8_Dirmodel,2.0,8.0,,Dean stream,case_26,quadhigh,quadhigh,linhigh,pitch,ok,-0.10017573779311312,3.653967558358744,3.655340489746551,5.299218916140495,10.43282196660746,5.21641098330373,-5.299218916140495,5.133603050466965
Hs2_Tp8_Dirmodel,2.0,8.0,,Dean stream,case_26,quadhigh,quadhigh,linhigh,roll,ok,-0.0021718722808908293,0.0025604155731762273,0.0033574926823249046,0.008406911492731085,0.013713152640416093,0.006856576320208046,-0.008406911492731085,0.005306241147685008
Hs2_Tp8_Dirmodel,2.0,8.0,,Dean stream,case_27,quadhigh,quadhigh,quadhigh,heave,ok,-0.3602927023011228,0.6774369455333394,0.7672885027843087,1.3073667287826538,1.9135783314704895,0.9567891657352448,-1.3073667287826538,0.6062116026878357
Hs2_Tp8_Dirmodel,2.0,8.0,,Dean stream,case_27,quadhigh,quadhigh,quadhigh,pitch,ok,-0.10010623537174064,3.6553524549249903,3.656722962993841,5.299745694480232,10.433367101080592,5.216683550540296,-5.299745694480232,5.1336214066003585
Hs2_Tp8_Dirmodel,2.0,8.0,,Dean stream,case_27,quadhigh,quadhigh,quadhigh,roll,ok,-0.002125948067334188,0.0022266411505948514,0.0030785688230936686,0.007412983065072022,0.012042808701300981,0.006021404350650491,-0.007412983065072022,0.00462982563622896
Hs4_Tp8_Dirmodel,4.0,8.0,,Dean stream,case_01,low,low,low,heave,ok,-0.3896451067742188,1.1871687039001781,1.2494770269009037,2.463007688522339,3.585981011390686,1.792990505695343,-2.463007688522339,1.1229733228683472
Hs4_Tp8_Dirmodel,4.0,8.0,,Dean stream,case_01,low,low,low,pitch,ok,-0.703240547165918,9.828939556373292,9.854065154544992,14.31689356172619,27.975095632727395,13.987547816363698,-14.31689356172619,13.658202071001206
Hs4_Tp8_Dirmodel,4.0,8.0,,Dean stream,case_01,low,low,low,roll,ok,-0.0014997829811127753,0.012163228326541774,0.012255344642808856,0.029176260277406947,0.05753949792490429,0.028769748962452144,-0.02836323764749734,0.029176260277406947
Hs4_Tp8_Dirmodel,4.0,8.0,,Dean stream,case_02,low,low,linhigh,heave,ok,-0.3897025984561957,1.1872845895891797,1.2496050623774928,2.463296413421631,3.5874522924423218,1.7937261462211609,-2.463296413421631,1.124155879020691
Hs4_Tp8_Dirmodel,4.0,8.0,,Dean stream,case_02,low,low,linhigh,pitch,ok,-0.7036676974249462,9.826756842599345,9.851918507172721,14.312503457637163,27.955377730367214,13.977688865183607,-14.312503457637163,13.642874272730051
Hs4_Tp8_Dirmodel,4.0,8.0,,Dean stream,case_02,low,low,linhigh,roll,ok,-0.001757257657835776,0.011144436092714571,0.011282127915452017,0.03003713758719962,0.05600091277049962,0.02800045638524981,-0.0259637751833,0.03003713758719962
Hs4_Tp8_Dirmodel,4.0,8.0,,Dean stream,case_03,low,low,quadhigh,heave,ok,-0.3898062101177541,1.1874032754882993,1.249750143063288,2.4629857540130615,3.585890054702759,1.7929450273513794,-2.4629857540130615,1.1229043006896973
Hs4_Tp8_Dirmodel,4.0,8.0,,Dean stream,case_03,low,low,quadhigh,pitch,ok,-0.702907887259914,9.821841771433242,9.846961728423802,14.304186848549026,27.941263144447383,13.970631572223692,-14.304186848549026,13.637076295898357
Hs4_Tp8_Dirmodel,4.0,8.0,,Dean stream,case_03,low,low,quadhigh,roll,ok,-0.0017159120240553848,0.018931139774309592,0.01900874554589925,0.04206448039567722,0.07498578875688704,0.03749289437844352,-0.04206448039567722,0.032921308361209815
Hs4_Tp8_Dirmodel,4.0,8.0,,Dean stream,case_04,low,linhigh,low,heave,ok,-0.3900772295280368,1.1900602293765443,1.252359211464515,2.4498074054718018,3.5667113065719604,1.7833556532859802,-2.4498074054718018,1.1169039011001587
Hs4_Tp8_Dirmodel,4.0,8.0,,Dean stream,case_04,low,linhigh,low,pitch,ok,-0.6283327623018043,9.020103591469008,9.041961671065296,13.180261291376857,25.712253106928525,12.856126553464263,-13.180261291376857,12.531991815551669
Hs4_Tp8_Dirmodel,4.0,8.0,,Dean stream,case_04,low,linhigh,low,roll,ok,-0.0032769720603413204,0.01608578333859026,0.016416180173850603,0.04343047153893349,0.08096157062052012,0.04048078531026006,-0.04343047153893349,0.037531099081586625
Hs4_Tp8_Dirmodel,4.0,8.0,,Dean stream,case_05,low,linhigh,linhigh,heave,ok,-0.390013533252403,1.1899418571822538,1.2522268882252827,2.4497756958007812,3.5667645931243896,1.7833822965621948,-2.4497756958007812,1.1169888973236084
Hs4_Tp8_Dirmodel,4.0,8.0,,Dean stream,case_05,low,linhigh,linhigh,pitch,ok,-0.6282465150016919,9.022025137872415,9.043872581588793,13.178970385623725,25.712154922959208,12.856077461479604,-13.178970385623725,12.533184537335481
Hs4_Tp8_Dirmodel,4.0,8.0,,Dean stream,case_05,low,linhigh,linhigh,roll,ok,-0.0024448417503616705,0.013485904931985418,0.013705724461656892,0.03317537272203577,0.06417511007990431,0.032087555039952156,-0.03099973735786854,0.03317537272203577
Hs4_Tp8_Dirmodel,4.0,8.0,,Dean stream,case_06,low,linhigh,quadhigh,heave,ok,-0.39005815327913385,1.1899530746467721,1.2522514455175664,2.4497971534729004,3.5667262077331543,1.7833631038665771,-2.4497971534729004,1.116929054260254
Hs4_Tp8_Dirmodel,4.0,8.0,,Dean stream,case_06,low,linhigh,quadhigh,pitch,ok,-0.6280139132626961,9.019626703837806,9.04146378369319,13.172177762494147,25.689856062866408,12.844928031433204,-13.172177762494147,12.51767830037226
Hs4_Tp8_Dirmodel,4.0,8.0,,Dean stream,case_06,low,linhigh,quadhigh,roll,ok,-0.002944938841429855,0.024298113965104187,0.024475927092573086,0.06439659764004049,0.11865470993706934,0.05932735496853467,-0.06439659764004049,0.05425811229702884
Hs4_Tp8_Dirmodel,4.0,8.0,,Dean stream,case_07,low,quadhigh,low,heave,ok,-0.390025889514928,1.1903811707658343,1.2526482052858052,2.4540131092071533,3.5689395666122437,1.7844697833061218,-2.4540131092071533,1.1149264574050903
Hs4_Tp8_Dirmodel,4.0,8.0,,Dean stream,case_07,low,quadhigh,low,pitch,ok,-0.6367594430979573,8.928126723516863,8.950804957072318,13.011480486796671,25.312516285753528,12.656258142876764,-13.011480486796671,12.301035798956857
Hs4_Tp8_Dirmodel,4.0,8.0,,Dean stream,case_07,low,quadhigh,low,roll,ok,-0.002066215990128476,0.015969950312659766,0.01610306062544274,0.03732258821386281,0.06625300170178897,0.03312650085089448,-0.03732258821386281,0.028930413487926156
Hs4_Tp8_Dirmodel,4.0,8.0,,Dean stream,case_08,low,quadhigh,linhigh,heave,ok,-0.39008513237169473,1.1904916449638616,1.2527716341082293,2.4543497562408447,3.5692297220230103,1.7846148610115051,-2.4543497562408447,1.1148799657821655
Hs4_Tp8_Dirmodel,4.0,8.0,,Dean stream,case_08,low,quadhigh,linhigh,pitch,ok,-0.6367763718555353,8.928062422786615,8.950742023593794,13.005874609035384,25.29997947353197,12.649989736765985,-13.005874609035384,12.294104864496587
Hs4_Tp8_Dirmodel,4.0,8.0,,Dean stream,case_08,low,quadhigh,linhigh,roll,ok,-0.0016024903662973007,0.021389054724642077,0.02144900084824021,0.048014915854187205,0.09057677275965886,0.04528838637982943,-0.048014915854187205,0.042561856905471665
Hs4_Tp8_Dirmodel,4.0,8.0,,Dean stream,case_09,low,quadhigh,quadhigh,heave,ok,-0.3900868730679429,1.190501820214263,1.2527818455235529,2.4540257453918457,3.5687103271484375,1.7843551635742188,-2.4540257453918457,1.1146845817565918
Hs4_Tp8_Dirmodel,4.0,8.0,,Dean stream,case_09,low,quadhigh,quadhigh,pitch,ok,-0.6367354169497752,8.92848817027913,8.951163778973802,13.006195627926374,25.302288077471434,12.651144038735717,-13.006195627926374,12.29609244954506
Hs4_Tp8_Dirmodel,4.0,8.0,,Dean stream,case_09,low,quadhigh,quadhigh,roll,ok,-0.0020523560001321694,0.017455641660152278,0.01757588094289792,0.036458262458952076,0.07015710181279255,0.03507855090639628,-0.036458262458952076,0.03369883935384048
Hs4_Tp8_Dirmodel,4.0,8.0,,Dean stream,case_10,linhigh,low,low,heave,ok,-0.38880039442832887,1.1623988984056381,1.2256985541813554,2.3947699069976807,3.516174554824829,1.7580872774124146,-2.3947699069976807,1.1214046478271484
Hs4_Tp8_Dirmodel,4.0,8.0,,Dean stream,case_10,linhigh,low,low,pitch,ok,-0.697112520281262,9.812765710361969,9.83749646771924,14.257213930079557,27.92306325163024,13.96153162581512,-14.257213930079557,13.665849321550683
Hs4_Tp8_Dirmodel,4.0,8.0,,Dean stream,case_10,linhigh,low,low,roll,ok,-0.0030542761581834883,0.026491497142168145,0.026666983775521957,0.06426152131105424,0.12376192719304019,0.061880963596520094,-0.06426152131105424,0.05950040588198594
Hs4_Tp8_Dirmodel,4.0,8.0,,Dean stream,case_11,linhigh,low,linhigh,heave,ok,-0.3888132999413943,1.162452617542683,1.2257535927922674,2.394763469696045,3.515921711921692,1.757960855960846,-2.394763469696045,1.121158242225647
Hs4_Tp8_Dirmodel,4.0,8.0,,Dean stream,case_11,linhigh,low,linhigh,pitch,ok,-0.6970009530011714,9.808679464586028,9.83341259011724,14.25393800059889,27.907883156199887,13.953941578099943,-14.25393800059889,13.653945155600995
Hs4_Tp8_Dirmodel,4.0,8.0,,Dean stream,case_11,linhigh,low,linhigh,roll,ok,-0.0027733072682200417,0.01248769951185633,0.012791945602697774,0.03481355424083433,0.06287918507154687,0.031439592535773435,-0.03481355424083433,0.028065630830712545
Hs4_Tp8_Dirmodel,4.0,8.0,,Dean stream,case_12,linhigh,low,quadhigh,heave,ok,-0.388790496747671,1.1624415158870742,1.2257358313352595,2.394767999649048,3.516108512878418,1.758054256439209,-2.394767999649048,1.1213405132293701
Hs4_Tp8_Dirmodel,4.0,8.0,,Dean stream,case_12,linhigh,low,quadhigh,pitch,ok,-0.6969862941657458,9.810369710742126,9.835097546832031,14.251324599467713,27.90678008064893,13.953390040324464,-14.251324599467713,13.655455481181216
Hs4_Tp8_Dirmodel,4.0,8.0,,Dean stream,case_12,linhigh,low,quadhigh,roll,ok,-0.0022302997082857445,0.015176231232522814,0.015339238286557137,0.034408622073619756,0.06753679045116708,0.03376839522558354,-0.034408622073619756,0.03312816837754732
Hs4_Tp8_Dirmodel,4.0,8.0,,Dean stream,case_13,linhigh,linhigh,low,heave,ok,-0.38963945794040705,1.1657368891134172,1.2291303437080712,2.3891541957855225,3.504188060760498,1.752094030380249,-2.3891541957855225,1.1150338649749756
Hs4_Tp8_Dirmodel,4.0,8.0,,Dean stream,case_13,linhigh,linhigh,low,pitch,ok,-0.6231161170109124,9.005282617430773,9.026814981768464,13.125249240254282,25.66029841923318,12.83014920961659,-13.125249240254282,12.535049178978895
Hs4_Tp8_Dirmodel,4.0,8.0,,Dean stream,case_13,linhigh,linhigh,low,roll,ok,-0.00041304746056657613,0.018462495866280404,0.01846711568754313,0.04855338355576081,0.08744622492269227,0.043723112461346136,-0.03889284136693147,0.04855338355576081
Hs4_Tp8_Dirmodel,4.0,8.0,,Dean stream,case_14,linhigh,linhigh,linhigh,heave,ok,-0.3896970497982566,1.1658009304042252,1.2292093393530745,2.3890068531036377,3.504174828529358,1.752087414264679,-2.3890068531036377,1.1151679754257202
Hs4_Tp8_Dirmodel,4.0,8.0,,Dean stream,case_14,linhigh,linhigh,linhigh,pitch,ok,-0.6232428926649376,9.004943309603835,9.026485235817773,13.1216463154671,25.654759135816295,12.827379567908148,-13.1216463154671,12.533112820349196
Hs4_Tp8_Dirmodel,4.0,8.0,,Dean stream,case_14,linhigh,linhigh,linhigh,roll,ok,-0.0005057268944155149,0.01335607283517946,0.01336564406492833,0.034780093651018536,0.06312576557275491,0.03156288278637746,-0.028345671921736374,0.034780093651018536
Hs4_Tp8_Dirmodel,4.0,8.0,,Dean stream,case_15,linhigh,linhigh,quadhigh,heave,ok,-0.3896824737801878,1.165777668757624,1.2291826566240702,2.389155626296997,3.5040329694747925,1.7520164847373962,-2.389155626296997,1.1148773431777954
Hs4_Tp8_Dirmodel,4.0,8.0,,Dean stream,case_15,linhigh,linhigh,quadhigh,pitch,ok,-0.6230642425227887,9.00503874392796,9.026568109195994,13.121397867336041,25.650872758178558,12.825436379089279,-13.121397867336041,12.529474890842518
Hs4_Tp8_Dirmodel,4.0,8.0,,Dean stream,case_15,linhigh,linhigh,quadhigh,roll,ok,-0.0008363050945784307,0.018037205800353864,0.01805658326748272,0.041675920005140185,0.07921040083077877,0.03960520041538938,-0.041675920005140185,0.03753448082563857
Hs4_Tp8_Dirmodel,4.0,8.0,,Dean stream,case_16,linhigh,quadhigh,low,heave,ok,-0.38971854104280684,1.1662983569004615,1.2296879272975116,2.3885347843170166,3.5015196800231934,1.7507598400115967,-2.3885347843170166,1.1129848957061768
Hs4_Tp8_Dirmodel,4.0,8.0,,Dean stream,case_16,linhigh,quadhigh,low,pitch,ok,-0.6321093471508605,8.909862297104018,8.932256623055073,12.957955709365867,25.258352031861683,12.629176015930842,-12.957955709365867,12.300396322495814
Hs4_Tp8_Dirmodel,4.0,8.0,,Dean stream,case_16,linhigh,quadhigh,low,roll,ok,-0.0007969554927103492,0.021949527367235724,0.02196399075082648,0.06026417977973072,0.11121400590892058,0.05560700295446029,-0.06026417977973072,0.050949826129189864
Hs4_Tp8_Dirmodel,4.0,8.0,,Dean stream,case_17,linhigh,quadhigh,linhigh,heave,ok,-0.3896036955691684,1.1661844429481925,1.2295434903148157,2.3893589973449707,3.5025675296783447,1.7512837648391724,-2.3893589973449707,1.113208532333374
Hs4_Tp8_Dirmodel,4.0,8.0,,Dean stream,case_17,linhigh,quadhigh,linhigh,pitch,ok,-0.6320717752225575,8.911863115759076,8.934249768338697,12.965141922146367,25.27237355645407,12.636186778227035,-12.965141922146367,12.307231634307705
Hs4_Tp8_Dirmodel,4.0,8.0,,Dean stream,case_17,linhigh,quadhigh,linhigh,roll,ok,-0.0006687724081171802,0.018414123177429693,0.018426263563929946,0.041639778032466636,0.07793732093756515,0.03896866046878258,-0.041639778032466636,0.03629754290509852
Hs4_Tp8_Dirmodel,4.0,8.0,,Dean stream,case_18,linhigh,quadhigh,quadhigh,heave,ok,-0.38965793085760075,1.1662059472962965,1.2295810728006018,2.389378547668457,3.5027103424072266,1.7513551712036133,-2.389378547668457,1.1133317947387695
Hs4_Tp8_Dirmodel,4.0,8.0,,Dean stream,case_18,linhigh,quadhigh,quadhigh,pitch,ok,-0.6320901530202667,8.911418592026733,8.933807658768176,12.962698421970794,25.269455358131182,12.634727679065591,-12.962698421970794,12.306756936160388
Hs4_Tp8_Dirmodel,4.0,8.0,,Dean stream,case_18,linhigh,quadhigh,quadhigh,roll,ok,-0.00020537655515332357,0.02256909707995913,0.02257003151380224,0.06130603042210228,0.1163378484056202,0.0581689242028101,-0.05503181798351791,0.06130603042210228
Hs4_Tp8_Dirmodel,4.0,8.0,,Dean stream,case_19,quadhigh,low,low,heave,ok,-0.38397362902057075,1.1609155333930186,1.2227676081154684,2.365316867828369,3.5001940727233887,1.7500970363616943,-2.365316867828369,1.1348772048950195
Hs4_Tp8_Dirmodel,4.0,8.0,,Dean stream,case_19,quadhigh,low,low,pitch,ok,-0.6990030259334025,9.823953719642105,9.848790378312152,14.26660202509374,27.93724870076271,13.968624350381354,-14.26660202509374,13.67064667566897
Hs4_Tp8_Dirmodel,4.0,8.0,,Dean stream,case_19,quadhigh,low,low,roll,ok,-0.0025776219351622757,0.015085926772310684,0.015304552310347073,0.0325767539990411,0.05949733763294472,0.02974866881647236,-0.0325767539990411,0.026920583633903625
Hs4_Tp8_Dirmodel,4.0,8.0,,Dean stream,case_20,quadhigh,low,linhigh,heave,ok,-0.38404001232228485,1.1609416374880122,1.2228132386909487,2.365337371826172,3.5001120567321777,1.7500560283660889,-2.365337371826172,1.1347746849060059
Hs4_Tp8_Dirmodel,4.0,8.0,,Dean stream,case_20,quadhigh,low,linhigh,pitch,ok,-0.6984759868682745,9.820834193167899,9.845641317554046,14.266625076982187,27.94445284278978,13.97222642139489,-14.266625076982187,13.677827765807592
Hs4_Tp8_Dirmodel,4.0,8.0,,Dean stream,case_20,quadhigh,low,linhigh,roll,ok,-0.0019528750971667857,0.02156911271684685,0.02165733927649421,0.05357776809277872,0.09989148659595673,0.049945743297978365,-0.05357776809277872,0.04631371850317802
Hs4_Tp8_Dirmodel,4.0,8.0,,Dean stream,case_21,quadhigh,low,quadhigh,heave,ok,-0.38399107619153844,1.1609783393904662,1.222832715921757,2.3653318881988525,3.5005738735198975,1.7502869367599487,-2.3653318881988525,1.135241985321045
Hs4_Tp8_Dirmodel,4.0,8.0,,Dean stream,case_21,quadhigh,low,quadhigh,pitch,ok,-0.6988619742297956,9.824155107737116,9.848981248834908,14.26849654881477,27.943465026681068,13.971732513340534,-14.26849654881477,13.674968477866296
Hs4_Tp8_Dirmodel,4.0,8.0,,Dean stream,case_21,quadhigh,low,quadhigh,roll,ok,-0.0019493045903760937,0.02350864227705399,0.023589320678996918,0.05499102361148295,0.10735316477434484,0.05367658238717242,-0.05499102361148295,0.0523621411628619
Hs4_Tp8_Dirmodel,4.0,8.0,,Dean stream,case_22,quadhigh,linhigh,low,heave,ok,-0.38509291543517166,1.1646708256320069,1.226684427877317,2.358598232269287,3.4870208501815796,1.7435104250907898,-2.358598232269287,1.1284226179122925
Hs4_Tp8_Dirmodel,4.0,8.0,,Dean stream,case_22,quadhigh,linhigh,low,pitch,ok,-0.6254276662703314,9.009607985016373,9.031289819810189,13.12594677332327,25.659419886151184,12.829709943075592,-13.12594677332327,12.533473112827915
Hs4_Tp8_Dirmodel,4.0,8.0,,Dean stream,case_22,quadhigh,linhigh,low,roll,ok,-0.002317813419285346,0.024296701265428586,0.02440700619551891,0.052316904499823784,0.09603745230517786,0.04801872615258893,-0.052316904499823784,0.04372054780535408
Hs4_Tp8_Dirmodel,4.0,8.0,,Dean stream,case_23,quadhigh,linhigh,linhigh,heave,ok,-0.38512458744808825,1.1647051876558274,1.2267269957123532,2.3587090969085693,3.487290382385254,1.743645191192627,-2.3587090969085693,1.1285812854766846
Hs4_Tp8_Dirmodel,4.0,8.0,,Dean stream,case_23,quadhigh,linhigh,linhigh,pitch,ok,-0.6256305542517139,9.009042403384996,9.030739649464058,13.1152686263296,25.637474488347934,12.818737244173967,-13.1152686263296,12.522205862018332
Hs4_Tp8_Dirmodel,4.0,8.0,,Dean stream,case_23,quadhigh,linhigh,linhigh,roll,ok,-0.0014485841853739906,0.028192874248832912,0.028230064728098334,0.06022457935677919,0.11643166679016201,0.058215833395081004,-0.06022457935677919,0.05620708743338281
Hs4_Tp8_Dirmodel,4.0,8.0,,Dean stream,case_24,quadhigh,linhigh,quadhigh,heave,ok,-0.38496001860907025,1.1644598947391853,1.2264424415289492,2.358954906463623,3.4876866340637207,1.7438433170318604,-2.358954906463623,1.1287317276000977
Hs4_Tp8_Dirmodel,4.0,8.0,,Dean stream,case_24,quadhigh,linhigh,quadhigh,pitch,ok,-0.6257152987057911,9.015575112560397,9.03726254156937,13.124920537400476,25.655333725480226,12.827666862740113,-13.124920537400476,12.530413188079748
Hs4_Tp8_Dirmodel,4.0,8.0,,Dean stream,case_24,quadhigh,linhigh,quadhigh,roll,ok,-0.002362012940977492,0.018747256304974872,0.018895468348198337,0.05200992618325006,0.08357612901519332,0.04178806450759666,-0.05200992618325006,0.03156620283194325
Hs4_Tp8_Dirmodel,4.0,8.0,,Dean stream,case_25,quadhigh,quadhigh,low,heave,ok,-0.3850704254833958,1.1650831675311393,1.227068873310034,2.358731985092163,3.4853172302246094,1.7426586151123047,-2.358731985092163,1.1265852451324463
Hs4_Tp8_Dirmodel,4.0,8.0,,Dean stream,case_25,quadhigh,quadhigh,low,pitch,ok,-0.6336980555026671,8.918240837736585,8.94072664079494,12.966864837364502,25.27692758508318,12.63846379254159,-12.966864837364502,12.310062747718675
Hs4_Tp8_Dirmodel,4.0,8.0,,Dean stream,case_25,quadhigh,quadhigh,low,roll,ok,-0.002382563875188068,0.025210214888819835,0.025322550135399566,0.0696035496651174,0.13750610208242398,0.06875305104121199,-0.0696035496651174,0.06790255241730656
Hs4_Tp8_Dirmodel,4.0,8.0,,Dean stream,case_26,quadhigh,quadhigh,linhigh,heave,ok,-0.384994068281253,1.1649253091435374,1.2268950274962063,2.358825922012329,3.485379457473755,1.7426897287368774,-2.358825922012329,1.1265535354614258
Hs4_Tp8_Dirmodel,4.0,8.0,,Dean stream,case_26,quadhigh,quadhigh,linhigh,pitch,ok,-0.6338112775895758,8.917297316247213,8.939793518977352,12.967301969471382,25.27986285887899,12.639931429439494,-12.967301969471382,12.312560889407607
Hs4_Tp8_Dirmodel,4.0,8.0,,Dean stream,case_26,quadhigh,quadhigh,linhigh,roll,ok,-0.003371125490166707,0.02829906788941732,0.02849915315373954,0.07811680016626311,0.13953316749193018,0.06976658374596509,-0.07811680016626311,0.061416367325667076
Hs4_Tp8_Dirmodel,4.0,8.0,,Dean stream,case_27,quadhigh,quadhigh,quadhigh,heave,ok,-0.3850478438841302,1.1650302998795259,1.2270115898870702,2.3587396144866943,3.485485315322876,1.742742657661438,-2.3587396144866943,1.1267457008361816
Hs4_Tp8_Dirmodel,4.0,8.0,,Dean stream,case_27,quadhigh,quadhigh,quadhigh,pitch,ok,-0.6337786360301447,8.916900004550039,8.9393948928679,12.964779922120355,25.26996847609258,12.63498423804629,-12.964779922120355,12.305188553972224
Hs4_Tp8_Dirmodel,4.0,8.0,,Dean stream,case_27,quadhigh,quadhigh,quadhigh,roll,ok,-0.001910428292552828,0.016712093994496243,0.01682093403892494,0.04058291631516625,0.07539288537369698,0.03769644268684849,-0.04058291631516625,0.03480996905853073
Hs5_Tp8_Dirmodel,5.0,8.0,,Dean stream,case_01,low,low,low,heave,ok,-0.42089692680932556,1.475869467290662,1.5347132981369378,3.0800833702087402,4.389350533485413,2.1946752667427063,-3.0800833702087402,1.3092671632766724
Hs5_Tp8_Dirmodel,5.0,8.0,,Dean stream,case_01,low,low,low,pitch,ok,-1.040252216924029,12.416177747649959,12.459678749311854,18.09384046990244,35.4560344910077,17.72801724550385,-18.09384046990244,17.362194021105257
Hs5_Tp8_Dirmodel,5.0,8.0,,Dean stream,case_01,low,low,low,roll,ok,-0.0014509551725814494,0.010755158032525417,0.01085258933238685,0.028907104800372826,0.05737531992077275,0.028687659960386375,-0.028468215120399924,0.028907104800372826
Hs5_Tp8_Dirmodel,5.0,8.0,,Dean stream,case_02,low,low,linhigh,heave,ok,-0.4208457810698442,1.4757791844568537,1.5346124503340979,3.08008074760437,4.389231443405151,2.1946157217025757,-3.08008074760437,1.3091506958007812
Hs5_Tp8_Dirmodel,5.0,8.0,,Dean stream,case_02,low,low,linhigh,pitch,ok,-1.0404142380854844,12.418193967205923,12.461701456621427,18.103484697010497,35.45963570824759,17.729817854123795,-18.103484697010497,17.35615101123709
Hs5_Tp8_Dirmodel,5.0,8.0,,Dean stream,case_02,low,low,linhigh,roll,ok,-0.0028831824105941413,0.00807122828933877,0.008570733160668455,0.02427985174088753,0.042118811749079894,0.021059405874539947,-0.02427985174088753,0.017838960008192364
Hs5_Tp8_Dirmodel,5.0,8.0,,Dean stream,case_03,low,low,quadhigh,heave,ok,-0.42085089764328726,1.475787102546844,1.5346214680144319,3.080082416534424,4.389379262924194,2.194689631462097,-3.080082416534424,1.3092968463897705
Hs5_Tp8_Dirmodel,5.0,8.0,,Dean stream,case_03,low,low,quadhigh,pitch,ok,-1.0402848349361513,12.416540697148223,12.460043154890604,18.092498337730532,35.443707707103115,17.721853853551558,-18.092498337730532,17.351209369372583
Hs5_Tp8_Dirmodel,5.0,8.0,,Dean stream,case_03,low,low,quadhigh,roll,ok,-0.0017884724106976215,0.007077017031841723,0.007299507081495599,0.018812166915899972,0.034648839293120584,0.017324419646560292,-0.018812166915899972,0.01583667237722061
Hs5_Tp8_Dirmodel,5.0,8.0,,Dean stream,case_04,low,linhigh,low,heave,ok,-0.41977026463735073,1.4765166026424346,1.5350271505587347,3.063930034637451,4.365292429924011,2.1826462149620056,-3.063930034637451,1.30136239528656
Hs5_Tp8_Dirmodel,5.0,8.0,,Dean stream,case_04,low,linhigh,low,pitch,ok,-0.9670305030559853,11.542578872875385,11.583016663649842,16.8209578784424,32.92499690348546,16.46249845174273,-16.8209578784424,16.104039025043058
Hs5_Tp8_Dirmodel,5.0,8.0,,Dean stream,case_04,low,linhigh,low,roll,ok,-0.0005751331153125286,0.01376187685493986,0.013773889525869533,0.0439041224795114,0.07615049942798618,0.03807524971399309,-0.03224637694847479,0.0439041224795114
Hs5_Tp8_Dirmodel,5.0,8.0,,Dean stream,case_05,low,linhigh,linhigh,heave,ok,-0.419798732352107,1.4765908199683642,1.535106323776722,3.0640344619750977,4.365286827087402,2.182643413543701,-3.0640344619750977,1.3012523651123047
Hs5_Tp8_Dirmodel,5.0,8.0,,Dean stream,case_05,low,linhigh,linhigh,pitch,ok,-0.967399250336176,11.542268866884067,11.582738532186255,16.811363170205823,32.89737220338734,16.44868610169367,-16.811363170205823,16.08600903318152
Hs5_Tp8_Dirmodel,5.0,8.0,,Dean stream,case_05,low,linhigh,linhigh,roll,ok,-0.002473785204946924,0.011494280915640491,0.011757470263958633,0.0373285212736936,0.06331088771164606,0.03165544385582303,-0.0373285212736936,0.02598236643795246
Hs5_Tp8_Dirmodel,5.0,8.0,,Dean stream,case_06,low,linhigh,quadhigh,heave,ok,-0.4197925571698147,1.4765477319409235,1.53506318949907,3.063938617706299,4.365338325500488,2.182669162750244,-3.063938617706299,1.3013997077941895
Hs5_Tp8_Dirmodel,5.0,8.0,,Dean stream,case_06,low,linhigh,quadhigh,pitch,ok,-0.9672359170165256,11.542549949402261,11.583004992384874,16.805265518824296,32.8912540614383,16.44562703071915,-16.805265518824296,16.085988542614007
Hs5_Tp8_Dirmodel,5.0,8.0,,Dean stream,case_06,low,linhigh,quadhigh,roll,ok,-0.0013414024243923555,0.00886387716598613,0.008964802221904062,0.025928723773057407,0.04442219299506753,0.022211096497533764,-0.025928723773057407,0.018493469222010117
Hs5_Tp8_Dirmodel,5.0,8.0,,Dean stream,case_07,low,quadhigh,low,heave,ok,-0.4193599180266966,1.4769184804945923,1.5353015791282874,3.0664775371551514,4.3649455308914185,2.1824727654457092,-3.0664775371551514,1.298467993736267
Hs5_Tp8_Dirmodel,5.0,8.0,,Dean stream,case_07,low,quadhigh,low,pitch,ok,-0.9675501924875023,11.128044647991954,11.170028248070144,16.205344390812687,31.56152551306354,15.78076275653177,-16.205344390812687,15.356181122250852
Hs5_Tp8_Dirmodel,5.0,8.0,,Dean stream,case_07,low,quadhigh,low,roll,ok,-0.0005528880370331369,0.02592942143708987,0.02593531532956,0.07875415553340315,0.14419490500259613,0.07209745250129806,-0.06544074946919297,0.07875415553340315
Hs5_Tp8_Dirmodel,5.0,8.0,,Dean stream,case_08,low,quadhigh,linhigh,heave,ok,-0.41930293570302857,1.476946188150679,1.535312669973774,3.0661678314208984,4.3651344776153564,2.1825672388076782,-3.0661678314208984,1.298966646194458
Hs5_Tp8_Dirmodel,5.0,8.0,,Dean stream,case_08,low,quadhigh,linhigh,pitch,ok,-0.9679028290275065,11.130467999424084,11.172473037454287,16.20405690015414,31.56015435258766,15.78007717629383,-16.20405690015414,15.35609745243352
Hs5_Tp8_Dirmodel,5.0,8.0,,Dean stream,case_08,low,quadhigh,linhigh,roll,ok,-0.0023773916352540126,0.03228704548576247,0.03237445439211402,0.08646099014523778,0.17134987618282227,0.08567493809141113,-0.08646099014523778,0.08488888603758447
Hs5_Tp8_Dirmodel,5.0,8.0,,Dean stream,case_09,low,quadhigh,quadhigh,heave,ok,-0.41930906170166415,1.4769085434271765,1.535278129484464,3.066190719604492,4.364725351333618,2.182362675666809,-3.066190719604492,1.298534631729126
Hs5_Tp8_Dirmodel,5.0,8.0,,Dean stream,case_09,low,quadhigh,quadhigh,pitch,ok,-0.9676120175167588,11.131212836736475,11.173189886203929,16.201669749039223,31.552688955824838,15.776344477912419,-16.201669749039223,15.351019206785615
Hs5_Tp8_Dirmodel,5.0,8.0,,Dean stream,case_09,low,quadhigh,quadhigh,roll,ok,-0.002144908878980164,0.02716825698363744,0.02725279474894442,0.07108973612951003,0.13957520917390148,0.06978760458695074,-0.07108973612951003,0.06848547304439144
Hs5_Tp8_Dirmodel,5.0,8.0,,Dean stream,case_10,linhigh,low,low,heave,ok,-0.41916246579136796,1.4418712043261095,1.5015624337979177,3.0031096935272217,4.309619188308716,2.154809594154358,-3.0031096935272217,1.3065094947814941
Hs5_Tp8_Dirmodel,5.0,8.0,,Dean stream,case_10,linhigh,low,low,pitch,ok,-1.0295797564231632,12.382777679929072,12.425506731935966,18.010035756333675,35.36690222988632,17.68345111494316,-18.010035756333675,17.356866473552646
Hs5_Tp8_Dirmodel,5.0,8.0,,Dean stream,case_10,linhigh,low,low,roll,ok,-0.0015610545801751758,0.01155341237094585,0.011658397351926657,0.03254651840577189,0.06307507609756202,0.03153753804878101,-0.03254651840577189,0.030528557691790137
Hs5_Tp8_Dirmodel,5.0,8.0,,Dean stream,case_11,linhigh,low,linhigh,heave,ok,-0.4192625849179868,1.4418287183887053,1.5015495890188004,3.0042097568511963,4.3114930391311646,2.1557465195655823,-3.0042097568511963,1.3072832822799683
Hs5_Tp8_Dirmodel,5.0,8.0,,Dean stream,case_11,linhigh,low,linhigh,pitch,ok,-1.028841501133375,12.38028079502929,12.422957272655552,17.998871812135288,35.34486633207656,17.67243316603828,-17.998871812135288,17.34599451994128
Hs5_Tp8_Dirmodel,5.0,8.0,,Dean stream,case_11,linhigh,low,linhigh,roll,ok,-0.0016406335697179378,0.01617301967459535,0.016256021773636182,0.05244829225985397,0.09702674250745207,0.04851337125372603,-0.04457845024759809,0.05244829225985397
Hs5_Tp8_Dirmodel,5.0,8.0,,Dean stream,case_12,linhigh,low,quadhigh,heave,ok,-0.4191367133031047,1.4419713240866006,1.5016513856173785,3.003105640411377,4.309525728225708,2.154762864112854,-3.003105640411377,1.306420087814331
Hs5_Tp8_Dirmodel,5.0,8.0,,Dean stream,case_12,linhigh,low,quadhigh,pitch,ok,-1.029652006412172,12.383716241901205,12.426448053013232,18.004081538924716,35.3541519742532,17.6770759871266,-18.004081538924716,17.350070435328487
Hs5_Tp8_Dirmodel,5.0,8.0,,Dean stream,case_12,linhigh,low,quadhigh,roll,ok,-0.003674463257206765,0.011549114067706475,0.012119559231979443,0.03152423118609139,0.05647009307212128,0.02823504653606064,-0.03152423118609139,0.024945861886029885
Hs5_Tp8_Dirmodel,5.0,8.0,,Dean stream,case_13,linhigh,linhigh,low,heave,ok,-0.41844943467957535,1.4437667668004783,1.5031840892921808,2.9924468994140625,4.291785001754761,2.1458925008773804,-2.9924468994140625,1.2993381023406982
Hs5_Tp8_Dirmodel,5.0,8.0,,Dean stream,case_13,linhigh,linhigh,low,pitch,ok,-0.9591933180522431,11.521615843437813,11.5614741043326,16.744702231453793,32.84045965212821,16.420229826064105,-16.744702231453793,16.095757420674417
Hs5_Tp8_Dirmodel,5.0,8.0,,Dean stream,case_13,linhigh,linhigh,low,roll,ok,-0.001774129150353955,0.006860812797856988,0.007086486187764277,0.02036858626785671,0.033385806247990306,0.016692903123995153,-0.02036858626785671,0.013017219980133598
Hs5_Tp8_Dirmodel,5.0,8.0,,Dean stream,case_14,linhigh,linhigh,linhigh,heave,ok,-0.41848595839237374,1.4437454696719692,1.5031738018505774,2.9924509525299072,4.291637420654297,2.1458187103271484,-2.9924509525299072,1.2991864681243896
Hs5_Tp8_Dirmodel,5.0,8.0,,Dean stream,case_14,linhigh,linhigh,linhigh,pitch,ok,-0.9588855330274942,11.51836252329766,11.558206464826515,16.738695080078767,32.828800519215,16.4144002596075,-16.738695080078767,16.090105439136234
Hs5_Tp8_Dirmodel,5.0,8.0,,Dean stream,case_14,linhigh,linhigh,linhigh,roll,ok,-0.0009507040066623833,0.024969430211393986,0.024987522550064038,0.07705153077957913,0.14100960893056363,0.07050480446528182,-0.06395807815098452,0.07705153077957913
Hs5_Tp8_Dirmodel,5.0,8.0,,Dean stream,case_15,linhigh,linhigh,quadhigh,heave,ok,-0.4184566138450437,1.4438011669839659,1.5032191282228022,2.992457151412964,4.292001008987427,2.1460005044937134,-2.992457151412964,1.299543857574463
Hs5_Tp8_Dirmodel,5.0,8.0,,Dean stream,case_15,linhigh,linhigh,quadhigh,pitch,ok,-0.959156959142887,11.518847058261175,11.558711849677902,16.738112806452023,32.82523516046825,16.412617580234127,-16.738112806452023,16.08712235401623
Hs5_Tp8_Dirmodel,5.0,8.0,,Dean stream,case_15,linhigh,linhigh,quadhigh,roll,ok,-0.0012331879565850997,0.009580466249106748,0.009659507548862937,0.021780250966134135,0.042848689832552495,0.021424344916276247,-0.021780250966134135,0.021068438866418356
Hs5_Tp8_Dirmodel,5.0,8.0,,Dean stream,case_16,linhigh,quadhigh,low,heave,ok,-0.41819637157162476,1.444473550603093,1.5037925533754908,2.988896608352661,4.285796761512756,2.142898380756378,-2.988896608352661,1.2969001531600952
Hs5_Tp8_Dirmodel,5.0,8.0,,Dean stream,case_16,linhigh,quadhigh,low,pitch,ok,-0.9569815395881042,11.118702317419284,11.159809805301226,16.156112387275236,31.539498152990248,15.769749076495124,-16.156112387275236,15.383385765715014
Hs5_Tp8_Dirmodel,5.0,8.0,,Dean stream,case_16,linhigh,quadhigh,low,roll,ok,-0.0034729465284876076,0.011588639774702342,0.01209784813169463,0.030972543333214104,0.05619807278429759,0.028099036392148793,-0.030972543333214104,0.02522552945108348
Hs5_Tp8_Dirmodel,5.0,8.0,,Dean stream,case_17,linhigh,quadhigh,linhigh,heave,ok,-0.41829330338640125,1.4445263595776536,1.5038702374781465,2.98891544342041,4.285776138305664,2.142888069152832,-2.98891544342041,1.296860694885254
Hs5_Tp8_Dirmodel,5.0,8.0,,Dean stream,case_17,linhigh,quadhigh,linhigh,pitch,ok,-0.9568100906858281,11.114213410638847,11.15532273342473,16.1492873207471,31.525620916144074,15.762810458072037,-16.1492873207471,15.376333595396975
Hs5_Tp8_Dirmodel,5.0,8.0,,Dean stream,case_17,linhigh,quadhigh,linhigh,roll,ok,-0.0024149393313724118,0.011244913254171556,0.01150130453766235,0.02781152311419361,0.04760804101842209,0.023804020509211044,-0.02781152311419361,0.019796517904228473
Hs5_Tp8_Dirmodel,5.0,8.0,,Dean stream,case_18,linhigh,quadhigh,quadhigh,heave,ok,-0.41825860119107927,1.444559063383239,1.5038919991385613,2.988905668258667,4.285797476768494,2.142898738384247,-2.988905668258667,1.2968918085098267
Hs5_Tp8_Dirmodel,5.0,8.0,,Dean stream,case_18,linhigh,quadhigh,quadhigh,pitch,ok,-0.956926121499671,11.116359711009231,11.157471076662382,16.152265283225226,31.534805813030452,15.767402906515226,-16.152265283225226,15.382540529805224
Hs5_Tp8_Dirmodel,5.0,8.0,,Dean stream,case_18,linhigh,quadhigh,quadhigh,roll,ok,-0.0032528152462246605,0.012766612897052653,0.013174490953705296,0.03096904152724315,0.055572615219825525,0.027786307609912762,-0.03096904152724315,0.024603573692582374
Hs5_Tp8_Dirmodel,5.0,8.0,,Dean stream,case_19,quadhigh,low,low,heave,ok,-0.41404910155277835,1.4304463263433171,1.4891653202535153,2.9555389881134033,4.283078551292419,2.1415392756462097,-2.9555389881134033,1.3275395631790161
Hs5_Tp8_Dirmodel,5.0,8.0,,Dean stream,case_19,quadhigh,low,low,pitch,ok,-1.0326311222191809,12.42326566420724,12.466108326099455,18.063224146947856,35.498490946888495,17.749245473444248,-18.063224146947856,17.43526679994064
Hs5_Tp8_Dirmodel,5.0,8.0,,Dean stream,case_19,quadhigh,low,low,roll,ok,-0.0009517226479508827,0.006535341060761817,0.006604275795202834,0.01795641891809142,0.03430422489999237,0.017152112449996183,-0.01795641891809142,0.016347805981900942
Hs5_Tp8_Dirmodel,5.0,8.0,,Dean stream,case_20,quadhigh,low,linhigh,heave,ok,-0.4140450174452783,1.4304518084985263,1.489169450703299,2.9555344581604004,4.283024072647095,2.1415120363235474,-2.9555344581604004,1.3274896144866943
Hs5_Tp8_Dirmodel,5.0,8.0,,Dean stream,case_20,quadhigh,low,linhigh,pitch,ok,-1.0328204659110152,12.422081461598257,12.464943880875987,18.061328769453176,35.502647116998446,17.751323558499223,-18.061328769453176,17.44131834754527
Hs5_Tp8_Dirmodel,5.0,8.0,,Dean stream,case_20,quadhigh,low,linhigh,roll,ok,-0.0022361447697373427,0.008873622746756233,0.009151039508327637,0.02392425001464378,0.04197460737919602,0.02098730368959801,-0.02392425001464378,0.018050357364552235
Hs5_Tp8_Dirmodel,5.0,8.0,,Dean stream,case_21,quadhigh,low,quadhigh,heave,ok,-0.41400895025360207,1.4304656522488128,1.4891727210614996,2.9555375576019287,4.283097147941589,2.1415485739707947,-2.9555375576019287,1.3275595903396606
Hs5_Tp8_Dirmodel,5.0,8.0,,Dean stream,case_21,quadhigh,low,quadhigh,pitch,ok,-1.0329557808066485,12.4239125275737,12.466779862414537,18.067315430260695,35.514553844269074,17.757276922134537,-18.067315430260695,17.44723841400838
Hs5_Tp8_Dirmodel,5.0,8.0,,Dean stream,case_21,quadhigh,low,quadhigh,roll,ok,-0.0016089645322906636,0.007794127136719244,0.007958466227201862,0.02201824203755342,0.0406059131752355,0.02030295658761775,-0.02201824203755342,0.01858767113768208
Hs5_Tp8_Dirmodel,5.0,8.0,,Dean stream,case_22,quadhigh,linhigh,low,heave,ok,-0.413765044174228,1.432875027145457,1.4914195771806116,2.943741798400879,4.265259265899658,2.132629632949829,-2.943741798400879,1.3215174674987793
Hs5_Tp8_Dirmodel,5.0,8.0,,Dean stream,case_22,quadhigh,linhigh,low,pitch,ok,-0.9618541880671669,11.558289439612174,11.598242032694122,16.786873526936745,32.9683088405598,16.4841544202799,-16.786873526936745,16.18143531362306
Hs5_Tp8_Dirmodel,5.0,8.0,,Dean stream,case_22,quadhigh,linhigh,low,roll,ok,-0.003068559721358901,0.017189439893589654,0.017461182738259105,0.043651845707257275,0.07872139863983485,0.039360699319917425,-0.043651845707257275,0.03506955293257758
Hs5_Tp8_Dirmodel,5.0,8.0,,Dean stream,case_23,quadhigh,linhigh,linhigh,heave,ok,-0.41373922779182953,1.4328835724472853,1.491420625042806,2.943462610244751,4.265326976776123,2.1326634883880615,-2.943462610244751,1.321864366531372
Hs5_Tp8_Dirmodel,5.0,8.0,,Dean stream,case_23,quadhigh,linhigh,linhigh,pitch,ok,-0.9618514251940928,11.557199250521789,11.597155370193558,16.784308790903403,32.95959181163157,16.479795905815784,-16.784308790903403,16.17528302072817
Hs5_Tp8_Dirmodel,5.0,8.0,,Dean stream,case_23,quadhigh,linhigh,linhigh,roll,ok,-0.002365912382296347,0.017643836563533973,0.017801755814565074,0.03947776969610637,0.07672059344005747,0.03836029672002873,-0.037242823743951096,0.03947776969610637
Hs5_Tp8_Dirmodel,5.0,8.0,,Dean stream,case_24,quadhigh,linhigh,quadhigh,heave,ok,-0.4137170035412393,1.432842480890932,1.4913749810375734,2.94374680519104,4.265352368354797,2.1326761841773987,-2.94374680519104,1.3216055631637573
Hs5_Tp8_Dirmodel,5.0,8.0,,Dean stream,case_24,quadhigh,linhigh,quadhigh,pitch,ok,-0.9618582112822833,11.560210618965817,11.600156928829074,16.787387498671787,32.965185736561814,16.482592868280907,-16.787387498671787,16.177798237890027
Hs5_Tp8_Dirmodel,5.0,8.0,,Dean stream,case_24,quadhigh,linhigh,quadhigh,roll,ok,-0.003017790877525412,0.016609065175335398,0.016880998423642327,0.054267203652340106,0.09514038299691206,0.04757019149845603,-0.054267203652340106,0.04087317934457196
Hs5_Tp8_Dirmodel,5.0,8.0,,Dean stream,case_25,quadhigh,quadhigh,low,heave,ok,-0.4134004146169369,1.4338891187662626,1.492292835780479,2.944366216659546,4.262689709663391,2.1313448548316956,-2.944366216659546,1.3183234930038452
Hs5_Tp8_Dirmodel,5.0,8.0,,Dean stream,case_25,quadhigh,quadhigh,low,pitch,ok,-0.9596977562834318,11.148976043775818,11.190204940397765,16.20304773970427,31.64641110406846,15.82320555203423,-16.20304773970427,15.443363364364188
Hs5_Tp8_Dirmodel,5.0,8.0,,Dean stream,case_25,quadhigh,quadhigh,low,roll,ok,-0.0011811526878439777,0.014346334622210698,0.014394875434141221,0.036081067930080764,0.06639421786391096,0.03319710893195548,-0.036081067930080764,0.030313149933830198
Hs5_Tp8_Dirmodel,5.0,8.0,,Dean stream,case_26,quadhigh,quadhigh,linhigh,heave,ok,-0.4134213990242931,1.4338739550040676,1.4922840788570422,2.9443836212158203,4.262480020523071,2.1312400102615356,-2.9443836212158203,1.318096399307251
Hs5_Tp8_Dirmodel,5.0,8.0,,Dean stream,case_26,quadhigh,quadhigh,linhigh,pitch,ok,-0.9594958559368663,11.15046380736702,11.191669911901524,16.201560466012502,31.651067585535117,15.825533792767558,-16.201560466012502,15.449507119522615
Hs5_Tp8_Dirmodel,5.0,8.0,,Dean stream,case_26,quadhigh,quadhigh,linhigh,roll,ok,-0.003131623944253159,0.008259633599241808,0.00883338076400785,0.02958746234483618,0.04785809331012132,0.02392904665506066,-0.02958746234483618,0.018270630965285146
Hs5_Tp8_Dirmodel,5.0,8.0,,Dean stream,case_27,quadhigh,quadhigh,quadhigh,heave,ok,-0.41338776823420414,1.4338487479158144,1.4922505415731648,2.9443559646606445,4.262655019760132,2.131327509880066,-2.9443559646606445,1.3182990550994873
Hs5_Tp8_Dirmodel,5.0,8.0,,Dean stream,case_27,quadhigh,quadhigh,quadhigh,pitch,ok,-0.959676938331101,11.149278336307134,11.190504333872182,16.203932249201788,31.648998038216604,15.824499019108302,-16.203932249201788,15.445065789014814
Hs5_Tp8_Dirmodel,5.0,8.0,,Dean stream,case_27,quadhigh,quadhigh,quadhigh,roll,ok,-0.002920361040973667,0.022739061762585625,0.022925824706045372,0.07127537853671687,0.1259758289588367,0.06298791447941834,-0.07127537853671687,0.054700450422119816
Hs6_Tp10_Dirmodel,6.0,10.0,,Dean stream,case_01,low,low,low,heave,ok,-0.4986826211618685,1.8125179733550265,1.8798685486979894,3.548485517501831,5.107105135917664,2.553552567958832,-3.548485517501831,1.5586196184158325
Hs6_Tp10_Dirmodel,6.0,10.0,,Dean stream,case_01,low,low,low,pitch,ok,-0.7648899664385764,5.667384113792927,5.718767293222452,8.917098829396787,17.78789922150464,8.89394961075232,-8.917098829396787,8.870800392107855
Hs6_Tp10_Dirmodel,6.0,10.0,,Dean stream,case_01,low,low,low,roll,ok,-0.0021257208193027396,0.009907642420058834,0.010133117354761386,0.034693252197992186,0.05472856825653992,0.02736428412826996,-0.034693252197992186,0.02003531605854773
Hs6_Tp10_Dirmodel,6.0,10.0,,Dean stream,case_02,low,low,linhigh,heave,ok,-0.49873079165825607,1.8124076375685707,1.879774945908408,3.548490524291992,5.107111692428589,2.5535558462142944,-3.548490524291992,1.5586211681365967
Hs6_Tp10_Dirmodel,6.0,10.0,,Dean stream,case_02,low,low,linhigh,pitch,ok,-0.7650731926850173,5.666906606375632,5.718318588147134,8.917162862420255,17.788039240382627,8.894019620191314,-8.917162862420255,8.870876377962372
Hs6_Tp10_Dirmodel,6.0,10.0,,Dean stream,case_02,low,low,linhigh,roll,ok,-0.0022022843196291956,0.010989303307209614,0.011207802791017192,0.03915530339198111,0.06978697426187597,0.034893487130937983,-0.03915530339198111,0.03063167086989485
Hs6_Tp10_Dirmodel,6.0,10.0,,Dean stream,case_03,low,low,quadhigh,heave,ok,-0.4987943983135673,1.812372265709299,1.8797577187768775,3.5484871864318848,5.1071072816848755,2.5535536408424377,-3.5484871864318848,1.5586200952529907
Hs6_Tp10_Dirmodel,6.0,10.0,,Dean stream,case_03,low,low,quadhigh,pitch,ok,-0.7651608146362803,5.666908288854437,5.718331979392415,8.91712102751159,17.787947032828832,8.893973516414416,-8.91712102751159,8.870826005317243
Hs6_Tp10_Dirmodel,6.0,10.0,,Dean stream,case_03,low,low,quadhigh,roll,ok,-0.0021454047419327297,0.015845291489891892,0.015989872541904388,0.04679634740725478,0.08432306422879776,0.04216153211439888,-0.04679634740725478,0.037526716821542974
Hs6_Tp10_Dirmodel,6.0,10.0,,Dean stream,case_04,low,linhigh,low,heave,ok,-0.49762434431685415,1.8147732429343948,1.8817629795825508,3.5535502433776855,5.114035129547119,2.5570175647735596,-3.5535502433776855,1.5604848861694336
Hs6_Tp10_Dirmodel,6.0,10.0,,Dean stream,case_04,low,linhigh,low,pitch,ok,-0.7646937650402597,5.61984187318431,5.671629327969802,8.853763338996904,17.552472846098055,8.776236423049028,-8.698709507101153,8.853763338996904
Hs6_Tp10_Dirmodel,6.0,10.0,,Dean stream,case_04,low,linhigh,low,roll,ok,-0.0021702458601636685,0.01073420597023821,0.010951399221334923,0.033679592761213455,0.05411738805526943,0.027058694027634715,-0.033679592761213455,0.02043779529405598
Hs6_Tp10_Dirmodel,6.0,10.0,,Dean stream,case_05,low,linhigh,linhigh,heave,ok,-0.4975921486768309,1.814828987534833,1.8818082262604583,3.5535478591918945,5.114028811454773,2.5570144057273865,-3.5535478591918945,1.5604809522628784
Hs6_Tp10_Dirmodel,6.0,10.0,,Dean stream,case_05,low,linhigh,linhigh,pitch,ok,-0.7650474432172596,5.619688930253371,5.6715254793737415,8.853687353142389,17.55242247345293,8.776211236726464,-8.698735120310541,8.853687353142389
Hs6_Tp10_Dirmodel,6.0,10.0,,Dean stream,case_05,low,linhigh,linhigh,roll,ok,-0.001302559993789536,0.014786036187024731,0.014843299116484373,0.04880727115876157,0.09438833181153672,0.04719416590576836,-0.04880727115876157,0.04558106065277514
Hs6_Tp10_Dirmodel,6.0,10.0,,Dean stream,case_06,low,linhigh,quadhigh,heave,ok,-0.49764659285508145,1.814814522000759,1.8818086726989847,3.5535502433776855,5.114035129547119,2.5570175647735596,-3.5535502433776855,1.5604848861694336
Hs6_Tp10_Dirmodel,6.0,10.0,,Dean stream,case_06,low,linhigh,quadhigh,pitch,ok,-0.7646141199244529,5.619760470222036,5.671537930319962,8.853762485223259,17.551220360159007,8.775610180079504,-8.697457874935749,8.853762485223259
Hs6_Tp10_Dirmodel,6.0,10.0,,Dean stream,case_06,low,linhigh,quadhigh,roll,ok,-0.0017997362710971481,0.016785021763324783,0.016881232367359597,0.05587723065113218,0.10303499778512246,0.05151749889256123,-0.047157767133990273,0.05587723065113218
Hs6_Tp10_Dirmodel,6.0,10.0,,Dean stream,case_07,low,quadhigh,low,heave,ok,-0.498143536386344,1.81396020356534,1.8811163182967452,3.5498604774475098,5.110152840614319,2.5550764203071594,-3.5498604774475098,1.560292363166809
Hs6_Tp10_Dirmodel,6.0,10.0,,Dean stream,case_07,low,quadhigh,low,pitch,ok,-0.7520973714959989,5.636060439094065,5.686020377147128,8.867527023948126,17.627454662806457,8.813727331403229,-8.759927638858331,8.867527023948126
Hs6_Tp10_Dirmodel,6.0,10.0,,Dean stream,case_07,low,quadhigh,low,roll,ok,-0.0024302035220366033,0.0159260473939363,0.01611039648029881,0.07243542346824138,0.11770173179518728,0.05885086589759364,-0.07243542346824138,0.0452663083269459
Hs6_Tp10_Dirmodel,6.0,10.0,,Dean stream,case_08,low,quadhigh,linhigh,heave,ok,-0.4981220690870702,1.8139535805927856,1.881104247046657,3.5498604774475098,5.110152840614319,2.5550764203071594,-3.5498604774475098,1.560292363166809
Hs6_Tp10_Dirmodel,6.0,10.0,,Dean stream,case_08,low,quadhigh,linhigh,pitch,ok,-0.7522008835356535,5.63623762990705,5.686209703306066,8.867527023948126,17.63112076684346,8.81556038342173,-8.763593742895335,8.867527023948126
Hs6_Tp10_Dirmodel,6.0,10.0,,Dean stream,case_08,low,quadhigh,linhigh,roll,ok,-0.0021473040622064887,0.010687454983939425,0.010901037050175555,0.029768745837372497,0.057369046685504785,0.028684523342752392,-0.029768745837372497,0.027600300848132288
Hs6_Tp10_Dirmodel,6.0,10.0,,Dean stream,case_09,low,quadhigh,quadhigh,heave,ok,-0.49814412201965197,1.8139257171691547,1.8810832181778565,3.5498604774475098,5.110152840614319,2.5550764203071594,-3.5498604774475098,1.560292363166809
Hs6_Tp10_Dirmodel,6.0,10.0,,Dean stream,case_09,low,quadhigh,quadhigh,pitch,ok,-0.7523333141785105,5.636483982553652,5.686471410392098,8.867527023948126,17.628948766687397,8.814474383343699,-8.761421742739271,8.867527023948126
Hs6_Tp10_Dirmodel,6.0,10.0,,Dean stream,case_09,low,quadhigh,quadhigh,roll,ok,-0.0010691212548737067,0.014670307035326104,0.014709212377566696,0.049514022315086,0.09871640057402364,0.04935820028701182,-0.049514022315086,0.04920237825893764
Hs6_Tp10_Dirmodel,6.0,10.0,,Dean stream,case_10,linhigh,low,low,heave,ok,-0.4990805063138573,1.79528005183096,1.8633603559925467,3.482060194015503,5.032450079917908,2.516225039958954,-3.482060194015503,1.5503898859024048
Hs6_Tp10_Dirmodel,6.0,10.0,,Dean stream,case_10,linhigh,low,low,pitch,ok,-0.7730585814297942,5.683930156666197,5.7362602448094755,8.98730378255441,17.85196468837207,8.925982344186036,-8.98730378255441,8.86466090581766
Hs6_Tp10_Dirmodel,6.0,10.0,,Dean stream,case_10,linhigh,low,low,roll,ok,-0.0017633695661320296,0.04081576376611917,0.040853837568071955,0.15360118939750778,0.2955430591188186,0.1477715295594093,-0.15360118939750778,0.14194186972131087
Hs6_Tp10_Dirmodel,6.0,10.0,,Dean stream,case_11,linhigh,low,linhigh,heave,ok,-0.49917848654714564,1.7951840290925571,1.8632940883662155,3.4820611476898193,5.032447338104248,2.516223669052124,-3.4820611476898193,1.5503861904144287
Hs6_Tp10_Dirmodel,6.0,10.0,,Dean stream,case_11,linhigh,low,linhigh,pitch,ok,-0.773010353731381,5.6841086616161425,5.736430622262904,8.98729865991253,17.85195700440925,8.925978502204625,-8.98729865991253,8.864658344496721
Hs6_Tp10_Dirmodel,6.0,10.0,,Dean stream,case_11,linhigh,low,linhigh,roll,ok,-0.0015894188979197997,0.03698164484810227,0.03701578458042236,0.12499179480057221,0.2462554535726546,0.1231277267863273,-0.1212636587720824,0.12499179480057221
Hs6_Tp10_Dirmodel,6.0,10.0,,Dean stream,case_12,linhigh,low,quadhigh,heave,ok,-0.4991320457900136,1.795261932201749,1.8633567034648197,3.482060670852661,5.032449245452881,2.5162246227264404,-3.482060670852661,1.5503885746002197
Hs6_Tp10_Dirmodel,6.0,10.0,,Dean stream,case_12,linhigh,low,quadhigh,pitch,ok,-0.7728858433516812,5.683505714095779,5.73581639603403,8.987311466517225,17.851969811013944,8.925984905506972,-8.987311466517225,8.864658344496721
Hs6_Tp10_Dirmodel,6.0,10.0,,Dean stream,case_12,linhigh,low,quadhigh,roll,ok,-0.0008701586639943054,0.03945947493305429,0.03946906811786749,0.14703821803855854,0.2798765528339399,0.13993827641696996,-0.13283833479538137,0.14703821803855854
Hs6_Tp10_Dirmodel,6.0,10.0,,Dean stream,case_13,linhigh,linhigh,low,heave,ok,-0.4981414228020824,1.7974462247338319,1.8651964529028002,3.486638307571411,5.039521098136902,2.519760549068451,-3.486638307571411,1.5528827905654907
Hs6_Tp10_Dirmodel,6.0,10.0,,Dean stream,case_13,linhigh,linhigh,low,pitch,ok,-0.7724231560103286,5.633640917865303,5.686347467697271,8.845185475173015,17.59345739621272,8.79672869810636,-8.748271921039704,8.845185475173015
Hs6_Tp10_Dirmodel,6.0,10.0,,Dean stream,case_13,linhigh,linhigh,low,roll,ok,-0.0006890696262034072,0.03222579379985818,0.03223315999061734,0.10337052415799272,0.1769548668199309,0.08847743340996544,-0.07358434266193818,0.10337052415799272
Hs6_Tp10_Dirmodel,6.0,10.0,,Dean stream,case_14,linhigh,linhigh,linhigh,heave,ok,-0.49818791289721964,1.797539626431824,1.8652988782362865,3.4873690605163574,5.040523648262024,2.520261824131012,-3.4873690605163574,1.5531545877456665
Hs6_Tp10_Dirmodel,6.0,10.0,,Dean stream,case_14,linhigh,linhigh,linhigh,pitch,ok,-0.7718663743694057,5.633290615380795,5.685924802283223,8.845080461014525,17.59377158491454,8.79688579245727,-8.748691123900013,8.845080461014525
Hs6_Tp10_Dirmodel,6.0,10.0,,Dean stream,case_14,linhigh,linhigh,linhigh,roll,ok,-0.0017202424189851704,0.008304814657315744,0.008481107266886934,0.03327652155374345,0.049976097285639925,0.024988048642819963,-0.03327652155374345,0.016699575731896475
Hs6_Tp10_Dirmodel,6.0,10.0,,Dean stream,case_15,linhigh,linhigh,quadhigh,heave,ok,-0.49814915696807793,1.7974033927983002,1.8651572424411962,3.486640214920044,5.039576292037964,2.519788146018982,-3.486640214920044,1.55293607711792
Hs6_Tp10_Dirmodel,6.0,10.0,,Dean stream,case_15,linhigh,linhigh,quadhigh,pitch,ok,-0.7724510981840355,5.63359550941246,5.686306275848845,8.845421970473026,17.595562802024375,8.797781401012188,-8.750140831551349,8.845421970473026
Hs6_Tp10_Dirmodel,6.0,10.0,,Dean stream,case_15,linhigh,linhigh,quadhigh,roll,ok,-0.0010736065921858038,0.02465901502704608,0.02468237535608899,0.08085012981431114,0.1497098158499186,0.0748549079249593,-0.06885968603560748,0.08085012981431114
Hs6_Tp10_Dirmodel,6.0,10.0,,Dean stream,case_16,linhigh,quadhigh,low,heave,ok,-0.49849546998832256,1.7967968182667222,1.8646652621133626,3.484584093093872,5.037389278411865,2.5186946392059326,-3.484584093093872,1.5528051853179932
Hs6_Tp10_Dirmodel,6.0,10.0,,Dean stream,case_16,linhigh,quadhigh,low,pitch,ok,-0.7602281805425741,5.65264822493656,5.703540903804366,8.843068116530311,17.657473344208665,8.828736672104332,-8.814405227678353,8.843068116530311
Hs6_Tp10_Dirmodel,6.0,10.0,,Dean stream,case_16,linhigh,quadhigh,low,roll,ok,-0.002896860286153992,0.0502850294091605,0.050368402617093515,0.17424220783227143,0.3305943893201341,0.16529719466006704,-0.17424220783227143,0.15635218148786262
Hs6_Tp10_Dirmodel,6.0,10.0,,Dean stream,case_17,linhigh,quadhigh,linhigh,heave,ok,-0.4985227209100786,1.796789071092882,1.8646650823304465,3.4850337505340576,5.037660598754883,2.5188302993774414,-3.4850337505340576,1.5526268482208252
Hs6_Tp10_Dirmodel,6.0,10.0,,Dean stream,case_17,linhigh,quadhigh,linhigh,pitch,ok,-0.7604801632971947,5.652291163207261,5.703220622809486,8.84622537147415,17.667700698717113,8.833850349358556,-8.821475327242963,8.84622537147415
Hs6_Tp10_Dirmodel,6.0,10.0,,Dean stream,case_17,linhigh,quadhigh,linhigh,roll,ok,-0.001327202648000444,0.023132682626104056,0.02317072446750243,0.08666014618843919,0.16825276559029834,0.08412638279514917,-0.08666014618843919,0.08159261940185913
Hs6_Tp10_Dirmodel,6.0,10.0,,Dean stream,case_18,linhigh,quadhigh,quadhigh,heave,ok,-0.49852520494039326,1.7968696144051888,1.864743357980801,3.4850387573242188,5.037663459777832,2.518831729888916,-3.4850387573242188,1.5526247024536133
Hs6_Tp10_Dirmodel,6.0,10.0,,Dean stream,case_18,linhigh,quadhigh,quadhigh,pitch,ok,-0.7601572324838476,5.651956459180065,5.702845854006994,8.846166461092558,17.660082476471608,8.830041238235804,-8.81391601537905,8.846166461092558
Hs6_Tp10_Dirmodel,6.0,10.0,,Dean stream,case_18,linhigh,quadhigh,quadhigh,roll,ok,-0.0012142992017035448,0.027067651770285146,0.02709487580537468,0.09366969452523088,0.17197817354518408,0.08598908677259204,-0.0783084790199532,0.09366969452523088
Hs6_Tp10_Dirmodel,6.0,10.0,,Dean stream,case_19,quadhigh,low,low,heave,ok,-0.49380872837650347,1.7879507658956426,1.854889484979532,3.4346282482147217,4.9966384172439575,2.4983192086219788,-3.4346282482147217,1.5620101690292358
Hs6_Tp10_Dirmodel,6.0,10.0,,Dean stream,case_19,quadhigh,low,low,pitch,ok,-0.7843056244779333,5.6898729478448695,5.743673865672091,9.019209303714831,17.865764231816435,8.932882115908217,-9.019209303714831,8.846554928101602
Hs6_Tp10_Dirmodel,6.0,10.0,,Dean stream,case_19,quadhigh,low,low,roll,ok,-0.0016891830656750237,0.030296379341754758,0.03034343323766887,0.10047577125984364,0.18236235560027775,0.09118117780013887,-0.08188658434043412,0.10047577125984364
Hs6_Tp10_Dirmodel,6.0,10.0,,Dean stream,case_20,quadhigh,low,linhigh,heave,ok,-0.49378965982002265,1.7879849552163902,1.854917364257861,3.4346201419830322,4.996629118919373,2.4983145594596863,-3.4346201419830322,1.5620089769363403
Hs6_Tp10_Dirmodel,6.0,10.0,,Dean stream,case_20,quadhigh,low,linhigh,pitch,ok,-0.7843883811027108,5.6898351756966115,5.743647748513433,9.01917088390075,17.86568739218827,8.932843696094135,-9.01917088390075,8.846516508287522
Hs6_Tp10_Dirmodel,6.0,10.0,,Dean stream,case_20,quadhigh,low,linhigh,roll,ok,-0.0012851812559076996,0.019885142825816493,0.01992663032385701,0.07829234403206037,0.15212143291588848,0.07606071645794424,-0.0738290888838281,0.07829234403206037
Hs6_Tp10_Dirmodel,6.0,10.0,,Dean stream,case_21,quadhigh,low,quadhigh,heave,ok,-0.49377291344952645,1.7879953037131173,1.8549228814580394,3.4346258640289307,4.996636390686035,2.4983181953430176,-3.4346258640289307,1.5620105266571045
Hs6_Tp10_Dirmodel,6.0,10.0,,Dean stream,case_21,quadhigh,low,quadhigh,pitch,ok,-0.784241646093546,5.689542001772046,5.7433372832697,9.019197350883784,17.865736911059756,8.932868455529878,-9.019197350883784,8.84653956017597
Hs6_Tp10_Dirmodel,6.0,10.0,,Dean stream,case_21,quadhigh,low,quadhigh,roll,ok,-0.0015404759809780674,0.027652082368549994,0.02769495848642933,0.08793941927564142,0.17222718863530528,0.08611359431765264,-0.08428776935966385,0.08793941927564142
Hs6_Tp10_Dirmodel,6.0,10.0,,Dean stream,case_22,quadhigh,linhigh,low,heave,ok,-0.4926351720511392,1.7902736439397071,1.8568169357604998,3.438704013824463,5.003947615623474,2.501973807811737,-3.438704013824463,1.5652436017990112
Hs6_Tp10_Dirmodel,6.0,10.0,,Dean stream,case_22,quadhigh,linhigh,low,pitch,ok,-0.7825149370511205,5.63967421291959,5.6937030880243755,8.845816413897595,17.622635964347012,8.811317982173506,-8.776819550449419,8.845816413897595
Hs6_Tp10_Dirmodel,6.0,10.0,,Dean stream,case_22,quadhigh,linhigh,low,roll,ok,-0.0019825877094660233,0.0164607319239505,0.016579696906092366,0.04681202882789805,0.09113939958737875,0.045569699793689376,-0.04681202882789805,0.044327370759480705
Hs6_Tp10_Dirmodel,6.0,10.0,,Dean stream,case_23,quadhigh,linhigh,linhigh,heave,ok,-0.4927054647072573,1.790152682959522,1.8567189618409052,3.438703775405884,5.003947973251343,2.5019739866256714,-3.438703775405884,1.565244197845459
Hs6_Tp10_Dirmodel,6.0,10.0,,Dean stream,case_23,quadhigh,linhigh,linhigh,pitch,ok,-0.7820869050642146,5.637963499714741,5.691949784668572,8.845816413897595,17.62263681812066,8.81131840906033,-8.776820404223065,8.845816413897595
Hs6_Tp10_Dirmodel,6.0,10.0,,Dean stream,case_23,quadhigh,linhigh,linhigh,roll,ok,-0.0013300683488495241,0.01703579608449381,0.017087639686190304,0.05949707749878688,0.11602591086478092,0.05801295543239046,-0.05949707749878688,0.05652883336599405
Hs6_Tp10_Dirmodel,6.0,10.0,,Dean stream,case_24,quadhigh,linhigh,quadhigh,heave,ok,-0.4926061595972632,1.7903371651999298,1.8568704837896706,3.438704013824463,5.003947854042053,2.5019739270210266,-3.438704013824463,1.5652438402175903
Hs6_Tp10_Dirmodel,6.0,10.0,,Dean stream,case_24,quadhigh,linhigh,quadhigh,pitch,ok,-0.7823740760862278,5.638381144809555,5.692402931019175,8.845816413897595,17.62263681812066,8.81131840906033,-8.776820404223065,8.845816413897595
Hs6_Tp10_Dirmodel,6.0,10.0,,Dean stream,case_24,quadhigh,linhigh,quadhigh,roll,ok,-0.0019025188489869235,0.017448585448598366,0.017552000231534557,0.055087846879053166,0.09614236307701433,0.04807118153850717,-0.04105451619796117,0.055087846879053166
Hs6_Tp10_Dirmodel,6.0,10.0,,Dean stream,case_25,quadhigh,quadhigh,low,heave,ok,-0.4931845607029067,1.7894269854274676,1.8561465316864814,3.4367458820343018,5.000412821769714,2.500206410884857,-3.4367458820343018,1.5636669397354126
Hs6_Tp10_Dirmodel,6.0,10.0,,Dean stream,case_25,quadhigh,quadhigh,low,pitch,ok,-0.7695854039946365,5.657960503351083,5.710059435025385,8.844392319455647,17.68498619995912,8.84249309997956,-8.844392319455647,8.840593880503475
Hs6_Tp10_Dirmodel,6.0,10.0,,Dean stream,case_25,quadhigh,quadhigh,low,roll,ok,-0.002246472270372878,0.030578124202037812,0.030660533546838436,0.08845274401034357,0.17617811956482707,0.08808905978241353,-0.0877253755544835,0.08845274401034357
Hs6_Tp10_Dirmodel,6.0,10.0,,Dean stream,case_26,quadhigh,quadhigh,linhigh,heave,ok,-0.4931787183687333,1.7894377381276434,1.8561553455697621,3.4367425441741943,5.000410199165344,2.500205099582672,-3.4367425441741943,1.56366765499115
Hs6_Tp10_Dirmodel,6.0,10.0,,Dean stream,case_26,quadhigh,quadhigh,linhigh,pitch,ok,-0.7697356060998198,5.658056543367659,5.710174844192027,8.845142786490703,17.68575203491981,8.842876017459904,-8.845142786490703,8.840609248429107
Hs6_Tp10_Dirmodel,6.0,10.0,,Dean stream,case_26,quadhigh,quadhigh,linhigh,roll,ok,-0.0019018934036797838,0.029144220173778834,0.02920621112120944,0.08462162153577467,0.15589218425551815,0.07794609212775908,-0.08462162153577467,0.07127056271974347
Hs6_Tp10_Dirmodel,6.0,10.0,,Dean stream,case_27,quadhigh,quadhigh,quadhigh,heave,ok,-0.49316899919796375,1.7894501405422432,1.8561647198609759,3.4367446899414062,5.000411868095398,2.500205934047699,-3.4367446899414062,1.5636671781539917
Hs6_Tp10_Dirmodel,6.0,10.0,,Dean stream,case_27,quadhigh,quadhigh,quadhigh,pitch,ok,-0.7697603557885452,5.65789268698704,5.71001581983843,8.844395734550233,17.684994737695583,8.842497368847791,-8.844395734550233,8.840599003145352
Hs6_Tp10_Dirmodel,6.0,10.0,,Dean stream,case_27,quadhigh,quadhigh,quadhigh,roll,ok,-0.002157184473100746,0.030394981823335703,0.030471435228618535,0.08849501247593965,0.16149043808494934,0.08074521904247467,-0.08849501247593965,0.0729954256090097
