filename,Hs,Tp,Tz,Direction,Damp_Heave,Damp_Roll,Damp_Pitch,Lin_Heave,Quad_Heave,Lin_Roll,Quad_Roll,Lin_Pitch,Quad_Pitch,Std Z,Std pitch,Std roll,Mean Z,Mean pitch,Mean roll,MPM Z,MPM pitch,MPM roll,Mean velocity Z,Mean velocity pitch,Mean velocity roll,std velocity Z,std velocity pitch,std velocity roll,pct_quad_dom_Heave_S1,pct_quad_dom_Pitch_S1,pct_quad_dom_Roll_S1,pct_quad_dom_Heave_S2,pct_quad_dom_Pitch_S2,pct_quad_dom_Roll_S2,pct_quad_dom_Heave_S3,pct_quad_dom_Pitch_S3,pct_quad_dom_Roll_S3,pct_quad_dom_Heave_S4,pct_quad_dom_Pitch_S4,pct_quad_dom_Roll_S4
ymlfiles\Case_001_H1_T3p5_dir0_heavelow_pitchlow_rolllow.yml,1,3.5,2.7132,0,low,low,low,1.0,1.0,100,300.0,150,200,0.0149816870828131,0.6751739497713486,0.0001728032861598,-0.155892735286203,0.6844052422628657,-0.0023310986926187,-0.0959422811802118,3.390855982311396,-0.0016727817110813,0.0002038581438737,1.359448602680206e-06,1.0229666268872603e-09,0.0265323928452179,0.0212460954749844,2.457540869471358e-06,0.0,0.0,0.0,0.0,0.0,0.0,0.0,0.0,0.0,0.0,0.0,0.0
ymlfiles\Case_002_H1_T3p5_dir0_heavelinhigh_pitchlinhigh_rolllinhigh.yml,1,3.5,2.7132,0,linhigh,linhigh,linhigh,6.5,1.0,300,300.0,325,200,0.0146465961428191,0.6724264660267556,0.0001577020717069,-0.1558816420892821,0.6841567138134065,-0.002331441512654,-0.0972380093391251,3.3796484843222694,-0.0017297354749495,0.0001832971071111,1.3563885883738968e-06,9.104538244588891e-10,0.0262061734871795,0.0211723440339902,2.263095650458245e-06,0.0,0.0,0.0,0.0,0.0,0.0,0.0,0.0,0.0,0.0,0.0,0.0
ymlfiles\Case_003_H1_T3p5_dir0_heavequadhigh_pitchquadhigh_rollquadhigh.yml,1,3.5,2.7132,0,quadhigh,quadhigh,quadhigh,1.0,4.0,100,1300.0,150,1300,0.014983860613129,0.6746387009884244,0.0001725595138184,-0.1558922260085758,0.684348128411321,-0.0023311154996232,-0.0959305780713697,3.388489509452111,-0.0016740480709651,0.0001995415666585,1.3558880683786592e-06,1.090954271052792e-09,0.0265333480071045,0.0212308820339485,2.453256404107479e-06,0.0,0.0,0.0,0.0,0.0,0.0,0.0,0.0,0.0,0.0,0.0,0.0
ymlfiles\Case_004_H1_T3p5_dir0_heaveDOFbest_pitchDOFbest_rollDOFbest.yml,1,3.5,2.7132,0,DOFbest,DOFbest,DOFbest,3.3,2.4,233,304.5,248,640,0.0148466552272944,0.6734342524973244,0.0001622759908832,-0.1558888270651867,0.6842425622189569,-0.0023313224090935,-0.0964626680912711,3.3836652003385668,-0.0017121901866195,0.0001906304113667,1.35623322536096e-06,9.518391996397207e-10,0.0264010655828816,0.0211992660256796,2.3219319336520848e-06,0.0,0.0,0.0,0.0,0.0,0.0,0.0,0.0,0.0,0.0,0.0,0.0
ymlfiles\Case_005_H1_T3p5_dir45_heavelow_pitchlow_rolllow.yml,1,3.5,2.7132,45,low,low,low,1.0,1.0,100,300.0,150,200,0.0114901112969028,0.310804820137456,0.3516833853375659,-0.1555332918604405,0.6756665276566285,0.0043302336999324,-0.1098268895953015,1.9205722762529565,1.4112318894466005,0.0001648033410399,4.88557714518618e-05,4.245085102109464e-05,0.018765383161745,0.0096324506302906,0.0106780909684521,0.0,0.0,0.0,0.0,0.0,0.0,0.0,0.0,0.0,0.0,0.0,0.0
ymlfiles\Case_006_H1_T3p5_dir45_heavelinhigh_pitchlinhigh_rolllinhigh.yml,1,3.5,2.7132,45,linhigh,linhigh,linhigh,6.5,1.0,300,300.0,325,200,0.0111611726547767,0.30920690181907,0.3500500213918655,-0.1555247150884586,0.6756237150805399,0.0043557725802334,-0.1111002396972081,1.9142051362756392,1.4049280654138727,0.000153229474974,4.877374492045388e-05,4.247218561990323e-05,0.0184336495467147,0.0095990616013124,0.010642499377388,0.0,0.0,0.0,0.0,0.0,0.0,0.0,0.0,0.0,0.0,0.0,0.0
ymlfiles\Case_007_H1_T3p5_dir45_heavequadhigh_pitchquadhigh_rollquadhigh.yml,1,3.5,2.7132,45,quadhigh,quadhigh,quadhigh,1.0,4.0,100,1300.0,150,1300,0.0114863005876158,0.3106464493305976,0.351539822333305,-0.1555327136652533,0.6756716120078046,0.0043279661476726,-0.1098425286707956,1.9199684836773856,1.410655301250206,0.0001637504203778,4.884902975014169e-05,4.24533125488316e-05,0.0187622741668474,0.0096292700827569,0.0106749805720749,0.0,0.0,0.0,0.0,0.0,0.0,0.0,0.0,0.0,0.0,0.0,0.0
ymlfiles\Case_008_H1_T3p5_dir45_heaveDOFbest_pitchDOFbest_rollDOFbest.yml,1,3.5,2.7132,45,DOFbest,DOFbest,DOFbest,3.3,2.4,233,304.5,248,640,0.0113501175958851,0.3098288902333379,0.3505848363983051,-0.1555284506876862,0.6756475068333468,0.004356231670617,-0.110365365232185,1.9166950286743225,1.406980478550388,0.0001573747563433,4.880524651217811e-05,4.246485921009032e-05,0.0186267186605704,0.0096124781891571,0.0106544498516534,0.0,0.0,0.0,0.0,0.0,0.0,0.0,0.0,0.0,0.0,0.0,0.0
ymlfiles\Case_009_H1_T3p5_dir90_heavelow_pitchlow_rolllow.yml,1,3.5,2.7132,90,low,low,low,1.0,1.0,100,300.0,150,200,0.0079818686013658,0.1154964643709095,0.218230936486063,-0.1551021179483887,0.675478397764577,-0.0001428568407558,-0.1233271712166042,1.1322620814540134,0.8807783165423116,7.620040253573567e-06,-6.102354842070582e-07,-1.5217778098013572e-05,0.0133137118909471,0.0029282012033022,0.0077698998040161,0.0,0.0,0.0,0.0,0.0,0.0,0.0,0.0,0.0,0.0,0.0,0.0
ymlfiles\Case_010_H1_T3p5_dir90_heavelinhigh_pitchlinhigh_rolllinhigh.yml,1,3.5,2.7132,90,linhigh,linhigh,linhigh,6.5,1.0,300,300.0,325,200,0.0076613455641495,0.1125565348445545,0.2171142650666436,-0.1550989639849352,0.6754794133162036,-0.0001190048865901,-0.1245532146887798,1.121077174503477,0.8764656135096026,4.568608409256995e-06,-1.0380260285032943e-06,-1.5014813225621848e-05,0.0130221821263048,0.0028961091625382,0.0077484947448846,0.0,0.0,0.0,0.0,0.0,0.0,0.0,0.0,0.0,0.0,0.0,0.0
ymlfiles\Case_011_H1_T3p5_dir90_heavequadhigh_pitchquadhigh_rollquadhigh.yml,1,3.5,2.7132,90,quadhigh,quadhigh,quadhigh,1.0,4.0,100,1300.0,150,1300,0.0079774143686719,0.1153908736451532,0.2181590419535677,-0.1551017565408001,0.6754792402760922,-0.0001469709046902,-0.1233430900607065,1.1318570272311623,0.8804996387493004,7.422749638519449e-06,-6.370244051575163e-07,-1.521133339541236e-05,0.0133096177622796,0.0029271223596392,0.0077685688265571,0.0,0.0,0.0,0.0,0.0,0.0,0.0,0.0,0.0,0.0,0.0,0.0
ymlfiles\Case_012_H1_T3p5_dir90_heaveDOFbest_pitchDOFbest_rollDOFbest.yml,1,3.5,2.7132,90,DOFbest,DOFbest,DOFbest,3.3,2.4,233,304.5,248,640,0.0078360703883803,0.1137132658079811,0.2174683638802575,-0.1550999176821548,0.675478531651644,-0.0001286661009459,-0.1238805826412975,1.1254739187742944,0.8778544947857962,5.541473906490432e-06,-8.96888480088354e-07,-1.5102054870120068e-05,0.0131823356211564,0.0029091782933251,0.0077555828221454,0.0,0.0,0.0,0.0,0.0,0.0,0.0,0.0,0.0,0.0,0.0,0.0
ymlfiles\Case_013_H1_T3p5_dir135_heavelow_pitchlow_rolllow.yml,1,3.5,2.7132,135,low,low,low,1.0,1.0,100,300.0,150,200,0.0128753425288937,0.2660578619039789,0.1197665531911982,-0.1542652127496671,0.684133259446819,0.0029137485928035,-0.1029069806173857,1.7512957163132434,0.485611283738401,7.081092661238328e-05,-2.521730053230284e-08,1.907486382682484e-05,0.0214805725589872,0.0084135226906905,0.0041612503432935,0.0,0.0,0.0,0.0,0.0,0.0,0.0,0.0,0.0,0.0,0.0,0.0
ymlfiles\Case_014_H1_T3p5_dir135_heavelinhigh_pitchlinhigh_rolllinhigh.yml,1,3.5,2.7132,135,linhigh,linhigh,linhigh,6.5,1.0,300,300.0,325,200,0.0125856783942468,0.2650397593367321,0.1187830971036879,-0.1542654640679977,0.6841388688804991,0.0030202313668597,-0.1040472678071968,1.747344887339155,0.4819982127809423,6.648406513692996e-05,-1.4251666265934773e-07,1.9225388192667654e-05,0.0210908227496162,0.0083900319686587,0.0041482278262015,0.0,0.0,0.0,0.0,0.0,0.0,0.0,0.0,0.0,0.0,0.0,0.0
ymlfiles\Case_015_H1_T3p5_dir135_heavequadhigh_pitchquadhigh_rollquadhigh.yml,1,3.5,2.7132,135,quadhigh,quadhigh,quadhigh,1.0,4.0,100,1300.0,150,1300,0.0128688187155672,0.265969011936174,0.1197309198027721,-0.1542656786388137,0.6841300585828209,0.0029175076512233,-0.1029334692331869,1.7509574271736,0.4854802532186455,7.047655905999522e-05,-3.02495260513174e-08,1.908770371503572e-05,0.0214714485763952,0.008411460347283,0.0041608130067999,0.0,0.0,0.0,0.0,0.0,0.0,0.0,0.0,0.0,0.0,0.0,0.0
ymlfiles\Case_016_H1_T3p5_dir135_heaveDOFbest_pitchDOFbest_rollDOFbest.yml,1,3.5,2.7132,135,DOFbest,DOFbest,DOFbest,3.3,2.4,233,304.5,248,640,0.0127476536036063,0.2654385855848611,0.119084669001994,-0.1542650070997903,0.6841380553872858,0.0029733914223495,-0.1034060952365794,1.7488803068698766,0.4830628120235907,6.815344913478883e-05,-1.032082966171197e-07,1.91629239285403e-05,0.0213100634407005,0.0083993735575079,0.0041524004305701,0.0,0.0,0.0,0.0,0.0,0.0,0.0,0.0,0.0,0.0,0.0,0.0
ymlfiles\Case_017_H1_T3p5_dir180_heavelow_pitchlow_rolllow.yml,1,3.5,2.7132,180,low,low,low,1.0,1.0,100,300.0,150,200,0.0183980944169962,0.6778687515474249,0.000169659698467,-0.1560792550633623,0.6853029329544866,-0.002341506667303,-0.0826643145263376,3.4023378370706228,-0.0016964655984946,0.0002583932779983,-1.1914693586578091e-06,7.824683306303048e-10,0.0301124504135835,0.021250323592602,2.3864673483651378e-06,0.0,0.0,0.0,0.0,0.0,0.0,0.0,0.0,0.0,0.0,0.0,0.0
ymlfiles\Case_018_H1_T3p5_dir180_heavelinhigh_pitchlinhigh_rolllinhigh.yml,1,3.5,2.7132,180,linhigh,linhigh,linhigh,6.5,1.0,300,300.0,325,200,0.0179074318056403,0.6753153300337342,0.0001587919804095,-0.1560662147931524,0.6853981337252079,-0.0023407445660743,-0.0845920034651273,3.3924717736129835,-0.0017358598612625,0.0002374112102742,-1.1772615106523317e-06,9.32409760998827e-10,0.0294690233579444,0.0211825974855416,2.248077313637702e-06,0.0,0.0,0.0,0.0,0.0,0.0,0.0,0.0,0.0,0.0,0.0,0.0
ymlfiles\Case_019_H1_T3p5_dir180_heavequadhigh_pitchquadhigh_rollquadhigh.yml,1,3.5,2.7132,180,quadhigh,quadhigh,quadhigh,1.0,4.0,100,1300.0,150,1300,0.0183835156498339,0.67733067321881,0.0001698781896702,-0.1560794489234655,0.685264361319343,-0.0023413972200754,-0.0827258989699899,3.400142538787942,-0.0016954280806424,0.0002539022775401,-1.1907208415666574e-06,8.078102002747374e-10,0.0300916409705672,0.0212352645776777,2.3889582795441897e-06,0.0,0.0,0.0,0.0,0.0,0.0,0.0,0.0,0.0,0.0,0.0,0.0
ymlfiles\Case_020_H1_T3p5_dir180_heaveDOFbest_pitchDOFbest_rollDOFbest.yml,1,3.5,2.7132,180,DOFbest,DOFbest,DOFbest,3.3,2.4,233,304.5,248,640,0.0181810256244914,0.6762070044759539,0.000162353010548,-0.1560741484129871,0.6853268574392337,-0.0023413454838613,-0.0835142756891882,3.3958654357862024,-0.0017239649400643,0.0002448134611882,-1.1830246678948564e-06,8.587724828726224e-10,0.0298283851475143,0.0212060848214751,2.2903622766829225e-06,0.0,0.0,0.0,0.0,0.0,0.0,0.0,0.0,0.0,0.0,0.0,0.0
ymlfiles\Case_021_H1_T4_dir0_heavelow_pitchlow_rolllow.yml,1,4.0,3.1008,0,low,low,low,1.0,1.0,100,300.0,150,200,0.0298849008447486,0.7490952068613904,0.0001111469043286,-0.1560343460284844,0.6866183235691289,-0.0023370546020341,-0.0384295164806882,3.6733591812814894,-0.0019124183957299,1.0844460058355925e-05,9.342532319942306e-07,1.2061282792952554e-09,0.040493343590525,0.0215775806980319,1.6526325037387048e-06,0.0,0.0,0.0,0.0,0.0,0.0,0.0,0.0,0.0,0.0,0.0,0.0
ymlfiles\Case_022_H1_T4_dir0_heavelinhigh_pitchlinhigh_rolllinhigh.yml,1,4.0,3.1008,0,linhigh,linhigh,linhigh,6.5,1.0,300,300.0,325,200,0.027884896941793,0.7455126093353944,0.0001029483038052,-0.1560242173784903,0.6864488174936054,-0.0023368289484465,-0.0461410991708108,3.658905388896801,-0.001942726208081,-1.072139171007276e-05,9.45301405095992e-07,1.3826089086427874e-09,0.0386222600715197,0.0214892508176059,1.548903069520028e-06,0.0,0.0,0.0,0.0,0.0,0.0,0.0,0.0,0.0,0.0,0.0,0.0
ymlfiles\Case_023_H1_T4_dir0_heavequadhigh_pitchquadhigh_rollquadhigh.yml,1,4.0,3.1008,0,quadhigh,quadhigh,quadhigh,1.0,4.0,100,1300.0,150,1300,0.0298266130742911,0.7483806770709217,0.0001111066998258,-0.1560334039429176,0.6865732948911103,-0.0023370196527779,-0.0386480940722482,3.670398914826296,-0.001912419085091,6.376397089204271e-06,9.376380827329048e-07,1.197281100109291e-09,0.0404393788180199,0.021558944775689,1.6522142608279776e-06,0.0,0.0,0.0,0.0,0.0,0.0,0.0,0.0,0.0,0.0,0.0,0.0
ymlfiles\Case_024_H1_T4_dir0_heaveDOFbest_pitchDOFbest_rollDOFbest.yml,1,4.0,3.1008,0,DOFbest,DOFbest,DOFbest,3.3,2.4,233,304.5,248,640,0.0289758126608155,0.7468261814811141,0.0001049967231215,-0.1560298129887217,0.6865042644344052,-0.0023369041011609,-0.0419390223644869,3.664198220299866,-0.0019353038151606,-2.8976383901652656e-06,9.427072528600176e-07,1.267475966826234e-09,0.0396483793365891,0.0215213089104408,1.575084478086383e-06,0.0,0.0,0.0,0.0,0.0,0.0,0.0,0.0,0.0,0.0,0.0,0.0
ymlfiles\Case_025_H1_T4_dir45_heavelow_pitchlow_rolllow.yml,1,4.0,3.1008,45,low,low,low,1.0,1.0,100,300.0,150,200,0.028543645035677,0.3506681335104888,0.4256748761871795,-0.1555464194456989,0.6783275108232389,0.0082277586255855,-0.0438821830576502,2.07574163929955,1.7021136530017609,0.0001900838166354,6.503019916635915e-05,4.9733647410227126e-05,0.0357837978094483,0.010041806851543,0.0118258133707525,0.0,0.0,0.0,0.0,0.0,0.0,0.0,0.0,0.0,0.0,0.0,0.0
ymlfiles\Case_026_H1_T4_dir45_heavelinhigh_pitchlinhigh_rolllinhigh.yml,1,4.0,3.1008,45,linhigh,linhigh,linhigh,6.5,1.0,300,300.0,325,200,0.0260146584919729,0.3489883084867236,0.4234932852514244,-0.1555336357287214,0.6782811262731925,0.0082869757548841,-0.0536376444966401,2.069155369421813,1.6937241121920494,0.0001754508528794,6.499685085958296e-05,4.99585593213048e-05,0.0332766880530663,0.0100047471227724,0.0117795893619444,0.0,0.0,0.0,0.0,0.0,0.0,0.0,0.0,0.0,0.0,0.0,0.0
ymlfiles\Case_027_H1_T4_dir45_heavequadhigh_pitchquadhigh_rollquadhigh.yml,1,4.0,3.1008,45,quadhigh,quadhigh,quadhigh,1.0,4.0,100,1300.0,150,1300,0.0284643376978183,0.3504918302696701,0.4254568131881431,-0.1555443296770486,0.6783404515092394,0.0082401715699542,-0.0441765289257055,2.0750520107582022,1.7012583289505578,0.0001886891865887,6.50278478245062e-05,4.9755307738065744e-05,0.0357050133823709,0.0100379803636127,0.0118212374274255,0.0,0.0,0.0,0.0,0.0,0.0,0.0,0.0,0.0,0.0,0.0,0.0
ymlfiles\Case_028_H1_T4_dir45_heaveDOFbest_pitchDOFbest_rollDOFbest.yml,1,4.0,3.1008,45,DOFbest,DOFbest,DOFbest,3.3,2.4,233,304.5,248,640,0.0273792317497824,0.3496402800652269,0.424206369096777,-0.1555380328123241,0.6783125566477831,0.0082619839124974,-0.0483661433224842,2.071755618648802,1.696459533652515,0.0001808205852472,6.501259132690286e-05,4.987050126196292e-05,0.0346329061472986,0.0100194325644066,0.0117948212266321,0.0,0.0,0.0,0.0,0.0,0.0,0.0,0.0,0.0,0.0,0.0,0.0
ymlfiles\Case_029_H1_T4_dir90_heavelow_pitchlow_rolllow.yml,1,4.0,3.1008,90,low,low,low,1.0,1.0,100,300.0,150,200,0.0257524236090252,0.1720664013925251,0.2438982839281512,-0.15500363191889,0.6751550819322241,-0.0013865273640622,-0.0548259512286924,1.3548671633742448,0.9770895621913936,1.3091361784289949e-05,-5.123790051190946e-06,-2.9183115032818945e-05,0.029958371821999,0.0042840608699559,0.0078295769680265,0.0,0.0,0.0,0.0,0.0,0.0,0.0,0.0,0.0,0.0,0.0,0.0
ymlfiles\Case_030_H1_T4_dir90_heavelinhigh_pitchlinhigh_rolllinhigh.yml,1,4.0,3.1008,90,linhigh,linhigh,linhigh,6.5,1.0,300,300.0,325,200,0.0226956988340128,0.1693010827119538,0.2427441944400702,-0.1549993748417976,0.675132509394555,-0.0013789401438258,-0.0665959673060492,1.3443392904727265,0.9726025682889812,8.364654076873108e-06,-5.965278489667912e-06,-2.873054576741236e-05,0.0268958179639329,0.0042461312567114,0.0078051685214924,0.0,0.0,0.0,0.0,0.0,0.0,0.0,0.0,0.0,0.0,0.0,0.0
ymlfiles\Case_031_H1_T4_dir90_heavequadhigh_pitchquadhigh_rollquadhigh.yml,1,4.0,3.1008,90,quadhigh,quadhigh,quadhigh,1.0,4.0,100,1300.0,150,1300,0.025670663090371,0.1719298224693138,0.2438269145004317,-0.1550032823940676,0.675154308604004,-0.001390664680409,-0.0551368213858886,1.354380231822626,0.9768185551551,1.283822316783859e-05,-5.17601112930592e-06,-2.9163367158849803e-05,0.0298757576142541,0.0042822907599716,0.0078280752000162,0.0,0.0,0.0,0.0,0.0,0.0,0.0,0.0,0.0,0.0,0.0,0.0
ymlfiles\Case_032_H1_T4_dir90_heaveDOFbest_pitchDOFbest_rollDOFbest.yml,1,4.0,3.1008,90,DOFbest,DOFbest,DOFbest,3.3,2.4,233,304.5,248,640,0.0243342589451594,0.1703902885863801,0.2431186621929509,-0.1550006634359993,0.6751425195745672,-0.0013830308531805,-0.0602593660577148,1.3484972337081205,0.9741203328725532,1.0148635200857536e-05,-5.683188422924702e-06,-2.8922138145354848e-05,0.0285363566608979,0.0042616879473015,0.0078133350296926,0.0,0.0,0.0,0.0,0.0,0.0,0.0,0.0,0.0,0.0,0.0,0.0
ymlfiles\Case_033_H1_T4_dir135_heavelow_pitchlow_rolllow.yml,1,4.0,3.1008,135,low,low,low,1.0,1.0,100,300.0,150,200,0.0288529130221897,0.2925473117483945,0.1379257734041407,-0.1541555405916692,0.6843391222954119,0.0020542657398019,-0.0412012730615313,1.851641969428507,0.5542851808214588,6.890500670343169e-05,-1.4752614934373886e-06,2.3579152415372823e-05,0.0363468069695159,0.0085208888996332,0.0042786072221242,0.0,0.0,0.0,0.0,0.0,0.0,0.0,0.0,0.0,0.0,0.0,0.0
ymlfiles\Case_034_H1_T4_dir135_heavelinhigh_pitchlinhigh_rolllinhigh.yml,1,4.0,3.1008,135,linhigh,linhigh,linhigh,6.5,1.0,300,300.0,325,200,0.0261965846690201,0.2914246831956981,0.1368252358558385,-0.154153128989767,0.6843722296808047,0.0021856581210008,-0.0514375518407692,1.8472720742479736,0.5501004611872697,6.268485388682216e-05,-1.6760744019751178e-06,2.379472951478676e-05,0.0337273489871847,0.008495089763551,0.0042628737723554,0.0,0.0,0.0,0.0,0.0,0.0,0.0,0.0,0.0,0.0,0.0,0.0
ymlfiles\Case_035_H1_T4_dir135_heavequadhigh_pitchquadhigh_rollquadhigh.yml,1,4.0,3.1008,135,quadhigh,quadhigh,quadhigh,1.0,4.0,100,1300.0,150,1300,0.0287646057929643,0.2924401142193945,0.1378848679003579,-0.1541552890161603,0.6843363320327033,0.0020604019418345,-0.0415467293314347,1.851237023397791,0.5541275384690678,6.847756842158244e-05,-1.4821039630896682e-06,2.359650213652825e-05,0.0362587765960469,0.0085184940005155,0.0042780823000155,0.0,0.0,0.0,0.0,0.0,0.0,0.0,0.0,0.0,0.0,0.0,0.0
ymlfiles\Case_036_H1_T4_dir135_heaveDOFbest_pitchDOFbest_rollDOFbest.yml,1,4.0,3.1008,135,DOFbest,DOFbest,DOFbest,3.3,2.4,233,304.5,248,640,0.0276120467590236,0.2918667277633394,0.13717471283118,-0.1541531225052604,0.6843567948089454,0.0021287333664876,-0.0459949743680336,1.848969547483488,0.5514430122452609,6.52704457107534e-05,-1.6083663756856863e-06,2.3708051113963584e-05,0.0351273298773001,0.0085052952715883,0.0042679791675756,0.0,0.0,0.0,0.0,0.0,0.0,0.0,0.0,0.0,0.0,0.0,0.0
ymlfiles\Case_037_H1_T4_dir180_heavelow_pitchlow_rolllow.yml,1,4.0,3.1008,180,low,low,low,1.0,1.0,100,300.0,150,200,0.0351892648950725,0.7677343080155112,0.0001193998882617,-0.1561104531652962,0.6874240522988987,-0.002345977484195,-0.0178359325913098,3.7471873767469006,-0.0018902803637864,0.0002510810049547,-4.323018521221e-07,6.734945138192044e-10,0.0458113027224036,0.0219275575068808,1.72734288350017e-06,0.0,0.0,0.0,0.0,0.0,0.0,0.0,0.0,0.0,0.0,0.0,0.0
ymlfiles\Case_038_H1_T4_dir180_heavelinhigh_pitchlinhigh_rolllinhigh.yml,1,4.0,3.1008,180,linhigh,linhigh,linhigh,6.5,1.0,300,300.0,325,200,0.0326742863020633,0.7642039233560813,0.0001087504865269,-0.1561008328642108,0.6875815567491252,-0.0023460451455572,-0.0275529994829213,3.7333429259627966,-0.0019311301940303,0.0002266884158629,-4.0057050244778403e-07,8.443332210620591e-10,0.0431536902780281,0.0218439596400789,1.5945110732785823e-06,0.0,0.0,0.0,0.0,0.0,0.0,0.0,0.0,0.0,0.0,0.0,0.0
ymlfiles\Case_039_H1_T4_dir180_heavequadhigh_pitchquadhigh_rollquadhigh.yml,1,4.0,3.1008,180,quadhigh,quadhigh,quadhigh,1.0,4.0,100,1300.0,150,1300,0.0350838900913371,0.7669824714026187,0.000119041792155,-0.1561079196309676,0.6874270231017791,-0.0023459887359817,-0.0182433369086271,3.7441254689728143,-0.0018920041519066,0.0002457807960519,-4.280933991354556e-07,7.249226902888558e-10,0.0456945436449034,0.0219084951876212,1.7225929880862593e-06,0.0,0.0,0.0,0.0,0.0,0.0,0.0,0.0,0.0,0.0,0.0,0.0
ymlfiles\Case_040_H1_T4_dir180_heaveDOFbest_pitchDOFbest_rollDOFbest.yml,1,4.0,3.1008,180,DOFbest,DOFbest,DOFbest,3.3,2.4,233,304.5,248,640,0.0340268317609216,0.7654453777539205,0.0001122705871268,-0.1561046329321184,0.6874913029007048,-0.0023461094769266,-0.0223265416132863,3.738132220295233,-0.0019179059420412,0.0002353393958029,-4.118793510720868e-07,8.844769992627281e-10,0.0445857853993818,0.0218728776657662,1.6394010056977668e-06,0.0,0.0,0.0,0.0,0.0,0.0,0.0,0.0,0.0,0.0,0.0,0.0
ymlfiles\Case_041_H1_T4p5_dir0_heavelow_pitchlow_rolllow.yml,1,4.5,3.4884,0,low,low,low,1.0,1.0,100,300.0,150,200,0.0616011127208123,0.7337165321511887,8.946844007047747e-05,-0.1557251999042731,0.6814073726017477,-0.0023419927287725,0.0836859542325294,3.5940958105560936,-0.0019985521333153,-0.000231067228276,2.4807319908620373e-06,2.5906379259067837e-09,0.0690868824051794,0.0197329829288253,1.4284279687457886e-06,0.0,0.0,0.0,0.0,0.0,0.0,0.03,0.0,0.0,0.0,0.0,0.0
ymlfiles\Case_042_H1_T4p5_dir0_heavelinhigh_pitchlinhigh_rolllinhigh.yml,1,4.5,3.4884,0,linhigh,linhigh,linhigh,6.5,1.0,300,300.0,325,200,0.0550678540270923,0.7288009988776711,8.318687742246174e-05,-0.1557159801241344,0.681401114950272,-0.0023412619271497,0.0585260151177108,3.574853728089577,-0.0020218102301609,-0.0002455425009518,2.482476741524361e-06,2.584200056461393e-09,0.0627258311236196,0.0196242052677952,1.3402356778201814e-06,0.0,0.0,0.0,0.0,0.0,0.0,0.01,0.0,0.0,0.0,0.0,0.0
ymlfiles\Case_043_H1_T4p5_dir0_heavequadhigh_pitchquadhigh_rollquadhigh.yml,1,4.5,3.4884,0,quadhigh,quadhigh,quadhigh,1.0,4.0,100,1300.0,150,1300,0.061196722651878,0.7328059696731746,8.932001628821155e-05,-0.1557243729555193,0.6813633411094147,-0.0023419765399091,0.0821316602282008,3.5904370522782387,-0.0019991350948148,-0.0002337921158907,2.4714024301272047e-06,2.597094248986201e-09,0.0686916098215756,0.0197121742357861,1.4250533204881652e-06,0.0,0.0,0.0,0.0,0.0,0.0,0.03,0.0,0.0,0.0,0.0,0.0
ymlfiles\Case_044_H1_T4p5_dir0_heaveDOFbest_pitchDOFbest_rollDOFbest.yml,1,4.5,3.4884,0,DOFbest,DOFbest,DOFbest,3.3,2.4,233,304.5,248,640,0.0585185647659356,0.7306436859273983,8.509225842342643e-05,-0.1557206015628146,0.681373854787474,-0.0023418216099896,0.0718211475835866,3.5820030607924007,-0.0020149557248757,-0.0002402438809689,2.4778001966949085e-06,2.6077653379937767e-09,0.0660858959284529,0.0196645600971547,1.3693375082188903e-06,0.0,0.0,0.0,0.0,0.0,0.0,0.02,0.0,0.0,0.0,0.0,0.0
ymlfiles\Case_045_H1_T4p5_dir45_heavelow_pitchlow_rolllow.yml,1,4.5,3.4884,45,low,low,low,1.0,1.0,100,300.0,150,200,0.0657822090742246,0.326085688536625,0.4519366289456473,-0.1553763450142093,0.6790554767672847,0.0065738055054044,0.0999336819833663,1.974162647104804,1.795768896377351,0.0002490128688605,6.602648452712313e-05,4.383046961756705e-05,0.0721570162730126,0.0088512166044815,0.0116068587757489,0.0,0.0,0.0,0.0,0.0,0.0,0.05,0.0,0.0,0.0,0.0,0.0
ymlfiles\Case_046_H1_T4p5_dir45_heavelinhigh_pitchlinhigh_rolllinhigh.yml,1,4.5,3.4884,45,linhigh,linhigh,linhigh,6.5,1.0,300,300.0,325,200,0.0580695065952967,0.3240107038462385,0.44845489785656,-0.155363131292412,0.6790380973627625,0.0066123675595527,0.0701726265130153,1.9661183221870704,1.7825591708017126,0.0002350240197238,6.580598218624923e-05,4.403340740366021e-05,0.0644105157558761,0.0088086741670584,0.0115406620709795,0.0,0.0,0.0,0.0,0.0,0.0,0.01,0.0,0.0,0.0,0.0,0.0
ymlfiles\Case_047_H1_T4p5_dir45_heavequadhigh_pitchquadhigh_rollquadhigh.yml,1,4.5,3.4884,45,quadhigh,quadhigh,quadhigh,1.0,4.0,100,1300.0,150,1300,0.0652802096168281,0.3258985466099955,0.4516200127247375,-0.1553748791080246,0.6790584528958022,0.006590815640851,0.0979868172265286,1.9734223558665864,1.7945775002359938,0.0002477316021211,6.600556864465354e-05,4.384691795576656e-05,0.0716512016506411,0.0088473823112856,0.0116006977773298,0.0,0.0,0.0,0.0,0.0,0.0,0.05,0.0,0.0,0.0,0.0,0.0
ymlfiles\Case_048_H1_T4p5_dir45_heaveDOFbest_pitchDOFbest_rollDOFbest.yml,1,4.5,3.4884,45,DOFbest,DOFbest,DOFbest,3.3,2.4,233,304.5,248,640,0.0621356486252576,0.3248363919678522,0.4496454328609971,-0.1553678063456867,0.6790493779456643,0.0065878847487276,0.0858582194853083,1.9693788707943087,1.7870259010000298,0.0002400882693577,6.588137935066224e-05,4.394664829185767e-05,0.0684964834794569,0.0088256980531575,0.0115627810304867,0.0,0.0,0.0,0.0,0.0,0.0,0.03,0.0,0.0,0.0,0.0,0.0
ymlfiles\Case_049_H1_T4p5_dir90_heavelow_pitchlow_rolllow.yml,1,4.5,3.4884,90,low,low,low,1.0,1.0,100,300.0,150,200,0.0646146325815043,0.2300006847286015,0.2169769778962835,-0.1548626288524198,0.6762163144947724,-0.0006736732216405,0.0953705587539259,1.581831008574509,0.8669751877578059,1.5076782030999648e-05,-7.182716958448436e-06,-3.7286379927978206e-05,0.0680950509628104,0.0054311206437128,0.0066551742952126,0.0,0.0,0.0,0.0,0.0,0.0,0.02,0.0,0.0,0.0,0.0,0.0
ymlfiles\Case_050_H1_T4p5_dir90_heavelinhigh_pitchlinhigh_rolllinhigh.yml,1,4.5,3.4884,90,linhigh,linhigh,linhigh,6.5,1.0,300,300.0,325,200,0.0561003010350205,0.2267611832847733,0.2155476833856046,-0.1548633670943905,0.6761611578031732,-0.0008053428203807,0.0624928586626948,1.569193687332587,0.8611462230733467,1.240482291361311e-05,-7.865360475480081e-06,-3.6567721014947885e-05,0.0595191750338004,0.0053771386827575,0.0066279130762472,0.0,0.0,0.0,0.0,0.0,0.0,0.0,0.0,0.0,0.0,0.0,0.0
ymlfiles\Case_051_H1_T4p5_dir90_heavequadhigh_pitchquadhigh_rollquadhigh.yml,1,4.5,3.4884,90,quadhigh,quadhigh,quadhigh,1.0,4.0,100,1300.0,150,1300,0.0640938793608769,0.2298039626978154,0.2168995159549102,-0.1548628503494812,0.6762084698522117,-0.0006840095449309,0.0933627818158548,1.5810485820565108,0.866655096151474,1.493460832681871e-05,-7.218195958986435e-06,-3.724579565492254e-05,0.0675688265223527,0.0054279962005602,0.006653757813237,0.0,0.0,0.0,0.0,0.0,0.0,0.02,0.0,0.0,0.0,0.0,0.0
ymlfiles\Case_052_H1_T4p5_dir90_heaveDOFbest_pitchDOFbest_rollDOFbest.yml,1,4.5,3.4884,90,DOFbest,DOFbest,DOFbest,3.3,2.4,233,304.5,248,640,0.0605875383344511,0.2281057162006607,0.2160495242658163,-0.1548622828835764,0.6761861476340607,-0.0007365297731494,0.0798362973352093,1.574439130626112,0.8632582608947748,1.331035040523898e-05,-7.648597399673882e-06,-3.686989215020337e-05,0.0640384629672495,0.0053997904093494,0.006637336176758,0.0,0.0,0.0,0.0,0.0,0.0,0.01,0.0,0.0,0.0,0.0,0.0
ymlfiles\Case_053_H1_T4p5_dir135_heavelow_pitchlow_rolllow.yml,1,4.5,3.4884,135,low,low,low,1.0,1.0,100,300.0,150,200,0.0655479035068501,0.2715089218488122,0.1338870549822812,-0.1541164224169476,0.683366730940857,0.0030812569729217,0.1002025202106967,1.762804989879959,0.536645095395907,6.121124466102693e-05,-3.12958422585171e-06,2.126554411500945e-05,0.070761599697849,0.0074633102365983,0.0038290844259612,0.0,0.0,0.0,0.0,0.0,0.0,0.04,0.0,0.0,0.0,0.0,0.0
ymlfiles\Case_054_H1_T4p5_dir135_heavelinhigh_pitchlinhigh_rolllinhigh.yml,1,4.5,3.4884,135,linhigh,linhigh,linhigh,6.5,1.0,300,300.0,325,200,0.0574240523107382,0.2694153608158952,0.1323672794831252,-0.1541219299307284,0.6834297329149983,0.0031389884793672,0.0687967050068976,1.7548196981504929,0.5307177314325968,5.6386177259515794e-05,-3.31241621833951e-06,2.1378056020096928e-05,0.0626334345008069,0.0074279136272737,0.0038089463721452,0.0,0.0,0.0,0.0,0.0,0.0,0.01,0.0,0.0,0.0,0.0,0.0
ymlfiles\Case_055_H1_T4p5_dir135_heavequadhigh_pitchquadhigh_rollquadhigh.yml,1,4.5,3.4884,135,quadhigh,quadhigh,quadhigh,1.0,4.0,100,1300.0,150,1300,0.0650274623049219,0.2713409007518148,0.133829007262753,-0.1541174286623647,0.6833678950864593,0.0030834717542161,0.0981641862193424,1.7621381524027306,0.5364159796423171,6.0866541571816685e-05,-3.134663843319418e-06,2.1273944061443628e-05,0.0702388026484024,0.0074605677002703,0.0038284590161397,0.0,0.0,0.0,0.0,0.0,0.0,0.04,0.0,0.0,0.0,0.0,0.0
ymlfiles\Case_056_H1_T4p5_dir135_heaveDOFbest_pitchDOFbest_rollDOFbest.yml,1,4.5,3.4884,135,DOFbest,DOFbest,DOFbest,3.3,2.4,233,304.5,248,640,0.0616881313406576,0.2703055207144168,0.1328956104491069,-0.1541180426602045,0.68339779970679,0.0031180852652618,0.0852596183269004,1.7581772923139465,0.5328138317396942,5.8290501668051006e-05,-3.2511495054084846e-06,2.133281860396846e-05,0.0669000481648421,0.0074425631567043,0.0038157615386909,0.0,0.0,0.0,0.0,0.0,0.0,0.02,0.0,0.0,0.0,0.0,0.0
ymlfiles\Case_057_H1_T4p5_dir180_heavelow_pitchlow_rolllow.yml,1,4.5,3.4884,180,low,low,low,1.0,1.0,100,300.0,150,200,0.0735273987761173,0.7820531716863488,9.607189052345822e-05,-0.1558103101152501,0.6861995082688711,-0.0023475808138199,0.1303061998450975,3.7879080989491687,-0.0019789579416055,0.0003154239127937,-1.3644925885316987e-06,6.889825552896722e-10,0.0827692832209881,0.0206483813534809,1.4900115908073446e-06,0.0,0.0,0.0,0.0,0.0,0.0,0.25,0.0,0.0,0.0,0.0,0.0
ymlfiles\Case_058_H1_T4p5_dir180_heavelinhigh_pitchlinhigh_rolllinhigh.yml,1,4.5,3.4884,180,linhigh,linhigh,linhigh,6.5,1.0,300,300.0,325,200,0.0659527235455708,0.7761825627811832,8.733291763259641e-05,-0.1558083073483029,0.6864948682338678,-0.0023472101606555,0.1011443788833349,3.765299142612117,-0.0020123838816674,0.0002913034067354,-1.3307346743934991e-06,6.356152607633829e-10,0.0750151840028614,0.0205284503959463,1.3738522870642514e-06,0.0,0.0,0.0,0.0,0.0,0.0,0.09,0.0,0.0,0.0,0.0,0.0
ymlfiles\Case_059_H1_T4p5_dir180_heavequadhigh_pitchquadhigh_rollquadhigh.yml,1,4.5,3.4884,180,quadhigh,quadhigh,quadhigh,1.0,4.0,100,1300.0,150,1300,0.0729548244048946,0.7808998894369388,9.599359968906372e-05,-0.1558088320607316,0.6862337352949425,-0.0023474279880871,0.1281182380879298,3.783368282176197,-0.0019792816988673,0.0003104720856599,-1.361268537740725e-06,6.890485616623943e-10,0.0821787169372012,0.0206236334951765,1.4891454518692465e-06,0.0,0.0,0.0,0.0,0.0,0.0,0.23,0.0,0.0,0.0,0.0,0.0
ymlfiles\Case_060_H1_T4p5_dir180_heaveDOFbest_pitchDOFbest_rollDOFbest.yml,1,4.5,3.4884,180,DOFbest,DOFbest,DOFbest,3.3,2.4,233,304.5,248,640,0.0699211030925309,0.7783594485734046,9.070332429930822e-05,-0.1558077808536172,0.6863384167929443,-0.0023472180231837,0.1164414827556006,3.773702265885088,-0.0019993965590313,0.0002999650591876,-1.3451904560299938e-06,6.41101398632114e-10,0.0790805764679984,0.0205719176659057,1.4216152041786411e-06,0.0,0.0,0.0,0.0,0.0,0.0,0.16,0.0,0.0,0.0,0.0,0.0
ymlfiles\Case_061_H1_T5_dir0_heavelow_pitchlow_rolllow.yml,1,5.0,3.876,0,low,low,low,1.0,1.0,100,300.0,150,200,0.0991578520045898,0.6759961868999634,0.0001008259886448,-0.1551757843663187,0.6772867959198223,-0.0023443915584241,0.2286683684074405,3.3514271301529464,-0.001955977296935,-0.0003725496332414,1.3119938159875303e-06,2.7983731007549354e-09,0.1039784324524122,0.0172809003496125,1.6734214011120472e-06,0.0,0.0,0.0,0.0,0.0,0.0,1.62,0.0,0.0,0.0,0.0,0.0
ymlfiles\Case_062_H1_T5_dir0_heavelinhigh_pitchlinhigh_rolllinhigh.yml,1,5.0,3.876,0,linhigh,linhigh,linhigh,6.5,1.0,300,300.0,325,200,0.0893923266540683,0.6698704985994365,9.192560674905422e-05,-0.1551816795546455,0.6775140794397203,-0.0023440055518656,0.1909496378491581,3.3278279921016125,-0.0019898203998536,-0.0003826253481568,1.2576494897999662e-06,2.792311752307532e-09,0.0941024117539821,0.0171582635649436,1.5355322626819643e-06,0.0,0.0,0.0,0.0,0.0,0.0,0.79,0.0,0.0,0.0,0.0,0.0
ymlfiles\Case_063_H1_T5_dir0_heavequadhigh_pitchquadhigh_rollquadhigh.yml,1,5.0,3.876,0,quadhigh,quadhigh,quadhigh,1.0,4.0,100,1300.0,150,1300,0.0982895461378059,0.6750100946161772,0.0001004716273665,-0.1551771462760281,0.6772756280242381,-0.0023445805988186,0.2253340482572291,3.347515127902894,-0.0019575632267503,-0.0003738770381963,1.304291912577582e-06,2.765274291380247e-09,0.1030976748488821,0.0172605628679981,1.6677536423657697e-06,0.0,0.0,0.0,0.0,0.0,0.0,1.53,0.0,0.0,0.0,0.0,0.0
ymlfiles\Case_064_H1_T5_dir0_heaveDOFbest_pitchDOFbest_rollDOFbest.yml,1,5.0,3.876,0,DOFbest,DOFbest,DOFbest,3.3,2.4,233,304.5,248,640,0.0944874147322365,0.6722071671434585,9.53223510263109e-05,-0.1551784166710199,0.6773745496496637,-0.00234419153393,0.2106406384777357,3.336661969523292,-0.0019768311881072,-0.0003782427503707,1.2835237231942107e-06,2.8033339774774764e-09,0.0992516889272171,0.0172050386988756,1.5924981048752289e-06,0.0,0.0,0.0,0.0,0.0,0.0,1.18,0.0,0.0,0.0,0.0,0.0
ymlfiles\Case_065_H1_T5_dir45_heavelow_pitchlow_rolllow.yml,1,5.0,3.876,45,low,low,low,1.0,1.0,100,300.0,150,200,0.1096740618106621,0.2884955688785003,0.4488877179419556,-0.1548843622093691,0.67908522997881,0.0050652073970588,0.2697630613321965,1.821459124415321,1.7735689291648908,0.0003841002808354,5.505935093588672e-05,3.380293169779549e-05,0.1155266471155151,0.007423158093055,0.0106624111274729,0.0,0.0,0.0,0.0,0.0,0.0,3.05,0.0,0.0,0.0,0.0,0.0
ymlfiles\Case_066_H1_T5_dir45_heavelinhigh_pitchlinhigh_rolllinhigh.yml,1,5.0,3.876,45,linhigh,linhigh,linhigh,6.5,1.0,300,300.0,325,200,0.0983890058710759,0.2839417574951106,0.4421452678301392,-0.1548789686126887,0.6791666639899656,0.0051507801767222,0.226073332546754,1.804014998282396,1.7476158630152878,0.0003639750278247,5.443958053779767e-05,3.374587123886589e-05,0.1039394635114347,0.0073568526158645,0.0105512010467536,0.0,0.0,0.0,0.0,0.0,0.0,1.62,0.0,0.0,0.0,0.0,0.0
ymlfiles\Case_067_H1_T5_dir45_heavequadhigh_pitchquadhigh_rollquadhigh.yml,1,5.0,3.876,45,quadhigh,quadhigh,quadhigh,1.0,4.0,100,1300.0,150,1300,0.10856207345609,0.288110715682732,0.4482902605370714,-0.1548848721772204,0.6790980826375268,0.0050866175709117,0.2654570393592143,1.8199193870777035,1.7711879953584777,0.0003824876951975,5.500529011132201e-05,3.3795331736114873e-05,0.1143827379739683,0.0074176971778664,0.010652523106654,0.0,0.0,0.0,0.0,0.0,0.0,2.88,0.0,0.0,0.0,0.0,0.0
ymlfiles\Case_068_H1_T5_dir45_heaveDOFbest_pitchDOFbest_rollDOFbest.yml,1,5.0,3.876,45,DOFbest,DOFbest,DOFbest,3.3,2.4,233,304.5,248,640,0.1042584059159605,0.2858507857983381,0.4446518520316762,-0.1548796970641665,0.679126404881975,0.0050950925449424,0.2487983287199767,1.8113396203969452,1.757390576358196,0.0003719775219329,5.4674283038924016e-05,3.377168092957945e-05,0.1099635936035875,0.0073845448554596,0.0105922512170981,0.0,0.0,0.0,0.0,0.0,0.0,2.3,0.0,0.0,0.0,0.0,0.0
ymlfiles\Case_069_H1_T5_dir90_heavelow_pitchlow_rolllow.yml,1,5.0,3.876,90,low,low,low,1.0,1.0,100,300.0,150,200,0.1058638244377731,0.2684257064530466,0.1936521250643137,-0.1544208811777297,0.6778082524087319,0.000921077527114,0.2551219032197661,1.729054443140726,0.7721688393277902,6.597495134834196e-05,-5.528506872954627e-06,-3.370090834829237e-05,0.1092374849797788,0.0058436047672054,0.0055325589052784,0.0,0.0,0.0,0.0,0.0,0.0,2.21,0.0,0.0,0.0,0.0,0.0
ymlfiles\Case_070_H1_T5_dir90_heavelinhigh_pitchlinhigh_rolllinhigh.yml,1,5.0,3.876,90,linhigh,linhigh,linhigh,6.5,1.0,300,300.0,325,200,0.094563946677255,0.261692870187294,0.1903407246445997,-0.1544353785799129,0.6777859707801376,0.0006499366611175,0.2113924601307516,1.7032533266056125,0.7591532935250372,5.7959956359293365e-05,-5.818699414580216e-06,-3.2739294583778506e-05,0.0977108903764502,0.0057343383026961,0.0054923780361209,0.0,0.0,0.0,0.0,0.0,0.0,1.05,0.0,0.0,0.0,0.0,0.0
ymlfiles\Case_071_H1_T5_dir90_heavequadhigh_pitchquadhigh_rollquadhigh.yml,1,5.0,3.876,90,quadhigh,quadhigh,quadhigh,1.0,4.0,100,1300.0,150,1300,0.1048190011867481,0.2679462133136475,0.1934366337416512,-0.1544234127758506,0.6778012636288101,0.0008905570175133,0.251077388199069,1.7272973525098785,0.7713315584297227,6.546730963369839e-05,-5.532436936782802e-06,-3.3639257711034954e-05,0.1081700559566944,0.005836001043314,0.0055302300935329,0.0,0.0,0.0,0.0,0.0,0.0,2.08,0.0,0.0,0.0,0.0,0.0
ymlfiles\Case_072_H1_T5_dir90_heaveDOFbest_pitchDOFbest_rollDOFbest.yml,1,5.0,3.876,90,DOFbest,DOFbest,DOFbest,3.3,2.4,233,304.5,248,640,0.1004563543211664,0.2646453201968103,0.1916032411382376,-0.1544274754127174,0.6777993172479201,0.0007830086110083,0.2342102001913534,1.7145852573483622,0.7641630390870655,6.156969404970728e-05,-5.74683108882962e-06,-3.315538347817172e-05,0.1037182755886693,0.005782686643957,0.0055072156724228,0.0,0.0,0.0,0.0,0.0,0.0,1.59,0.0,0.0,0.0,0.0,0.0
ymlfiles\Case_073_H1_T5_dir135_heavelow_pitchlow_rolllow.yml,1,5.0,3.876,135,low,low,low,1.0,1.0,100,300.0,150,200,0.10667283426831,0.2422570175455252,0.1333175109956103,-0.1538448730091572,0.6834559949194944,0.0050900008627984,0.2589509616728532,1.6430772661370372,0.5324516361956307,0.0001041847204015,-2.2098424058625624e-06,1.5213915444366325e-05,0.1106477611753211,0.0062490389447204,0.0033657193505358,0.0,0.0,0.0,0.0,0.0,0.0,2.39,0.0,0.0,0.0,0.0,0.0
ymlfiles\Case_074_H1_T5_dir135_heavelinhigh_pitchlinhigh_rolllinhigh.yml,1,5.0,3.876,135,linhigh,linhigh,linhigh,6.5,1.0,300,300.0,325,200,0.0955011509058687,0.237464228639121,0.1303166833113151,-0.1538489819158074,0.683549247945479,0.0049213025467121,0.2157701540680515,1.624746002153537,0.5208967771115365,9.458230010774152e-05,-2.350614841263667e-06,1.5151167581648626e-05,0.0992144685395277,0.006184141779911,0.003330304568732,0.0,0.0,0.0,0.0,0.0,0.0,1.17,0.0,0.0,0.0,0.0,0.0
ymlfiles\Case_075_H1_T5_dir135_heavequadhigh_pitchquadhigh_rollquadhigh.yml,1,5.0,3.876,135,quadhigh,quadhigh,quadhigh,1.0,4.0,100,1300.0,150,1300,0.1056238731035283,0.241881487726101,0.1331895743876009,-0.1538474781283062,0.6834636593188235,0.0050723466485903,0.2549044391777083,1.6416451907634206,0.5319413815782448,0.0001035566180897,-2.214404724142441e-06,1.520672843054732e-05,0.1095710503421071,0.006244104335923,0.0033643629044844,0.0,0.0,0.0,0.0,0.0,0.0,2.25,0.0,0.0,0.0,0.0,0.0
ymlfiles\Case_076_H1_T5_dir135_heaveDOFbest_pitchDOFbest_rollDOFbest.yml,1,5.0,3.876,135,DOFbest,DOFbest,DOFbest,3.3,2.4,233,304.5,248,640,0.1013051131585353,0.2395831062052381,0.1314110487214149,-0.1538463524200412,0.683505743881087,0.0050179108902196,0.23816314183621,1.6329128464532334,0.5251952113388207,9.899477143796056e-05,-2.300088027909797e-06,1.5187188534488525e-05,0.1051502462208376,0.0062127670237008,0.0033431520582002,0.0,0.0,0.0,0.0,0.0,0.0,1.74,0.0,0.0,0.0,0.0,0.0
ymlfiles\Case_077_H1_T5_dir180_heavelow_pitchlow_rolllow.yml,1,5.0,3.876,180,low,low,low,1.0,1.0,100,300.0,150,200,0.1208763643100613,0.768494416416878,0.0001058584702935,-0.1552566472189367,0.6831870640202754,-0.0023481735012416,0.313416187446126,3.715488881943307,-0.0019403828628642,0.0004939473275281,-1.4317238876870986e-07,-9.834465075722056e-10,0.1286897145517171,0.0187071996603418,1.7625032840199056e-06,0.0,0.0,0.0,0.0,0.0,0.0,5.21,0.0,0.0,0.0,0.0,0.0
ymlfiles\Case_078_H1_T5_dir180_heavelinhigh_pitchlinhigh_rolllinhigh.yml,1,5.0,3.876,180,linhigh,linhigh,linhigh,6.5,1.0,300,300.0,325,200,0.1091364526672068,0.7568961128876958,9.582334795361563e-05,-0.155256666774207,0.6835954997576745,-0.0023481469142181,0.2680797275943211,3.670850698118712,-0.0019784667739988,0.000461594811819,-1.1636325826370236e-07,-7.987553507585508e-10,0.1164659904281792,0.0185115056988136,1.60688105347553e-06,0.0,0.0,0.0,0.0,0.0,0.0,3.18,0.0,0.0,0.0,0.0,0.0
ymlfiles\Case_079_H1_T5_dir180_heavequadhigh_pitchquadhigh_rollquadhigh.yml,1,5.0,3.876,180,quadhigh,quadhigh,quadhigh,1.0,4.0,100,1300.0,150,1300,0.1195767808608013,0.7664463782539749,0.0001054385283802,-0.1552571420754868,0.683233189965903,-0.0023482537010411,0.3083936038290968,3.707615653220189,-0.0019422454932677,0.000488463901255,-1.3707483853644338e-07,-9.53688254428488e-10,0.1273326648586241,0.0186721850970711,1.7535713681318552e-06,0.0,0.0,0.0,0.0,0.0,0.0,4.96,0.0,0.0,0.0,0.0,0.0
ymlfiles\Case_080_H1_T5_dir180_heaveDOFbest_pitchDOFbest_rollDOFbest.yml,1,5.0,3.876,180,DOFbest,DOFbest,DOFbest,3.3,2.4,233,304.5,248,640,0.1151734006939823,0.7613585187861152,9.962220681225244e-05,-0.1552536272873511,0.6833801571180628,-0.0023483992289981,0.2914195084852621,3.6879267468063457,-0.0019644312400453,0.0004742364282909,-1.1867773365148008e-07,-8.681582680146159e-10,0.1227506557286312,0.0185868750555172,1.670355943361051e-06,0.0,0.0,0.0,0.0,0.0,0.0,4.17,0.0,0.0,0.0,0.0,0.0
ymlfiles\Case_081_H1_T6_dir0_heavelow_pitchlow_rolllow.yml,1,6.0,4.6512,0,low,low,low,1.0,1.0,100,300.0,150,200,0.185636903307094,0.6090000898402944,0.0001770874399459,-0.1536744270878198,0.6687948475523211,-0.002348166410652,0.5624719330955719,3.0607175311544834,-0.0016671545404771,-0.0006799084192392,-1.1247126910748468e-06,4.060229728195372e-09,0.1840728688192311,0.013859833862955,2.897046552256896e-06,0.0,0.0,0.0,0.0,0.0,0.0,17.44,0.0,0.0,0.0,0.0,0.0
ymlfiles\Case_082_H1_T6_dir0_heavelinhigh_pitchlinhigh_rolllinhigh.yml,1,6.0,4.6512,0,linhigh,linhigh,linhigh,6.5,1.0,300,300.0,325,200,0.1713405609229753,0.5985195607477296,0.0001608261806555,-0.1538086511271451,0.6694138201715778,-0.0023467467774835,0.5069224500456883,3.020985607507806,-0.0017283718510174,-0.000676734446656,-1.021458610683259e-06,3.993589264307409e-09,0.1694633846285698,0.013713146660919,2.618423987621077e-06,0.0,0.0,0.0,0.0,0.0,0.0,14.01,0.0,0.0,0.0,0.0,0.0
ymlfiles\Case_083_H1_T6_dir0_heavequadhigh_pitchquadhigh_rollquadhigh.yml,1,6.0,4.6512,0,quadhigh,quadhigh,quadhigh,1.0,4.0,100,1300.0,150,1300,0.1835888047684236,0.6075078777642092,0.0001833627053999,-0.1537243470672836,0.6688969844713221,-0.0023471603347083,0.5545208992339219,3.055304286571948,-0.0016422210049613,-0.0006796152486352,-1.1112722474756531e-06,4.078993051230611e-09,0.1819750692587644,0.0138390260502716,2.95374422756836e-06,0.0,0.0,0.0,0.0,0.0,0.0,16.95,0.0,0.0,0.0,0.0,0.0
ymlfiles\Case_084_H1_T6_dir0_heaveDOFbest_pitchDOFbest_rollDOFbest.yml,1,6.0,4.6512,0,DOFbest,DOFbest,DOFbest,3.3,2.4,233,304.5,248,640,0.1785274693352576,0.6019291930466897,0.0001717994875087,-0.153762955269411,0.669096141889986,-0.0023483178327587,0.5348752210087343,3.0338625508570205,-0.0016877790441288,-0.0006765776356497,-1.0719202248228018e-06,4.334485769444104e-09,0.1767958205060318,0.0137628927680994,2.78936377056644e-06,0.0,0.0,0.0,0.0,0.0,0.0,15.73,0.0,0.0,0.0,0.0,0.0
ymlfiles\Case_085_H1_T6_dir45_heavelow_pitchlow_rolllow.yml,1,6.0,4.6512,45,low,low,low,1.0,1.0,100,300.0,150,200,0.2079153282493457,0.3806446307221611,0.605814072541113,-0.1538612127542049,0.6744470872789586,0.005678261623094,0.648230412884403,2.151433707349469,2.3551309017784243,0.0006402333186444,4.425739976528258e-05,2.559854175014479e-05,0.2069084093032206,0.0073088212223239,0.0113630984769325,0.0,0.0,0.0,0.0,0.0,0.0,22.69,0.0,0.0,0.0,0.0,0.0
ymlfiles\Case_086_H1_T6_dir45_heavelinhigh_pitchlinhigh_rolllinhigh.yml,1,6.0,4.6512,45,linhigh,linhigh,linhigh,6.5,1.0,300,300.0,325,200,0.1918074347697147,0.3543631143891119,0.5753476905851195,-0.1538765322619128,0.6752563451985072,0.0051513645236986,0.5860150674759462,2.0536364027947496,2.239316617991848,0.0006058882790269,4.300827976623923e-05,2.483509711728874e-05,0.1903864997020346,0.0069890381711234,0.0109506105535357,0.0,0.0,0.0,0.0,0.0,0.0,18.91,0.0,0.0,0.0,0.0,0.0
ymlfiles\Case_087_H1_T6_dir45_heavequadhigh_pitchquadhigh_rollquadhigh.yml,1,6.0,4.6512,45,quadhigh,quadhigh,quadhigh,1.0,4.0,100,1300.0,150,1300,0.2052989799538427,0.378217613984611,0.6023440284222847,-0.1538807246593434,0.6745984985615548,0.0055917082259898,0.6380863641260376,2.142481975952763,2.341755270632797,0.0006372800579779,4.412509207267685e-05,2.5519601035287943e-05,0.2042157094058322,0.0072783415527644,0.0113148495950157,0.0,0.0,0.0,0.0,0.0,0.0,22.09,0.0,0.0,0.0,0.0,0.0
ymlfiles\Case_088_H1_T6_dir45_heaveDOFbest_pitchDOFbest_rollDOFbest.yml,1,6.0,4.6512,45,DOFbest,DOFbest,DOFbest,3.3,2.4,233,304.5,248,640,0.1998776950708155,0.3648182292270028,0.5862215714189617,-0.1538704418275292,0.6748730052127385,0.005360529085705,0.6170910259828785,2.092401368705474,2.2807029905457847,0.0006181241661715,4.343966682613925e-05,2.5119327950996517e-05,0.1986536159503422,0.0071164829410883,0.0111007484487371,0.0,0.0,0.0,0.0,0.0,0.0,20.82,0.0,0.0,0.0,0.0,0.0
ymlfiles\Case_089_H1_T6_dir90_heavelow_pitchlow_rolllow.yml,1,6.0,4.6512,90,low,low,low,1.0,1.0,100,300.0,150,200,0.1977887471346577,0.3865361214777914,0.3533439197787079,-0.1533679198787518,0.6787322912707731,0.0071739882124892,0.6095681830687085,2.1712478214716358,1.3742247744864813,0.0001596271909465,-9.157285965202163e-06,-2.6326037044653866e-05,0.1953323255548049,0.0068955561634925,0.0063516591725247,0.0,0.0,0.0,0.0,0.0,0.0,20.06,0.0,0.0,0.0,0.0,0.0
ymlfiles\Case_090_H1_T6_dir90_heavelinhigh_pitchlinhigh_rolllinhigh.yml,1,6.0,4.6512,90,linhigh,linhigh,linhigh,6.5,1.0,300,300.0,325,200,0.1824295764431282,0.3632095346107643,0.3273214393828125,-0.1534274517534929,0.6791367016758708,0.0064905460973218,0.550067357858679,2.082719380818327,1.2755744436695442,0.0001395355128521,-8.61326345102621e-06,-2.527348315409232e-05,0.1796013798703901,0.0065648109528552,0.006028181326905,0.0,0.0,0.0,0.0,0.0,0.0,16.39,0.0,0.0,0.0,0.0,0.0
ymlfiles\Case_091_H1_T6_dir90_heavequadhigh_pitchquadhigh_rollquadhigh.yml,1,6.0,4.6512,90,quadhigh,quadhigh,quadhigh,1.0,4.0,100,1300.0,150,1300,0.1954496308695747,0.384455420171825,0.3513602052901332,-0.1533847666675033,0.6787974900530541,0.0070667407026446,0.6005285972542204,2.1633941988804097,1.3665447798176975,0.0001582006745419,-9.086897694859344e-06,-2.6230676145338928e-05,0.1929334489795396,0.006865434262534,0.0063252616520396,0.0,0.0,0.0,0.0,0.0,0.0,19.51,0.0,0.0,0.0,0.0,0.0
ymlfiles\Case_092_H1_T6_dir90_heaveDOFbest_pitchDOFbest_rollDOFbest.yml,1,6.0,4.6512,90,DOFbest,DOFbest,DOFbest,3.3,2.4,233,304.5,248,640,0.1901671005527076,0.3729061099557128,0.3363561020165255,-0.1533977653711852,0.6789488005913451,0.0068219583415197,0.5799930888730858,2.1196707846940286,1.310032598145719,0.0001470483552223,-8.862000573596935e-06,-2.5727376910308648e-05,0.187517762806668,0.006703660841919,0.006142714380762,0.0,0.0,0.0,0.0,0.0,0.0,18.25,0.0,0.0,0.0,0.0,0.0
ymlfiles\Case_093_H1_T6_dir135_heavelow_pitchlow_rolllow.yml,1,6.0,4.6512,135,low,low,low,1.0,1.0,100,300.0,150,200,0.1982618669366692,0.3563740975388479,0.2492389968247278,-0.1532596215128448,0.6865587093632816,0.0105777415623038,0.6115609032179188,2.0691314087856965,0.9713167236726756,0.0001462740034376,-5.35015530706604e-06,1.104278117398593e-05,0.1954280989899948,0.0066770099835065,0.0042630961687501,0.0,0.0,0.0,0.0,0.0,0.0,20.08,0.0,0.0,0.0,0.0,0.0
ymlfiles\Case_094_H1_T6_dir135_heavelinhigh_pitchlinhigh_rolllinhigh.yml,1,6.0,4.6512,135,linhigh,linhigh,linhigh,6.5,1.0,300,300.0,325,200,0.1829632650488228,0.33611110995348,0.2335387893256309,-0.153278234706484,0.686609458994096,0.0099133587170462,0.5523297159047155,1.9919607192042637,0.9110606952798728,0.0001358520729896,-5.186417477906089e-06,1.0739009372296543e-05,0.1796899158671965,0.0064098085939082,0.0040651811018974,0.0,0.0,0.0,0.0,0.0,0.0,16.41,0.0,0.0,0.0,0.0,0.0
ymlfiles\Case_095_H1_T6_dir135_heavequadhigh_pitchquadhigh_rollquadhigh.yml,1,6.0,4.6512,135,quadhigh,quadhigh,quadhigh,1.0,4.0,100,1300.0,150,1300,0.1959320400200944,0.3547880812562807,0.2487839152520364,-0.1532737019183208,0.6865691707465768,0.0104641614187211,0.602529383653681,2.0630874293636143,0.969487258921,0.0001457937938644,-5.338181924110885e-06,1.1001340975172847e-05,0.1930245037734332,0.0066539815560834,0.004256873183715,0.0,0.0,0.0,0.0,0.0,0.0,19.53,0.0,0.0,0.0,0.0,0.0
ymlfiles\Case_096_H1_T6_dir135_heaveDOFbest_pitchDOFbest_rollDOFbest.yml,1,6.0,4.6512,135,DOFbest,DOFbest,DOFbest,3.3,2.4,233,304.5,248,640,0.1906266761353406,0.3442332433139132,0.2384565919888737,-0.153269028719891,0.6865980547767706,0.0102368192189487,0.5820106382042441,2.022879295382295,0.930215559001592,0.0001397035522632,-5.251104974694826e-06,1.0884639062474085e-05,0.1875620088482956,0.0065189230888327,0.0041282267990635,0.0,0.0,0.0,0.0,0.0,0.0,18.26,0.0,0.0,0.0,0.0,0.0
ymlfiles\Case_097_H1_T6_dir180_heavelow_pitchlow_rolllow.yml,1,6.0,4.6512,180,low,low,low,1.0,1.0,100,300.0,150,200,0.2257232229613902,1.013949584950547,0.000197599799113,-0.1542163821872521,0.6860278586558657,-0.0023488854392848,0.7170187665068279,4.623630631724621,-0.0015886234719816,0.0008009499976812,1.014065205825735e-06,-2.578853956940067e-09,0.2242016919513363,0.0193849412878511,3.211404118518e-06,0.0,0.0,0.0,0.0,0.0,0.0,26.48,0.0,0.0,0.0,0.0,0.0
ymlfiles\Case_098_H1_T6_dir180_heavelinhigh_pitchlinhigh_rolllinhigh.yml,1,6.0,4.6512,180,linhigh,linhigh,linhigh,6.5,1.0,300,300.0,325,200,0.2084338215671519,0.96548298236523,0.0001741932522497,-0.1542348620138831,0.6857055305329901,-0.0023484881095914,0.6500142854712914,4.439151222833766,-0.0016781812516935,0.000753395817604,9.333422815889324e-07,-2.198069707078622e-09,0.2063911239189983,0.0187181168749612,2.856438111552806e-06,0.0,0.0,0.0,0.0,0.0,0.0,22.58,0.0,0.0,0.0,0.0,0.0
ymlfiles\Case_099_H1_T6_dir180_heavequadhigh_pitchquadhigh_rollquadhigh.yml,1,6.0,4.6512,180,quadhigh,quadhigh,quadhigh,1.0,4.0,100,1300.0,150,1300,0.2226929082447616,1.0039808320713306,0.0001910293984294,-0.1542358926814801,0.6859659403077829,-0.0023487833579872,0.7053029996057731,4.585541630415522,-0.0016136798101086,0.0007914889934374,1.001933609447122e-06,-2.383471347406284e-09,0.2210685392865908,0.019247796652253,3.122889960745133e-06,0.0,0.0,0.0,0.0,0.0,0.0,25.81,0.0,0.0,0.0,0.0,0.0
ymlfiles\Case_100_H1_T6_dir180_heaveDOFbest_pitchDOFbest_rollDOFbest.yml,1,6.0,4.6512,180,DOFbest,DOFbest,DOFbest,3.3,2.4,233,304.5,248,640,0.216960564947459,0.98284180182948,0.0001827170180504,-0.1542273129819917,0.6858504763884697,-0.0023486616571765,0.6831196106689041,4.5049235046474445,-0.001645433123366,0.0007706458796764,9.586414019590382e-07,-2.372212217499475e-09,0.2151638388767085,0.0189611998537084,2.99254005473046e-06,0.0,0.0,0.0,0.0,0.0,0.0,24.53,0.0,0.0,0.0,0.0,0.0
ymlfiles\Case_101_H1_T7_dir0_heavelow_pitchlow_rolllow.yml,1,7.0,5.4264,0,low,low,low,1.0,1.0,100,300.0,150,200,0.2342680688379426,0.6488922318054436,0.0002718109323245,-0.1529509511219587,0.6701142087217244,-0.0023482534966976,0.7459295202087765,3.1909553043050263,-0.0013084059315847,-0.0009377602530555,-4.356238348029386e-07,5.620698288348481e-09,0.2140313944286872,0.0124663338675185,4.112370217955727e-06,0.0,0.0,0.0,0.0,0.0,0.0,24.28,0.0,0.0,0.0,0.0,0.0
ymlfiles\Case_102_H1_T7_dir0_heavelinhigh_pitchlinhigh_rolllinhigh.yml,1,7.0,5.4264,0,linhigh,linhigh,linhigh,6.5,1.0,300,300.0,325,200,0.2207516654202015,0.6270362791559366,0.0002451481135671,-0.1530873102839673,0.6701636955793407,-0.0023482557167502,0.6936744371146664,3.1087824687920973,-0.0014103262742514,-0.0009269536126847,-3.794786535537667e-07,5.172967574711058e-09,0.2007633532275711,0.0121984029224109,3.715902508486759e-06,0.0,0.0,0.0,0.0,0.0,0.0,21.3,0.0,0.0,0.0,0.0,0.0
ymlfiles\Case_103_H1_T7_dir0_heavequadhigh_pitchquadhigh_rollquadhigh.yml,1,7.0,5.4264,0,quadhigh,quadhigh,quadhigh,1.0,4.0,100,1300.0,150,1300,0.2320927665590219,0.6464114342058437,0.0002694333912089,-0.1530064777969629,0.6701412006275578,-0.0023481863749941,0.7374889481312595,3.1817839103154912,-0.0013174343981963,-0.0009378447190345,-4.282720889426562e-07,5.559000829543746e-09,0.2119007996686522,0.0124358259804875,4.0830482680659626e-06,0.0,0.0,0.0,0.0,0.0,0.0,23.81,0.0,0.0,0.0,0.0,0.0
ymlfiles\Case_104_H1_T7_dir0_heaveDOFbest_pitchDOFbest_rollDOFbest.yml,1,7.0,5.4264,0,DOFbest,DOFbest,DOFbest,3.3,2.4,233,304.5,248,640,0.2274912145811244,0.6340547424092896,0.0002535577744053,-0.1530350505634874,0.6701242809026662,-0.0023492106481224,0.7197296169465607,3.1351885295427837,-0.0013791500838575,-0.0009275659844388,-4.003102788983704e-07,5.412418149930916e-09,0.2073662003925828,0.0122858834916863,3.846546221833191e-06,0.0,0.0,0.0,0.0,0.0,0.0,22.8,0.0,0.0,0.0,0.0,0.0
ymlfiles\Case_105_H1_T7_dir45_heavelow_pitchlow_rolllow.yml,1,7.0,5.4264,45,low,low,low,1.0,1.0,100,300.0,150,200,0.2575882523503404,0.5958060740352181,0.9018859024804444,-0.1533299257273298,0.6739205233594308,0.0044776054235202,0.8351147806114815,2.9595472508452416,3.463298756678227,0.0006931271335644,3.1645068636503246e-05,2.2627419906778912e-05,0.2357241628282627,0.0094784461572223,0.0143062647718391,0.0,0.0,0.0,0.0,0.0,0.0,28.89,0.0,0.0,0.0,0.0,0.0
ymlfiles\Case_106_H1_T7_dir45_heavelinhigh_pitchlinhigh_rolllinhigh.yml,1,7.0,5.4264,45,linhigh,linhigh,linhigh,6.5,1.0,300,300.0,325,200,0.243130295632489,0.5391705363710817,0.832528357293812,-0.1532989102103497,0.6748234783105527,0.0033065765935062,0.77958569423864,2.744965992570343,3.199107050645071,0.0006387243453149,2.990622500677991e-05,2.0789326861815246e-05,0.2215308569768298,0.0087057505861822,0.0133684711792191,0.0,0.0,0.0,0.0,0.0,0.0,25.91,0.0,0.0,0.0,0.0,0.0
ymlfiles\Case_107_H1_T7_dir45_heavequadhigh_pitchquadhigh_rollquadhigh.yml,1,7.0,5.4264,45,quadhigh,quadhigh,quadhigh,1.0,4.0,100,1300.0,150,1300,0.2549723811135416,0.589337483807566,0.892638779936571,-0.1533505350601831,0.6741235197536445,0.0042280271217051,0.8250562753230273,2.935229117334467,3.427734609249148,0.0006878490104764,3.144195894543456e-05,2.2409294997371957e-05,0.2331611947624609,0.0093887106518498,0.0141796521408959,0.0,0.0,0.0,0.0,0.0,0.0,28.36,0.0,0.0,0.0,0.0,0.0
ymlfiles\Case_108_H1_T7_dir45_heaveDOFbest_pitchDOFbest_rollDOFbest.yml,1,7.0,5.4264,45,DOFbest,DOFbest,DOFbest,3.3,2.4,233,304.5,248,640,0.2503476527339022,0.5613539589311812,0.8561600972526153,-0.1533017034365751,0.6744141604121068,0.0038069643740526,0.8072342191455462,2.829083809394787,3.288974303322549,0.0006576598508543,3.0447768137125933e-05,2.1446858455438646e-05,0.2286101145191688,0.0090080828237457,0.0136912778993618,0.0,0.0,0.0,0.0,0.0,0.0,27.41,0.0,0.0,0.0,0.0,0.0
ymlfiles\Case_109_H1_T7_dir90_heavelow_pitchlow_rolllow.yml,1,7.0,5.4264,90,low,low,low,1.0,1.0,100,300.0,150,200,0.2467764128282115,0.586933822482507,0.6382988590793992,-0.1528594053383545,0.6767099276925216,0.006778980346899,0.7940573204329172,2.925729940173034,2.446709683151988,0.0001429748694098,-7.4545985979114435e-06,-2.052107284592508e-05,0.2242833850123426,0.0092002088923596,0.0096550836391874,0.0,0.0,0.0,0.0,0.0,0.0,26.5,0.0,0.0,0.0,0.0,0.0
ymlfiles\Case_110_H1_T7_dir90_heavelinhigh_pitchlinhigh_rolllinhigh.yml,1,7.0,5.4264,90,linhigh,linhigh,linhigh,6.5,1.0,300,300.0,325,200,0.2329507948721766,0.5327782939018483,0.5831034924119745,-0.1528758749693812,0.6780272797165104,0.0059322321235164,0.7406794318428761,2.721413401287384,2.237417043354549,0.0001115284993767,-6.74855655001114e-06,-1.9270390398960884e-05,0.2106854238067526,0.0084283479295595,0.0089105200924746,0.0,0.0,0.0,0.0,0.0,0.0,23.54,0.0,0.0,0.0,0.0,0.0
ymlfiles\Case_111_H1_T7_dir90_heavequadhigh_pitchquadhigh_rollquadhigh.yml,1,7.0,5.4264,90,quadhigh,quadhigh,quadhigh,1.0,4.0,100,1300.0,150,1300,0.244406543733643,0.5806500699044895,0.63298500378779,-0.1528864133233675,0.6769738921815028,0.0065814098801112,0.7848963019325084,2.9021121529131886,2.4264218847898755,0.0001405849708991,-7.351978987918475e-06,-2.0376944646458932e-05,0.2219595433422651,0.0091094417250795,0.0095820553579674,0.0,0.0,0.0,0.0,0.0,0.0,26.0,0.0,0.0,0.0,0.0,0.0
ymlfiles\Case_112_H1_T7_dir90_heaveDOFbest_pitchDOFbest_rollDOFbest.yml,1,7.0,5.4264,90,DOFbest,DOFbest,DOFbest,3.3,2.4,233,304.5,248,640,0.2398757109656329,0.5546079997680565,0.601388702230433,-0.1528701994075897,0.6774578887483895,0.006309557288886,0.7674084541435001,2.803916508137704,2.3069375067177527,0.0001224088710775,-7.041331366269818e-06,-1.9802956955669733e-05,0.2174895252372157,0.008740492961291,0.009159315553009,0.0,0.0,0.0,0.0,0.0,0.0,25.04,0.0,0.0,0.0,0.0,0.0
ymlfiles\Case_113_H1_T7_dir135_heavelow_pitchlow_rolllow.yml,1,7.0,5.4264,135,low,low,low,1.0,1.0,100,300.0,150,200,0.2480482733423303,0.5837195130162464,0.4255970115324816,-0.1528813768856166,0.684655467927443,0.0098287965876655,0.7989567172552097,2.921778867868729,1.6348833191678849,6.821884519156649e-05,-9.507831646156037e-06,5.392293808847635e-06,0.2249928223783636,0.0091680955225186,0.0063078947295543,0.0,0.0,0.0,0.0,0.0,0.0,26.65,0.0,0.0,0.0,0.0,0.0
ymlfiles\Case_114_H1_T7_dir135_heavelinhigh_pitchlinhigh_rolllinhigh.yml,1,7.0,5.4264,135,linhigh,linhigh,linhigh,6.5,1.0,300,300.0,325,200,0.2341129212909141,0.5445957644621896,0.3905112194559215,-0.1528714705937527,0.684997310166324,0.0090691622081467,0.7451426647068125,2.7732287585235653,1.5007145763249683,5.408525384601864e-05,-8.90036183361577e-06,5.518338885082317e-06,0.2111696175352792,0.0086255351237092,0.0058384890511994,0.0,0.0,0.0,0.0,0.0,0.0,23.65,0.0,0.0,0.0,0.0,0.0
ymlfiles\Case_115_H1_T7_dir135_heavequadhigh_pitchquadhigh_rollquadhigh.yml,1,7.0,5.4264,135,quadhigh,quadhigh,quadhigh,1.0,4.0,100,1300.0,150,1300,0.2456599108808048,0.5803057736778533,0.4239905109492436,-0.1529035439203272,0.6846904849728068,0.0096641664536471,0.7897696633101251,2.90863264728703,1.6285845974693642,6.750718200872798e-05,-9.495452380136695e-06,5.3834815090297655e-06,0.2226266649319099,0.0091194227273177,0.0062862716101049,0.0,0.0,0.0,0.0,0.0,0.0,26.15,0.0,0.0,0.0,0.0,0.0
ymlfiles\Case_116_H1_T7_dir135_heaveDOFbest_pitchDOFbest_rollDOFbest.yml,1,7.0,5.4264,135,DOFbest,DOFbest,DOFbest,3.3,2.4,233,304.5,248,640,0.2410345075125105,0.5592798110647448,0.4013495214599322,-0.1528757233582059,0.6848523926011686,0.0094393978573943,0.771968560564829,2.8290196718124427,1.542341374862858,5.890392796046662e-05,-9.094997783687084e-06,5.5057432294833565e-06,0.2180234975371406,0.0088308286913985,0.0059840048445793,0.0,0.0,0.0,0.0,0.0,0.0,25.15,0.0,0.0,0.0,0.0,0.0
ymlfiles\Case_117_H1_T7_dir180_heavelow_pitchlow_rolllow.yml,1,7.0,5.4264,180,low,low,low,1.0,1.0,100,300.0,150,200,0.2739634999843448,1.4444802742756138,0.0002863703325108,-0.1536813519187514,0.6839082194178803,-0.0023458868017084,0.8981432559788152,6.2306719470131,-0.00124929757523,0.0005202885201618,2.6130759406140925e-06,1.27675069322414e-09,0.2497300141877003,0.0233869572780872,4.368006407834221e-06,0.01,0.0,0.0,0.0,0.0,0.0,31.68,0.0,0.0,0.0,0.0,0.0
ymlfiles\Case_118_H1_T7_dir180_heavelinhigh_pitchlinhigh_rolllinhigh.yml,1,7.0,5.4264,180,linhigh,linhigh,linhigh,6.5,1.0,300,300.0,325,200,0.2583675485960316,1.3423774752330928,0.0002570034498873,-0.153620478012715,0.6834255286812039,-0.0023477889443179,0.838028011750187,5.843355173414064,-0.0013635295161992,0.0004782874269653,2.667322214492555e-06,1.297404166216156e-09,0.2343130610838151,0.0219705363610398,3.934454209474726e-06,0.0,0.0,0.0,0.0,0.0,0.0,28.6,0.0,0.0,0.0,0.0,0.0
ymlfiles\Case_119_H1_T7_dir180_heavequadhigh_pitchquadhigh_rollquadhigh.yml,1,7.0,5.4264,180,quadhigh,quadhigh,quadhigh,1.0,4.0,100,1300.0,150,1300,0.2710023089836276,1.4195823032982184,0.0003007219246287,-0.1536984621076281,0.6839210020397642,-0.0023530797253865,0.8866669587399385,6.135316351917506,-0.0012016480724472,0.0005105695832477,2.6143131084691485e-06,2.5324811542147916e-09,0.2468093219834463,0.0230419776896428,4.532841309298057e-06,0.01,0.0,0.0,0.0,0.0,0.0,31.11,0.0,0.0,0.0,0.0,0.0
ymlfiles\Case_120_H1_T7_dir180_heaveDOFbest_pitchDOFbest_rollDOFbest.yml,1,7.0,5.4264,180,DOFbest,DOFbest,DOFbest,3.3,2.4,233,304.5,248,640,0.266020489115951,1.376369575376296,0.0002679327338149,-0.1536360439525728,0.6837330781453915,-0.0023476855028079,0.8675169016668618,5.971205617689184,-0.001321342545367,0.0004919096132278,2.651978154971167e-06,1.315202325273049e-09,0.2418715023222508,0.0224452532547884,4.102108235304827e-06,0.0,0.0,0.0,0.0,0.0,0.0,30.13,0.0,0.0,0.0,0.0,0.0
ymlfiles\Case_121_H1_T8_dir0_heavelow_pitchlow_rolllow.yml,1,8.0,6.2016,0,low,low,low,1.0,1.0,100,300.0,150,200,0.2488839875050114,0.7978481390023631,0.000361941615245,-0.1532733237116028,0.6737863777366803,-0.002346041700844,0.7965509831725166,3.734246858247773,-0.0009687517708098,-0.0016063860171873,-1.934856083423996e-06,1.0986626383913529e-08,0.2088388637936151,0.0128833619985003,5.091352343963551e-06,0.0,0.0,0.0,0.0,0.0,0.0,23.13,0.0,0.0,0.0,0.0,0.0
ymlfiles\Case_122_H1_T8_dir0_heavelinhigh_pitchlinhigh_rolllinhigh.yml,1,8.0,6.2016,0,linhigh,linhigh,linhigh,6.5,1.0,300,300.0,325,200,0.2385639287849666,0.7570549227566239,0.0003139422905535,-0.1533427707019993,0.6733785141297568,-0.0023490846331547,0.7566215811493666,3.5798640949659006,-0.0011538556737284,-0.0015478963240537,-1.7953037025038212e-06,9.938461256861612e-09,0.1989555095811898,0.0123661610708707,4.448679298385e-06,0.0,0.0,0.0,0.0,0.0,0.0,20.89,0.0,0.0,0.0,0.0,0.0
ymlfiles\Case_123_H1_T8_dir0_heavequadhigh_pitchquadhigh_rollquadhigh.yml,1,8.0,6.2016,0,quadhigh,quadhigh,quadhigh,1.0,4.0,100,1300.0,150,1300,0.2472752275894303,0.7931639830842105,0.000350639702876,-0.1533202487005034,0.6737495945870757,-0.0023470576246095,0.7903198841640136,3.716506051478589,-0.0010124445469205,-0.0016003417252217,-1.912017676973701e-06,1.063187743430128e-08,0.2073000494760198,0.0128234764753147,4.954722749232552e-06,0.0,0.0,0.0,0.0,0.0,0.0,22.78,0.0,0.0,0.0,0.0,0.0
ymlfiles\Case_124_H1_T8_dir0_heaveDOFbest_pitchDOFbest_rollDOFbest.yml,1,8.0,6.2016,0,DOFbest,DOFbest,DOFbest,3.3,2.4,233,304.5,248,640,0.2437585858791371,0.7707317070691201,0.000330001108082,-0.1533114778311327,0.6735742283237431,-0.0023477895641149,0.7767323867705026,3.6312976623896898,-0.0010913603373375,-0.0015657139306271,-1.8443966938603295e-06,1.0413643013620824e-08,0.2039156586422387,0.0125403531754283,4.675637782221484e-06,0.0,0.0,0.0,0.0,0.0,0.0,22.02,0.0,0.0,0.0,0.0,0.0
ymlfiles\Case_125_H1_T8_dir45_heavelow_pitchlow_rolllow.yml,1,8.0,6.2016,45,low,low,low,1.0,1.0,100,300.0,150,200,0.2689593526604575,0.7054747236691462,1.117095796580403,-0.1537051210837038,0.6757180196264504,-0.0013962451453527,0.8732648684888584,3.365090253639241,4.2528196764605495,-0.000287259485586,1.1728662940022888e-05,8.25799389842265e-06,0.2264680890076031,0.0103005797118062,0.0160667172921332,0.0,0.0,0.0,0.0,0.0,0.0,26.96,0.0,0.0,0.0,0.0,0.0
ymlfiles\Case_126_H1_T8_dir45_heavelinhigh_pitchlinhigh_rolllinhigh.yml,1,8.0,6.2016,45,linhigh,linhigh,linhigh,6.5,1.0,300,300.0,325,200,0.2583026562733567,0.6341090271034415,1.009202649737173,-0.1535578629678195,0.6761741603634613,-0.0018330685082416,0.8323043206438665,3.0946519474434027,3.843928348705832,-0.0002580501878769,1.0890364745559484e-05,6.656204985179513e-06,0.2161219011419467,0.009327928552354,0.0146517717430463,0.0,0.0,0.0,0.0,0.0,0.0,24.74,0.0,0.0,0.0,0.0,0.0
ymlfiles\Case_127_H1_T8_dir45_heavequadhigh_pitchquadhigh_rollquadhigh.yml,1,8.0,6.2016,45,quadhigh,quadhigh,quadhigh,1.0,4.0,100,1300.0,150,1300,0.267126890628285,0.6973425457122221,1.1022187572300863,-0.1537272929300738,0.6758627720363438,-0.0015133951243215,0.8661979859067069,3.3341059926465557,4.196046563882656,-0.0002830827458364,1.1611547660131417e-05,8.093743610977653e-06,0.224688605692118,0.0101893611181774,0.0158714349840161,0.0,0.0,0.0,0.0,0.0,0.0,26.59,0.0,0.0,0.0,0.0,0.0
ymlfiles\Case_128_H1_T8_dir45_heaveDOFbest_pitchDOFbest_rollDOFbest.yml,1,8.0,6.2016,45,DOFbest,DOFbest,DOFbest,3.3,2.4,233,304.5,248,640,0.2636935206939239,0.661671082699557,1.0440000087155945,-0.1536094154860498,0.6760069449914033,-0.001594943079962,0.8529703435914321,3.1986359027545443,3.9756099357832,-0.0002687543500635,1.1099161580121062e-05,7.149756445806868e-06,0.221336775728597,0.0097026709479707,0.0151088663872609,0.0,0.0,0.0,0.0,0.0,0.0,25.87,0.0,0.0,0.0,0.0,0.0
ymlfiles\Case_129_H1_T8_dir90_heavelow_pitchlow_rolllow.yml,1,8.0,6.2016,90,low,low,low,1.0,1.0,100,300.0,150,200,0.260264396161495,0.7074151357175068,0.8497138387236257,-0.1531132381102222,0.676645723961074,0.0033133650547275,0.8403754880527735,3.374112897234629,3.235258189509895,-0.0005499936550073,2.5112484631294214e-08,-1.5112129835496895e-05,0.217197771836477,0.0102955162278909,0.0118382774975077,0.0,0.0,0.0,0.0,0.0,0.0,24.97,0.0,0.0,0.0,0.0,0.0
ymlfiles\Case_130_H1_T8_dir90_heavelinhigh_pitchlinhigh_rolllinhigh.yml,1,8.0,6.2016,90,linhigh,linhigh,linhigh,6.5,1.0,300,300.0,325,200,0.2500799738400816,0.6326239510007989,0.7645745035875212,-0.1530127318040628,0.6775594634733981,0.0030527065302195,0.8011499471877994,3.089716265408714,2.9117443069488,-0.0005284885436844,4.762133018453389e-07,-1.4149149272708245e-05,0.2072796487492216,0.0092557532134578,0.0107114415078829,0.0,0.0,0.0,0.0,0.0,0.0,22.78,0.0,0.0,0.0,0.0,0.0
ymlfiles\Case_131_H1_T8_dir90_heavequadhigh_pitchquadhigh_rollquadhigh.yml,1,8.0,6.2016,90,quadhigh,quadhigh,quadhigh,1.0,4.0,100,1300.0,150,1300,0.2585793094990719,0.6988823980275197,0.840795190631302,-0.1531327302143693,0.676837996910487,0.0032301333937778,0.8339236347558716,3.341896303429347,3.2014119282074653,-0.0005483275717614,1.1597090699243193e-07,-1.4980152857766831e-05,0.2155586245433564,0.0101762489567672,0.0117208421529843,0.0,0.0,0.0,0.0,0.0,0.0,24.61,0.0,0.0,0.0,0.0,0.0
ymlfiles\Case_132_H1_T8_dir90_heaveDOFbest_pitchDOFbest_rollDOFbest.yml,1,8.0,6.2016,90,DOFbest,DOFbest,DOFbest,3.3,2.4,233,304.5,248,640,0.2552406688839364,0.6620594656150095,0.7912489122939588,-0.1530513343170788,0.677183289687048,0.0031681860716773,0.8210782016192901,3.201817745529479,3.01288790695237,-0.0005335860902531,2.903439724773152e-07,-1.45549010042776e-05,0.2122858497240277,0.0096654550894224,0.011063901549989,0.0,0.0,0.0,0.0,0.0,0.0,23.89,0.0,0.0,0.0,0.0,0.0
ymlfiles\Case_133_H1_T8_dir135_heavelow_pitchlow_rolllow.yml,1,8.0,6.2016,135,low,low,low,1.0,1.0,100,300.0,150,200,0.2597696422084867,0.7622155839226952,0.5842365814291597,-0.153248189380628,0.6820123595446371,0.0033064301304207,0.838539634921268,3.5862929583702594,2.223027678094429,-0.0004740505862846,-1.6392910902097432e-05,-1.0188799478624356e-05,0.2161555420853078,0.0110061755136765,0.0080222033300541,0.0,0.0,0.0,0.0,0.0,0.0,24.74,0.0,0.0,0.0,0.0,0.0
ymlfiles\Case_134_H1_T8_dir135_heavelinhigh_pitchlinhigh_rolllinhigh.yml,1,8.0,6.2016,135,linhigh,linhigh,linhigh,6.5,1.0,300,300.0,325,200,0.2497608563273445,0.7040765482610817,0.5217969555778128,-0.1531605559166573,0.6828498376372499,0.0026421726221722,0.7997845524869213,3.3659924073379357,1.986037545828975,-0.0004574755154372,-1.523696259355942e-05,-8.006025405092358e-06,0.2062876170626367,0.0101995073775819,0.007190737956824,0.0,0.0,0.0,0.0,0.0,0.0,22.56,0.0,0.0,0.0,0.0,0.0
ymlfiles\Case_135_H1_T8_dir135_heavequadhigh_pitchquadhigh_rollquadhigh.yml,1,8.0,6.2016,135,quadhigh,quadhigh,quadhigh,1.0,4.0,100,1300.0,150,1300,0.2581106403835166,0.756579688725807,0.5799571784874753,-0.1532595819309107,0.6821276183383843,0.0031447497477944,0.8321942543171412,3.56493368761805,2.2067190646787784,-0.0004725604820049,-1.6354209581004494e-05,-9.964780818795192e-06,0.214517432670543,0.0109276076122229,0.0079655944049258,0.0,0.0,0.0,0.0,0.0,0.0,24.39,0.0,0.0,0.0,0.0,0.0
ymlfiles\Case_136_H1_T8_dir135_heaveDOFbest_pitchDOFbest_rollDOFbest.yml,1,8.0,6.2016,135,DOFbest,DOFbest,DOFbest,3.3,2.4,233,304.5,248,640,0.2548306594089913,0.7249741145036486,0.5412148933981793,-0.1531959227645733,0.68247792024607,0.0028809053609579,0.8194618202298581,3.444990772126721,2.059565253690892,-0.0004625314048748,-1.560382931992413e-05,-8.781173211799875e-06,0.2112638748381461,0.0104900075794097,0.0074484968755787,0.0,0.0,0.0,0.0,0.0,0.0,23.67,0.0,0.0,0.0,0.0,0.0
ymlfiles\Case_137_H1_T8_dir180_heavelow_pitchlow_rolllow.yml,1,8.0,6.2016,180,low,low,low,1.0,1.0,100,300.0,150,200,0.2776806891036998,1.6922441294179054,0.000341286792717,-0.1540888040062447,0.6741392492565703,-0.0023476229838423,0.9066289009003224,7.132010193152848,-0.0010475875263024,-0.0010477596128103,-1.2362358343980205e-06,1.6140744345681928e-08,0.2327701496315696,0.0250120941640109,4.8995036796815225e-06,0.0,0.0,0.0,0.0,0.0,0.0,28.28,0.0,0.0,0.0,0.0,0.0
ymlfiles\Case_138_H1_T8_dir180_heavelinhigh_pitchlinhigh_rolllinhigh.yml,1,8.0,6.2016,180,linhigh,linhigh,linhigh,6.5,1.0,300,300.0,325,200,0.2664446361428848,1.5522200375399615,0.0003046276238204,-0.1538460586257429,0.6753900011349365,-0.0023469379677028,0.8634265669606381,6.603108416383826,-0.0011861503869621,-0.0009422424034142,-1.3961044527616716e-06,1.4426359410372876e-08,0.2216703748400016,0.0231087549785449,4.385804655107528e-06,0.0,0.0,0.0,0.0,0.0,0.0,25.94,0.0,0.0,0.0,0.0,0.0
ymlfiles\Case_139_H1_T8_dir180_heavequadhigh_pitchquadhigh_rollquadhigh.yml,1,8.0,6.2016,180,quadhigh,quadhigh,quadhigh,1.0,4.0,100,1300.0,150,1300,0.2757089579620784,1.6569406540427885,0.0003410981288202,-0.1540474624049393,0.674562560784125,-0.0023473626520979,0.8990403188163241,6.99891227167786,-0.0010479825524357,-0.0010208142408136,-1.2849789961905793e-06,1.5483260639724327e-08,0.2308148544241801,0.024531872373443,4.893740601244075e-06,0.0,0.0,0.0,0.0,0.0,0.0,27.88,0.0,0.0,0.0,0.0,0.0
ymlfiles\Case_140_H1_T8_dir180_heaveDOFbest_pitchDOFbest_rollDOFbest.yml,1,8.0,6.2016,180,DOFbest,DOFbest,DOFbest,3.3,2.4,233,304.5,248,640,0.2720966999477942,1.5969451043833798,0.0003178189077873,-0.153913179115394,0.6750176049059907,-0.0023471605678007,0.8851833603129591,6.77238537384935,-0.0011364030006604,-0.0009761735935637,-1.346916787546835e-06,1.4933331347832837e-08,0.227223307540222,0.0237166035376057,4.572516205220767e-06,0.0,0.0,0.0,0.0,0.0,0.0,27.12,0.0,0.0,0.0,0.0,0.0
ymlfiles\Case_141_H1_T8p5_dir0_heavelow_pitchlow_rolllow.yml,1,8.5,6.5891,0,low,low,low,1.0,1.0,100,300.0,150,200,0.2480314494216756,0.8019056763859065,0.000348928644144,-0.1533792921403139,0.6735193869071117,-0.002347131036109,0.7908470664333853,3.740498132664997,-0.0010205811746884,-0.0016869112490232,1.2210112751439378e-06,1.3893206875066136e-08,0.2009149210029985,0.0123971261877642,4.835209485346818e-06,0.0,0.0,0.0,0.0,0.0,0.0,21.34,0.0,0.0,0.0,0.0,0.0
ymlfiles\Case_142_H1_T8p5_dir0_heavelinhigh_pitchlinhigh_rolllinhigh.yml,1,8.5,6.5891,0,linhigh,linhigh,linhigh,6.5,1.0,300,300.0,325,200,0.2389619850346059,0.7614677809975648,0.0003117938917368,-0.1533835006913327,0.673026512992942,-0.0023483071526896,0.7558207429608854,3.5852131864360093,-0.0011631145874693,-0.0016283216675479,1.2337315749046743e-06,1.278127568157817e-08,0.1921380119684614,0.0118787683537293,4.328683213183929e-06,0.0,0.0,0.0,0.0,0.0,0.0,19.32,0.0,0.0,0.0,0.0,0.0
ymlfiles\Case_143_H1_T8p5_dir0_heavequadhigh_pitchquadhigh_rollquadhigh.yml,1,8.5,6.5891,0,quadhigh,quadhigh,quadhigh,1.0,4.0,100,1300.0,150,1300,0.2466568913724054,0.7974480595808315,0.0003532045047537,-0.1533986354244502,0.6734515350142246,-0.0023477738181858,0.785502444380082,3.72352057566624,-0.0010052387667645,-0.0016808178233928,1.2267675515392804e-06,1.4302935237571428e-08,0.1995844396197381,0.0123392704200182,4.8856724489948255e-06,0.0,0.0,0.0,0.0,0.0,0.0,21.04,0.0,0.0,0.0,0.0,0.0
ymlfiles\Case_144_H1_T8p5_dir0_heaveDOFbest_pitchDOFbest_rollDOFbest.yml,1,8.5,6.5891,0,DOFbest,DOFbest,DOFbest,3.3,2.4,233,304.5,248,640,0.2435479414610258,0.7753535737507843,0.0003215069581387,-0.1533804222877763,0.6732531145426147,-0.0023462068942106,0.7734574747544923,3.639085369752365,-0.0011239713385291,-0.0016480551641323,1.2233959477218828e-06,1.2950357146152445e-08,0.1965588291798497,0.0120572909764734,4.468702299457722e-06,0.0,0.0,0.0,0.0,0.0,0.0,20.34,0.0,0.0,0.0,0.0,0.0
ymlfiles\Case_145_H1_T8p5_dir45_heavelow_pitchlow_rolllow.yml,1,8.5,6.5891,45,low,low,low,1.0,1.0,100,300.0,150,200,0.2665023270011043,0.6598114337971529,1.090596794271629,-0.1538369042119997,0.6755996070781588,-0.0021679106776121,0.8612033292478196,3.18609590385574,4.144472780575067,-0.0007723013408075,1.6877451055630518e-06,9.132764630952782e-06,0.2168691372473088,0.0094239345050671,0.0152720217249568,0.0,0.0,0.0,0.0,0.0,0.0,24.9,0.0,0.0,0.0,0.0,0.0
ymlfiles\Case_146_H1_T8p5_dir45_heavelinhigh_pitchlinhigh_rolllinhigh.yml,1,8.5,6.5891,45,linhigh,linhigh,linhigh,6.5,1.0,300,300.0,325,200,0.2570581476671384,0.5972149309506538,0.9840807724573042,-0.1536701699660853,0.6758418961626895,-0.0023201668368998,0.8248703274008268,2.949736877746308,3.742298463228689,-0.000679797241436,1.3385642789412975e-06,7.355598651377798e-06,0.2075537164774644,0.008576220094361,0.0138941361613254,0.0,0.0,0.0,0.0,0.0,0.0,22.84,0.0,0.0,0.0,0.0,0.0
ymlfiles\Case_147_H1_T8p5_dir45_heavequadhigh_pitchquadhigh_rollquadhigh.yml,1,8.5,6.5891,45,quadhigh,quadhigh,quadhigh,1.0,4.0,100,1300.0,150,1300,0.264933031440581,0.6532393536031468,1.076730798619686,-0.1538421593455024,0.6756772729127337,-0.002226236427325,0.8551224223428434,3.1611676632387904,4.091899227682113,-0.0007611417721748,1.6542294875041984e-06,8.94423161100914e-06,0.2153155902614716,0.0093349011741988,0.0150924561713092,0.0,0.0,0.0,0.0,0.0,0.0,24.56,0.0,0.0,0.0,0.0,0.0
ymlfiles\Case_148_H1_T8p5_dir45_heaveDOFbest_pitchDOFbest_rollDOFbest.yml,1,8.5,6.5891,45,DOFbest,DOFbest,DOFbest,3.3,2.4,233,304.5,248,640,0.2618431089605263,0.6216596857007147,1.018083194479624,-0.1537254295354538,0.6757962264970331,-0.0021931146991026,0.8434227851616477,3.0418327357109534,3.8702700599481408,-0.0007123805879258,1.3866308143335418e-06,7.912414045026517e-06,0.2122508722766065,0.0089061313367657,0.0143338037758921,0.0,0.0,0.0,0.0,0.0,0.0,23.89,0.0,0.0,0.0,0.0,0.0
ymlfiles\Case_149_H1_T8p5_dir90_heavelow_pitchlow_rolllow.yml,1,8.5,6.5891,90,low,low,low,1.0,1.0,100,300.0,150,200,0.2595496032880669,0.6584068072759118,0.8462798321595272,-0.1532687865253249,0.6775499116455749,0.0029667408270517,0.8349042686983745,3.183694622308109,3.216571165756247,-0.000878165121569,-2.032213232055024e-06,-9.778092242744854e-06,0.2090758766889894,0.0094257115923537,0.0114766826029383,0.0,0.0,0.0,0.0,0.0,0.0,23.18,0.0,0.0,0.0,0.0,0.0
ymlfiles\Case_150_H1_T8p5_dir90_heavelinhigh_pitchlinhigh_rolllinhigh.yml,1,8.5,6.5891,90,linhigh,linhigh,linhigh,6.5,1.0,300,300.0,325,200,0.2504874731347007,0.5920389668727175,0.7613362213336843,-0.1531585980629164,0.6782591621471673,0.0029599931316399,0.7999937086273703,2.932556126840423,2.895041386636917,-0.0008026708268989,-1.6092846339456037e-06,-9.285891698436743e-06,0.200113029990913,0.0085073231670233,0.0103667135859748,0.0,0.0,0.0,0.0,0.0,0.0,21.16,0.0,0.0,0.0,0.0,0.0
ymlfiles\Case_151_H1_T8p5_dir90_heavequadhigh_pitchquadhigh_rollquadhigh.yml,1,8.5,6.5891,90,quadhigh,quadhigh,quadhigh,1.0,4.0,100,1300.0,150,1300,0.2580939406620186,0.6515376875490985,0.8376629636655146,-0.1532864934513249,0.6776867152556347,0.0028993788362167,0.8292961725636381,3.157807269645796,3.1839459204842067,-0.0008716366197681,-1.953014625740257e-06,-9.730701293388804e-06,0.2076335014327101,0.0093300777970469,0.0113649136290721,0.0,0.0,0.0,0.0,0.0,0.0,22.86,0.0,0.0,0.0,0.0,0.0
ymlfiles\Case_152_H1_T8p5_dir90_heaveDOFbest_pitchDOFbest_rollDOFbest.yml,1,8.5,6.5891,90,DOFbest,DOFbest,DOFbest,3.3,2.4,233,304.5,248,640,0.2550812049766209,0.6182305371082485,0.7878618766567518,-0.1531945742804607,0.6779342809590307,0.002986780907427,0.8176299490569305,3.031497832533037,2.995830954457494,-0.0008248630709612,-1.786661237001313e-06,-9.510128495887894e-06,0.2046351574139427,0.0088699585611791,0.0107116813425026,0.0,0.0,0.0,0.0,0.0,0.0,22.18,0.0,0.0,0.0,0.0,0.0
ymlfiles\Case_153_H1_T8p5_dir135_heavelow_pitchlow_rolllow.yml,1,8.5,6.5891,135,low,low,low,1.0,1.0,100,300.0,150,200,0.258352210456063,0.7298365882437424,0.59005080558507,-0.153310914119613,0.6822457920942104,0.0018722804211169,0.830544554041916,3.4590343292677668,2.2400419074169444,-0.0006686217105481,-1.632878634783972e-05,-1.1160938785257704e-05,0.2075471923622969,0.0103220948779509,0.0078744597416229,0.0,0.0,0.0,0.0,0.0,0.0,22.84,0.0,0.0,0.0,0.0,0.0
ymlfiles\Case_154_H1_T8p5_dir135_heavelinhigh_pitchlinhigh_rolllinhigh.yml,1,8.5,6.5891,135,linhigh,linhigh,linhigh,6.5,1.0,300,300.0,325,200,0.2496179176698308,0.6773575169206832,0.5254018818438028,-0.1532039086438174,0.6830983669781856,0.0014234839913238,0.7967336867605732,3.2609813960479626,1.9951021467891292,-0.0006305905939678,-1.502753474508088e-05,-8.9710454200026e-06,0.198752590755129,0.0095905334296852,0.0070258520770534,0.0,0.0,0.0,0.0,0.0,0.0,20.84,0.0,0.0,0.0,0.0,0.0
ymlfiles\Case_155_H1_T8p5_dir135_heavequadhigh_pitchquadhigh_rollquadhigh.yml,1,8.5,6.5891,135,quadhigh,quadhigh,quadhigh,1.0,4.0,100,1300.0,150,1300,0.2569427067575899,0.7250630328149783,0.5854319154227203,-0.1533198231836142,0.6823707874398799,0.001741582500008,0.8251200768280039,3.440860359111194,2.2223909221342244,-0.0006662466402488,-1.6235104306852035e-05,-1.0951032179535746e-05,0.2061237167591459,0.0102550608043943,0.007814516377441,0.0,0.0,0.0,0.0,0.0,0.0,22.52,0.0,0.0,0.0,0.0,0.0
ymlfiles\Case_156_H1_T8p5_dir135_heaveDOFbest_pitchDOFbest_rollDOFbest.yml,1,8.5,6.5891,135,DOFbest,DOFbest,DOFbest,3.3,2.4,233,304.5,248,640,0.2540642745820418,0.6964308884624546,0.5457800198967099,-0.1532419996582653,0.6827050444608326,0.0016086122706306,0.8139994304103695,3.332783690147959,2.071964517261668,-0.0006424143267607,-1.5493516389860948e-05,-9.775453602378717e-06,0.2032013226508331,0.0098569150406293,0.0072916868347766,0.0,0.0,0.0,0.0,0.0,0.0,21.86,0.0,0.0,0.0,0.0,0.0
ymlfiles\Case_157_H1_T8p5_dir180_heavelow_pitchlow_rolllow.yml,1,8.5,6.5891,180,low,low,low,1.0,1.0,100,300.0,150,200,0.272601199829092,1.5883299168220826,0.0003329670268268,-0.1539778486691619,0.6748018319318374,-0.0023467191899047,0.8846957412706415,6.727655200630156,-0.0010798309290196,-0.0014507301200224,-1.0116017903547051e-06,2.085831761173649e-08,0.2207998886704994,0.0230311723909063,4.701008586391143e-06,0.0,0.0,0.0,0.0,0.0,0.0,25.75,0.0,0.0,0.0,0.0,0.0
ymlfiles\Case_158_H1_T8p5_dir180_heavelinhigh_pitchlinhigh_rolllinhigh.yml,1,8.5,6.5891,180,linhigh,linhigh,linhigh,6.5,1.0,300,300.0,325,200,0.2627611693628018,1.4628761891709814,0.0002970428413983,-0.1537473659608121,0.6762102261544453,-0.0023461473970639,0.8469948629611224,6.253929013479491,-0.0012153317979588,-0.0013134535163615,-8.221303356441916e-07,1.889053838766391e-08,0.2108909530989183,0.0213347775843945,4.205158186553285e-06,0.0,0.0,0.0,0.0,0.0,0.0,23.58,0.0,0.0,0.0,0.0,0.0
ymlfiles\Case_159_H1_T8p5_dir180_heavequadhigh_pitchquadhigh_rollquadhigh.yml,1,8.5,6.5891,180,quadhigh,quadhigh,quadhigh,1.0,4.0,100,1300.0,150,1300,0.2709414256076246,1.559169979521134,0.0003331876120271,-0.1539401528066296,0.6752201026218805,-0.0023469114764155,0.8782589136640332,6.617237355631926,-0.001079183922813,-0.0014191737695099,-9.78798562554962e-07,2.0295226244707124e-08,0.2191162878144019,0.0226363042161713,4.701318392340788e-06,0.0,0.0,0.0,0.0,0.0,0.0,25.39,0.0,0.0,0.0,0.0,0.0
ymlfiles\Case_160_H1_T8p5_dir180_heaveDOFbest_pitchDOFbest_rollDOFbest.yml,1,8.5,6.5891,180,DOFbest,DOFbest,DOFbest,3.3,2.4,233,304.5,248,640,0.2677475535098401,1.5037760182198732,0.0003097995579066,-0.1538172436976699,0.675717572125644,-0.0023464804987505,0.8660652408686524,6.408286564200245,-0.0011673337501099,-0.001359423033538,-8.851762544322935e-07,1.95526139086886e-08,0.2158733923833963,0.0218872667070663,4.383380902108989e-06,0.0,0.0,0.0,0.0,0.0,0.0,24.68,0.0,0.0,0.0,0.0,0.0
ymlfiles\Case_161_H1_T9_dir0_heavelow_pitchlow_rolllow.yml,1,9.0,6.9767,0,low,low,low,1.0,1.0,100,300.0,150,200,0.2478902899447057,0.7743314403824645,0.0003269903602572,-0.1534099353679325,0.6726384596408548,-0.0023472242395693,0.7875446357685904,3.622941107717987,-0.0011064145016922,-0.0016937948737489,-8.769628899968778e-07,1.2925661063382306e-08,0.1936660300573013,0.0115902744408621,4.484669215596106e-06,0.0,0.0,0.0,0.0,0.0,0.0,19.67,0.0,0.0,0.0,0.0,0.0
ymlfiles\Case_162_H1_T9_dir0_heavelinhigh_pitchlinhigh_rolllinhigh.yml,1,9.0,6.9767,0,linhigh,linhigh,linhigh,6.5,1.0,300,300.0,325,200,0.2399008885185441,0.7379789125674945,0.0002949870304248,-0.1534427669011506,0.6721547012494399,-0.0023473030331584,0.7568565539977649,3.484898907474211,-0.001228343599979,-0.0016526035988326,-7.030899218081863e-07,1.20254489881831e-08,0.1858431054845739,0.0111186675964622,4.044423956828574e-06,0.0,0.0,0.0,0.0,0.0,0.0,17.86,0.0,0.0,0.0,0.0,0.0
ymlfiles\Case_163_H1_T9_dir0_heavequadhigh_pitchquadhigh_rollquadhigh.yml,1,9.0,6.9767,0,quadhigh,quadhigh,quadhigh,1.0,4.0,100,1300.0,150,1300,0.2467078300005198,0.7706016872763521,0.0003267476119066,-0.1534376635421343,0.6725884744682787,-0.0023463827146715,0.7829801240385739,3.608822759079788,-0.0011068811808158,-0.0016895200893857,-8.620055620493812e-07,1.2852032178729438e-08,0.1925036600729631,0.0115413274622965,4.481224052230932e-06,0.0,0.0,0.0,0.0,0.0,0.0,19.41,0.0,0.0,0.0,0.0,0.0
ymlfiles\Case_164_H1_T9_dir0_heaveDOFbest_pitchDOFbest_rollDOFbest.yml,1,9.0,6.9767,0,DOFbest,DOFbest,DOFbest,3.3,2.4,233,304.5,248,640,0.2439573114937529,0.7507464911437192,0.0003050011879013,-0.1534276157655758,0.6724047231373619,-0.0023468897062064,0.7724065151903378,3.533673293581633,-0.0011894023369947,-0.0016668696044105,-7.726708432406165e-07,1.2447367432385934e-08,0.189794733934998,0.0112848264982126,4.190460281770663e-06,0.0,0.0,0.0,0.0,0.0,0.0,18.78,0.0,0.0,0.0,0.0,0.0
ymlfiles\Case_165_H1_T9_dir45_heavelow_pitchlow_rolllow.yml,1,9.0,6.9767,45,low,low,low,1.0,1.0,100,300.0,150,200,0.2646597136482372,0.5986604933737834,1.0157053942253362,-0.153886983035999,0.673820886947292,-0.0037524267119833,0.8509805005364377,2.950171501787994,3.852894861216365,-0.0010668497422282,-5.090348020536016e-06,4.777916822639419e-06,0.2079089006046026,0.0084066689281006,0.0139565363957422,0.0,0.0,0.0,0.0,0.0,0.0,22.92,0.0,0.0,0.0,0.0,0.0
ymlfiles\Case_166_H1_T9_dir45_heavelinhigh_pitchlinhigh_rolllinhigh.yml,1,9.0,6.9767,45,linhigh,linhigh,linhigh,6.5,1.0,300,300.0,325,200,0.2562739531756404,0.5470400432166874,0.920803834747868,-0.1537389528449073,0.6740304126826372,-0.0035659771457897,0.8189382807926584,2.7540990868339734,3.4947017239005125,-0.0009522972141841,-5.21992409221808e-06,3.5710164023818507e-06,0.1995083498832907,0.0077081379802719,0.0127388067046618,0.0,0.0,0.0,0.0,0.0,0.0,21.02,0.0,0.0,0.0,0.0,0.0
ymlfiles\Case_167_H1_T9_dir45_heavequadhigh_pitchquadhigh_rollquadhigh.yml,1,9.0,6.9767,45,quadhigh,quadhigh,quadhigh,1.0,4.0,100,1300.0,150,1300,0.2633018651682358,0.5936690602596078,1.004368464304705,-0.1538905222137401,0.6738895617243577,-0.0037186375900663,0.8457186248437747,2.9312607183176023,3.8100731299177295,-0.0010540670982046,-5.099076264854962e-06,4.67126640824703e-06,0.2065382635110125,0.0083393190501967,0.013811097893155,0.0,0.0,0.0,0.0,0.0,0.0,22.61,0.0,0.0,0.0,0.0,0.0
ymlfiles\Case_168_H1_T9_dir45_heaveDOFbest_pitchDOFbest_rollDOFbest.yml,1,9.0,6.9767,45,DOFbest,DOFbest,DOFbest,3.3,2.4,233,304.5,248,640,0.2605259798114878,0.5674882941047155,0.9509736552565944,-0.1537888623828534,0.6740226556042671,-0.0035687559513093,0.8352308805828079,2.831192545924917,3.608397080215532,-0.0009921852770186,-5.228170983503288e-06,3.96889961562196e-06,0.2037426355339451,0.0079835743148489,0.0131252713135653,0.0,0.0,0.0,0.0,0.0,0.0,21.98,0.0,0.0,0.0,0.0,0.0
ymlfiles\Case_169_H1_T9_dir90_heavelow_pitchlow_rolllow.yml,1,9.0,6.9767,90,low,low,low,1.0,1.0,100,300.0,150,200,0.2593742346374043,0.587884591543891,0.8011134902890467,-0.1534544473345114,0.6774162391913796,0.0015898953910918,0.8312943575240401,2.913584346059388,3.0378776683099047,-0.0011025462148488,-2.049260037700796e-06,-9.816111974350875e-06,0.2013827922075819,0.0083404122112484,0.0106175920929619,0.0,0.0,0.0,0.0,0.0,0.0,21.45,0.0,0.0,0.0,0.0,0.0
ymlfiles\Case_170_H1_T9_dir90_heavelinhigh_pitchlinhigh_rolllinhigh.yml,1,9.0,6.9767,90,linhigh,linhigh,linhigh,6.5,1.0,300,300.0,325,200,0.2513019817489365,0.5329744207000214,0.7248184954543281,-0.15333491738424,0.6780155963313318,0.0017835459099342,0.8003739493062506,2.705119049811954,2.749773761782988,-0.0009995512604934,-1.4601772316172089e-06,-8.985481186038256e-06,0.1932847304144425,0.0075780766454708,0.0096288297087107,0.0,0.0,0.0,0.0,0.0,0.0,19.59,0.0,0.0,0.0,0.0,0.0
ymlfiles\Case_171_H1_T9_dir90_heavequadhigh_pitchquadhigh_rollquadhigh.yml,1,9.0,6.9767,90,quadhigh,quadhigh,quadhigh,1.0,4.0,100,1300.0,150,1300,0.2581071427250996,0.5827785130793672,0.7938329346002391,-0.1534649113295931,0.6775049987162163,0.0015477548157165,0.826373599193617,2.894361420751447,3.010082264587516,-0.0010936934188767,-1.9637900135012498e-06,-9.744222073984536e-06,0.2001041149113201,0.0082687541858956,0.010524475534853,0.0,0.0,0.0,0.0,0.0,0.0,21.15,0.0,0.0,0.0,0.0,0.0
ymlfiles\Case_172_H1_T9_dir90_heaveDOFbest_pitchDOFbest_rollDOFbest.yml,1,9.0,6.9767,90,DOFbest,DOFbest,DOFbest,3.3,2.4,233,304.5,248,640,0.2553938588202247,0.5548356221507881,0.7487998809870356,-0.153376428631351,0.677795965627204,0.0016726076743804,0.8160117730935157,2.78814857900374,2.8399876237496557,-0.0010306020095238,-1.6741959378969469e-06,-9.31604428144629e-06,0.1973675848147286,0.0078817103787813,0.0099372692136582,0.0,0.0,0.0,0.0,0.0,0.0,20.53,0.0,0.0,0.0,0.0,0.0
ymlfiles\Case_173_H1_T9_dir135_heavelow_pitchlow_rolllow.yml,1,9.0,6.9767,135,low,low,low,1.0,1.0,100,300.0,150,200,0.2582500268068441,0.6684012736688139,0.5583881695166786,-0.1534295666271363,0.682478664491903,0.0014946483919044,0.8272524069720375,3.222477400490123,2.1161366058122124,-0.00082325088387,-1.3458485014829543e-05,-1.369349439701484e-05,0.2000383235179174,0.0092967170312208,0.0072703230112088,0.0,0.0,0.0,0.0,0.0,0.0,21.14,0.0,0.0,0.0,0.0,0.0
ymlfiles\Case_174_H1_T9_dir135_heavelinhigh_pitchlinhigh_rolllinhigh.yml,1,9.0,6.9767,135,linhigh,linhigh,linhigh,6.5,1.0,300,300.0,325,200,0.250480051285448,0.6256265313211087,0.4996481306248414,-0.153332780219591,0.6831897596461443,0.0014372090602962,0.7973551596853765,3.0597907162410194,1.8938307201366773,-0.0007777279384242,-1.2634659755496091e-05,-1.14253462254945e-05,0.1920639237137959,0.0086940210389862,0.0065079809664936,0.0,0.0,0.0,0.0,0.0,0.0,19.3,0.0,0.0,0.0,0.0,0.0
ymlfiles\Case_175_H1_T9_dir135_heavequadhigh_pitchquadhigh_rollquadhigh.yml,1,9.0,6.9767,135,quadhigh,quadhigh,quadhigh,1.0,4.0,100,1300.0,150,1300,0.2570243035625351,0.6649345204704152,0.5542057329009525,-0.1534386293901314,0.6825691622642743,0.0014375006515648,0.8225387220455858,3.209265707745109,2.1002403761666804,-0.0008212622561448,-1.3366174232152484e-05,-1.350399712884187e-05,0.1987719451933606,0.0092471492197918,0.0072171086664626,0.0,0.0,0.0,0.0,0.0,0.0,20.85,0.0,0.0,0.0,0.0,0.0
ymlfiles\Case_176_H1_T9_dir135_heaveDOFbest_pitchDOFbest_rollDOFbest.yml,1,9.0,6.9767,135,DOFbest,DOFbest,DOFbest,3.3,2.4,233,304.5,248,640,0.2544336529845576,0.6414324240375948,0.5184620213004023,-0.1533703228195527,0.6828674392633132,0.0014610250913533,0.8124231199729546,3.1198865200431687,1.9650060705566887,-0.0007913057605245,-1.297879412928174e-05,-1.2274021750036623e-05,0.1960915672589163,0.0089173036885954,0.0067496725278029,0.0,0.0,0.0,0.0,0.0,0.0,20.23,0.0,0.0,0.0,0.0,0.0
ymlfiles\Case_177_H1_T9_dir180_heavelow_pitchlow_rolllow.yml,1,9.0,6.9767,180,low,low,low,1.0,1.0,100,300.0,150,200,0.2695499073008394,1.4350711073852591,0.0003155910199205,-0.153766414242355,0.6745777265973556,-0.0023460122097983,0.8699830737527026,6.139698410841454,-0.0011461258471505,-0.0015513192349024,-1.065301489954128e-06,2.0051122696877886e-08,0.2106904192219563,0.020577952727771,4.413570283376419e-06,0.0,0.0,0.0,0.0,0.0,0.0,23.54,0.0,0.0,0.0,0.0,0.0
ymlfiles\Case_178_H1_T9_dir180_heavelinhigh_pitchlinhigh_rolllinhigh.yml,1,9.0,6.9767,180,linhigh,linhigh,linhigh,6.5,1.0,300,300.0,325,200,0.2607954340136383,1.3309697607310171,0.0002809106736307,-0.1535930715113324,0.6759812379045591,-0.0023451662889069,0.8366024058886778,5.746388882553354,-0.0012768155726221,-0.0014323341705104,-1.0463164359125758e-06,1.8537289773466735e-08,0.2017194747361612,0.0191694142968141,3.940829069736121e-06,0.0,0.0,0.0,0.0,0.0,0.0,21.52,0.0,0.0,0.0,0.0,0.0
ymlfiles\Case_179_H1_T9_dir180_heavequadhigh_pitchquadhigh_rollquadhigh.yml,1,9.0,6.9767,180,quadhigh,quadhigh,quadhigh,1.0,4.0,100,1300.0,150,1300,0.2681011613136408,1.4133067873545129,0.0003156523476349,-0.1537376368637626,0.6748920191083565,-0.0023459592368447,0.8644574413899233,6.057917834467988,-0.0011459000636758,-0.0015269931666415,-1.0602133541700349e-06,1.9620294792391064e-08,0.2091943180941075,0.02028254955577,4.412077833470742e-06,0.0,0.0,0.0,0.0,0.0,0.0,23.21,0.0,0.0,0.0,0.0,0.0
ymlfiles\Case_180_H1_T9_dir180_heaveDOFbest_pitchDOFbest_rollDOFbest.yml,1,9.0,6.9767,180,DOFbest,DOFbest,DOFbest,3.3,2.4,233,304.5,248,640,0.2652312236495779,1.3658348501813775,0.0002929868121806,-0.1536441197495391,0.6754244913798875,-0.0023455831360004,0.8535483405375496,5.878905848922916,-0.0012313033983507,-0.0014735022354646,-1.0562841691325143e-06,1.906928778292081e-08,0.2062261528635427,0.019640257608321,4.10721332607458e-06,0.0,0.0,0.0,0.0,0.0,0.0,22.54,0.0,0.0,0.0,0.0,0.0
ymlfiles\Case_181_H1_T9p5_dir0_heavelow_pitchlow_rolllow.yml,1,9.5,7.3643,0,low,low,low,1.0,1.0,100,300.0,150,200,0.2468353576140702,0.7291686482103843,0.0003029110197435,-0.1533317320445001,0.671182408734438,-0.0023478609869751,0.7811771243674458,3.4442947976681437,-0.001199221015293,-0.0016535855204821,6.186513584574933e-07,1.3209229481911156e-08,0.1864834188295976,0.0106812188202874,4.133641164969122e-06,0.0,0.0,0.0,0.0,0.0,0.0,18.0,0.0,0.0,0.0,0.0,0.0
ymlfiles\Case_182_H1_T9p5_dir0_heavelinhigh_pitchlinhigh_rolllinhigh.yml,1,9.5,7.3643,0,linhigh,linhigh,linhigh,6.5,1.0,300,300.0,325,200,0.2397224857634815,0.6972582733910393,0.0002799976183762,-0.1533796618177169,0.6707563736666421,-0.0023451465327335,0.7537091656603148,3.323703144872528,-0.0012837868510142,-0.0016236625149511,5.587223696419983e-07,1.23669969738165e-08,0.1794007352611012,0.0102593420763842,3.813701003809041e-06,0.0,0.0,0.0,0.0,0.0,0.0,16.35,0.0,0.0,0.0,0.0,0.0
ymlfiles\Case_183_H1_T9p5_dir0_heavequadhigh_pitchquadhigh_rollquadhigh.yml,1,9.5,7.3643,0,quadhigh,quadhigh,quadhigh,1.0,4.0,100,1300.0,150,1300,0.2458116112974283,0.7261062683545669,0.0003041736379087,-0.1533535940982202,0.6711423670831774,-0.0023473510380573,0.7772793994354557,3.432469968529305,-0.001194105050438,-0.0016505337762759,6.19768144569552e-07,1.315129251638036e-08,0.1854557869791804,0.0106402297320537,4.151714836848374e-06,0.0,0.0,0.0,0.0,0.0,0.0,17.76,0.0,0.0,0.0,0.0,0.0
ymlfiles\Case_184_H1_T9p5_dir0_heaveDOFbest_pitchDOFbest_rollDOFbest.yml,1,9.5,7.3643,0,DOFbest,DOFbest,DOFbest,3.3,2.4,233,304.5,248,640,0.2433443871730001,0.7086806799307127,0.0002871417957884,-0.1533557194478927,0.6709650467638151,-0.0023482415600874,0.7677364074824578,3.366835658469901,-0.0012595702138539,-0.0016352127344439,5.733044877690256e-07,1.2689063130951628e-08,0.1829837095471419,0.0104106538388415,3.922346546382958e-06,0.0,0.0,0.0,0.0,0.0,0.0,17.19,0.0,0.0,0.0,0.0,0.0
ymlfiles\Case_185_H1_T9p5_dir45_heavelow_pitchlow_rolllow.yml,1,9.5,7.3643,45,low,low,low,1.0,1.0,100,300.0,150,200,0.2615811173605485,0.5462544751065946,0.9172589919869834,-0.1538522239544577,0.672735595924016,-0.0037526018473911,0.8371394056659857,2.746937853698495,3.4766823521882557,-0.0011369157902485,-9.261623388207864e-06,6.223249377516571e-06,0.1988364957537062,0.0075951615826681,0.0124864846961531,0.0,0.0,0.0,0.0,0.0,0.0,20.86,0.0,0.0,0.0,0.0,0.0
ymlfiles\Case_186_H1_T9p5_dir45_heavelinhigh_pitchlinhigh_rolllinhigh.yml,1,9.5,7.3643,45,linhigh,linhigh,linhigh,6.5,1.0,300,300.0,325,200,0.25410720649761,0.5016415780777115,0.8384163334088789,-0.1537544599815862,0.6729184850358478,-0.0036773757174523,0.8082840838514522,2.5784993588764644,3.1785832133033667,-0.00103213726087,-9.34688345863224e-06,4.715686437988299e-06,0.1912070890517291,0.0069859013699,0.0114733919986848,0.0,0.0,0.0,0.0,0.0,0.0,19.1,0.0,0.0,0.0,0.0,0.0
ymlfiles\Case_187_H1_T9p5_dir45_heavequadhigh_pitchquadhigh_rollquadhigh.yml,1,9.5,7.3643,45,quadhigh,quadhigh,quadhigh,1.0,4.0,100,1300.0,150,1300,0.2604033805650501,0.5421643114113981,0.9087334071100422,-0.1538564096958859,0.6727765546447788,-0.0037570242488051,0.832462533316779,2.731447906664045,3.4443241300606493,-0.0011260360631103,-9.256174200791634e-06,6.122267055902506e-06,0.1976221196032619,0.0075396459931333,0.0123769338751661,0.0,0.0,0.0,0.0,0.0,0.0,20.59,0.0,0.0,0.0,0.0,0.0
ymlfiles\Case_188_H1_T9p5_dir45_heaveDOFbest_pitchDOFbest_rollDOFbest.yml,1,9.5,7.3643,45,DOFbest,DOFbest,DOFbest,3.3,2.4,233,304.5,248,640,0.2579109976764902,0.5194116125863428,0.8634463752847101,-0.1537800144703258,0.6729069764720437,-0.0036656655053828,0.8228890966610394,2.6456885049391814,3.2737673026859704,-0.0010698707330616,-9.380465393266142e-06,5.2054788092428105e-06,0.1950620823376304,0.0072272983747119,0.0117943584016908,0.0,0.0,0.0,0.0,0.0,0.0,20.0,0.0,0.0,0.0,0.0,0.0
ymlfiles\Case_189_H1_T9p5_dir90_heavelow_pitchlow_rolllow.yml,1,9.5,7.3643,90,low,low,low,1.0,1.0,100,300.0,150,200,0.2576115405697093,0.5295881117671033,0.7312199569968026,-0.1535034791740611,0.6779462760813654,0.0019378562169266,0.8220121450825951,2.6914140117907253,2.7701690914382087,-0.0011662661202493,-4.959793670813698e-06,-7.004817310598667e-06,0.1932045314794906,0.0074993235230317,0.0095226525033446,0.0,0.0,0.0,0.0,0.0,0.0,19.57,0.0,0.0,0.0,0.0,0.0
ymlfiles\Case_190_H1_T9p5_dir90_heavelinhigh_pitchlinhigh_rolllinhigh.yml,1,9.5,7.3643,90,linhigh,linhigh,linhigh,6.5,1.0,300,300.0,325,200,0.2504323920874537,0.4820249178614693,0.6678966019658267,-0.1534113529914345,0.6785172339675521,0.002171860734459,0.7946110386793679,2.510414463408016,2.5310806239481685,-0.0010616575149028,-4.0259054692918224e-06,-6.537096629702693e-06,0.1858696201608295,0.0068315058212326,0.0087041423577054,0.0,0.0,0.0,0.0,0.0,0.0,17.86,0.0,0.0,0.0,0.0,0.0
ymlfiles\Case_191_H1_T9p5_dir90_heavequadhigh_pitchquadhigh_rollquadhigh.yml,1,9.5,7.3643,90,quadhigh,quadhigh,quadhigh,1.0,4.0,100,1300.0,150,1300,0.2565103687521494,0.5254680778904054,0.7256665501329028,-0.1535184890647857,0.6779973567700249,0.0019335244271744,0.8178272509132192,2.675803490569228,2.749285352848604,-0.0011575885793979,-4.862463443144488e-06,-6.954195216080523e-06,0.1920697439722052,0.007440752821393,0.0094524118008818,0.0,0.0,0.0,0.0,0.0,0.0,19.3,0.0,0.0,0.0,0.0,0.0
ymlfiles\Case_192_H1_T9p5_dir90_heaveDOFbest_pitchDOFbest_rollDOFbest.yml,1,9.5,7.3643,90,DOFbest,DOFbest,DOFbest,3.3,2.4,233,304.5,248,640,0.2540859717464152,0.5010763059840792,0.6879541150366439,-0.1534431238177257,0.678288547051778,0.0020327456963753,0.8085668293377075,2.582974255568185,2.607026856555742,-0.0010954336906944,-4.360858095787032e-06,-6.751833254524898e-06,0.1895776956167336,0.0070993507,0.0089603914459427,0.0,0.0,0.0,0.0,0.0,0.0,18.73,0.0,0.0,0.0,0.0,0.0
ymlfiles\Case_193_H1_T9p5_dir135_heavelow_pitchlow_rolllow.yml,1,9.5,7.3643,135,low,low,low,1.0,1.0,100,300.0,150,200,0.2571313640343193,0.6127348210484798,0.5030065541079596,-0.1534400100857108,0.682592251279332,0.0020227501626562,0.8206208984684418,3.0079097639160635,1.905049553044657,-0.0009024901483398,-1.174955199496378e-05,-1.1177602188881942e-05,0.1925112356775669,0.0084320191514218,0.0064270686335796,0.0,0.0,0.0,0.0,0.0,0.0,19.41,0.0,0.0,0.0,0.0,0.0
ymlfiles\Case_194_H1_T9p5_dir135_heavelinhigh_pitchlinhigh_rolllinhigh.yml,1,9.5,7.3643,135,linhigh,linhigh,linhigh,6.5,1.0,300,300.0,325,200,0.2500962375323545,0.5766196235462187,0.4543981198729717,-0.1533691355648352,0.6832805378013179,0.0020437919590948,0.7932796778396183,2.871428096807651,1.7215442240856995,-0.0008517034053207,-1.1260039106441573e-05,-9.63470667931118e-06,0.1851424220160336,0.0079124626711291,0.0058003223215401,0.0,0.0,0.0,0.0,0.0,0.0,17.69,0.0,0.0,0.0,0.0,0.0
ymlfiles\Case_195_H1_T9p5_dir135_heavequadhigh_pitchquadhigh_rollquadhigh.yml,1,9.5,7.3643,135,quadhigh,quadhigh,quadhigh,1.0,4.0,100,1300.0,150,1300,0.256049464586528,0.610089021834563,0.4996945072637703,-0.1534512573546006,0.6826737692188741,0.0019920131703606,0.8164594411793367,2.997830502341845,1.892385266710424,-0.0008999498551076,-1.1671999326013346e-05,-1.104558204398712e-05,0.1913669446022343,0.0083931626850693,0.0063858005242953,0.0,0.0,0.0,0.0,0.0,0.0,19.14,0.0,0.0,0.0,0.0,0.0
ymlfiles\Case_196_H1_T9p5_dir135_heaveDOFbest_pitchDOFbest_rollDOFbest.yml,1,9.5,7.3643,135,DOFbest,DOFbest,DOFbest,3.3,2.4,233,304.5,248,640,0.2536742072351964,0.5899670841181588,0.4701884904202935,-0.1533982233415757,0.6829576746359459,0.0020330146439172,0.8071044003184065,2.9216398243955157,1.7808990997255836,-0.0008682309264326,-1.1518946247968626e-05,-1.0245744321151322e-05,0.1888597405732452,0.0081054138116115,0.0060007191987594,0.0,0.0,0.0,0.0,0.0,0.0,18.56,0.0,0.0,0.0,0.0,0.0
ymlfiles\Case_197_H1_T9p5_dir180_heavelow_pitchlow_rolllow.yml,1,9.5,7.3643,180,low,low,low,1.0,1.0,100,300.0,150,200,0.2664108338621648,1.2923663372761232,0.0002932730602079,-0.1534324568429576,0.6743131222441192,-0.0023456499338933,0.8562101770557681,5.59176805245293,-0.0012304175215159,-0.0014512555482987,1.213286633860127e-06,1.9500433900472734e-08,0.2014080654811447,0.018467442604206,4.104134520263476e-06,0.0,0.0,0.0,0.0,0.0,0.0,21.45,0.0,0.0,0.0,0.0,0.0
ymlfiles\Case_198_H1_T9p5_dir180_heavelinhigh_pitchlinhigh_rolllinhigh.yml,1,9.5,7.3643,180,linhigh,linhigh,linhigh,6.5,1.0,300,300.0,325,200,0.2584912429920253,1.2043423900552157,0.000261255582679,-0.1533193913175701,0.6755986808132217,-0.0023446386092557,0.8256849173579612,5.259263017897894,-0.0013507623344517,-0.0013588933536158,9.96046820294771e-07,1.8000929827603862e-08,0.1931311165120427,0.0172650723146422,3.6681187283215246e-06,0.0,0.0,0.0,0.0,0.0,0.0,19.55,0.0,0.0,0.0,0.0,0.0
ymlfiles\Case_199_H1_T9p5_dir180_heavequadhigh_pitchquadhigh_rollquadhigh.yml,1,9.5,7.3643,180,quadhigh,quadhigh,quadhigh,1.0,4.0,100,1300.0,150,1300,0.2651320947860824,1.2754899116927498,0.0002928824126778,-0.1534200694295916,0.6745802774496318,-0.0023455091245287,0.8511630907392033,5.527338395316914,-0.0012317064418948,-0.0014341947488229,1.1830348393641848e-06,1.9180413036107512e-08,0.2000598879527199,0.0182365246465454,4.097174057037054e-06,0.0,0.0,0.0,0.0,0.0,0.0,21.14,0.0,0.0,0.0,0.0,0.0
ymlfiles\Case_200_H1_T9p5_dir180_heaveDOFbest_pitchDOFbest_rollDOFbest.yml,1,9.5,7.3643,180,DOFbest,DOFbest,DOFbest,3.3,2.4,233,304.5,248,640,0.2625011768941736,1.23433589892389,0.0002725983686175,-0.1533528467866353,0.6750663667125859,-0.0023451083663279,0.8410499007052882,5.372878425507143,-0.0013082883492354,-0.0013924766352032,1.074757796886637e-06,1.853948940893432e-08,0.1972832993020879,0.0176743093542876,3.823706100593031e-06,0.0,0.0,0.0,0.0,0.0,0.0,20.51,0.0,0.0,0.0,0.0,0.0
ymlfiles\Case_201_H1_T10_dir0_heavelow_pitchlow_rolllow.yml,1,10.0,7.7519,0,low,low,low,1.0,1.0,100,300.0,150,200,0.2455087672127997,0.685865926311411,0.0002902641228451,-0.152859396995921,0.6677192725491773,-0.0023495597862547,0.7750801610700335,3.2764372806917303,-0.0012490390798704,-0.0016128036161944,1.142259368209162e-06,1.0489283002972526e-08,0.1804381776889404,0.0098856087764298,3.960648352842819e-06,0.0,0.0,0.0,0.0,0.0,0.0,16.59,0.0,0.0,0.0,0.0,0.0
ymlfiles\Case_202_H1_T10_dir0_heavelinhigh_pitchlinhigh_rolllinhigh.yml,1,10.0,7.7519,0,linhigh,linhigh,linhigh,6.5,1.0,300,300.0,325,200,0.2388916771106309,0.656202177765583,0.0002675210715139,-0.1528796782919477,0.6672381537268235,-0.002349376672588,0.7492433660907298,3.1647381786594515,-0.0013346580990169,-0.0015909158751364,1.2025088590663004e-06,1.0252160691226449e-08,0.1736635028025309,0.0094846032175128,3.636712243581981e-06,0.0,0.0,0.0,0.0,0.0,0.0,15.0,0.0,0.0,0.0,0.0,0.0
ymlfiles\Case_203_H1_T10_dir0_heavequadhigh_pitchquadhigh_rollquadhigh.yml,1,10.0,7.7519,0,quadhigh,quadhigh,quadhigh,1.0,4.0,100,1300.0,150,1300,0.2445934635872211,0.6831915727126685,0.0002887789806759,-0.1528643805564303,0.6676775633072162,-0.0023480169925375,0.7716156414145082,3.266353295527847,-0.0012526104737617,-0.001610682393424,1.1487283012862198e-06,1.0976146550506228e-08,0.1794991805894564,0.0098490498287306,3.936417881878472e-06,0.0,0.0,0.0,0.0,0.0,0.0,16.37,0.0,0.0,0.0,0.0,0.0
ymlfiles\Case_204_H1_T10_dir0_heaveDOFbest_pitchDOFbest_rollDOFbest.yml,1,10.0,7.7519,0,DOFbest,DOFbest,DOFbest,3.3,2.4,233,304.5,248,640,0.2422664704998108,0.6668751151415167,0.000269282037682,-0.1528590520032914,0.6674712410512714,-0.0023484899310584,0.762520450978107,3.2052156725490786,-0.0013269865831479,-0.0015995696310075,1.1778488114692663e-06,1.0633073082782661e-08,0.1770972706216892,0.0096291651155595,3.689182368991992e-06,0.0,0.0,0.0,0.0,0.0,0.0,15.81,0.0,0.0,0.0,0.0,0.0
ymlfiles\Case_205_H1_T10_dir45_heavelow_pitchlow_rolllow.yml,1,10.0,7.7519,45,low,low,low,1.0,1.0,100,300.0,150,200,0.2582273119458385,0.5121081561503076,0.8406576710689232,-0.1536088498051538,0.6706483853575147,-0.0024995726958504,0.8229411348378819,2.617092517034345,3.189951812782456,-0.0011146970145803,-1.033353097168454e-05,2.220187325318705e-06,0.1909296707288612,0.0070837619933198,0.0113968116880815,0.0,0.0,0.0,0.0,0.0,0.0,19.04,0.0,0.0,0.0,0.0,0.0
ymlfiles\Case_206_H1_T10_dir45_heavelinhigh_pitchlinhigh_rolllinhigh.yml,1,10.0,7.7519,45,linhigh,linhigh,linhigh,6.5,1.0,300,300.0,325,200,0.2512719825485931,0.4699510131892651,0.771901055665203,-0.153521377702308,0.670799622174059,-0.0023429571143826,0.7957243938925075,2.4572813906750475,2.929900028200593,-0.001032150668044,-1.0575803962617948e-05,1.379484154090063e-06,0.1836280508641951,0.0064994916740142,0.0105012158612339,0.0,0.0,0.0,0.0,0.0,0.0,17.34,0.0,0.0,0.0,0.0,0.0
ymlfiles\Case_207_H1_T10_dir45_heavequadhigh_pitchquadhigh_rollquadhigh.yml,1,10.0,7.7519,45,quadhigh,quadhigh,quadhigh,1.0,4.0,100,1300.0,150,1300,0.2571769195136291,0.5084282400671154,0.8336736994092707,-0.1536198485047536,0.6707313876525267,-0.0025170133171879,0.8189578192450236,2.603286327919685,3.1637365422958634,-0.0011061733868025,-1.034790779657572e-05,2.177511675588584e-06,0.1898250117793652,0.0070332767885581,0.0113061529447585,0.0,0.0,0.0,0.0,0.0,0.0,18.78,0.0,0.0,0.0,0.0,0.0
ymlfiles\Case_208_H1_T10_dir45_heaveDOFbest_pitchDOFbest_rollDOFbest.yml,1,10.0,7.7519,45,DOFbest,DOFbest,DOFbest,3.3,2.4,233,304.5,248,640,0.254823095686389,0.4867875613653864,0.7937302453242474,-0.1535478889707129,0.6706623946419051,-0.0022174804460922,0.8097565980896795,2.5208668501140643,3.013562716580505,-0.0010625804059208,-1.053674314773722e-05,1.6688613107384989e-06,0.1873308614395941,0.0067317318856487,0.0107854190322778,0.0,0.0,0.0,0.0,0.0,0.0,18.2,0.0,0.0,0.0,0.0,0.0
ymlfiles\Case_209_H1_T10_dir90_heavelow_pitchlow_rolllow.yml,1,10.0,7.7519,90,low,low,low,1.0,1.0,100,300.0,150,200,0.255259980648474,0.4899448399810931,0.6795149461478655,-0.1535729688415309,0.6778143205515623,0.0010310430986113,0.8112750530047327,2.542905943571116,2.572152701694341,-0.0011611409425572,-4.2591842354974806e-06,-8.922794029828866e-06,0.1859280497189552,0.0069409276773415,0.0087378347348903,0.0,0.0,0.0,0.0,0.0,0.0,17.88,0.0,0.0,0.0,0.0,0.0
ymlfiles\Case_210_H1_T10_dir90_heavelinhigh_pitchlinhigh_rolllinhigh.yml,1,10.0,7.7519,90,linhigh,linhigh,linhigh,6.5,1.0,300,300.0,325,200,0.2486051015360694,0.4448724630804545,0.6246598892286639,-0.1534946069619693,0.6783545411354321,0.0012163799701522,0.7854145919625648,2.3709438317185283,2.3650335294840072,-0.0010708317757092,-3.621557786749984e-06,-8.214977449087272e-06,0.1789248693168023,0.0063008931656863,0.0080210608028511,0.0,0.0,0.0,0.0,0.0,0.0,16.23,0.0,0.0,0.0,0.0,0.0
ymlfiles\Case_211_H1_T10_dir90_heavequadhigh_pitchquadhigh_rollquadhigh.yml,1,10.0,7.7519,90,quadhigh,quadhigh,quadhigh,1.0,4.0,100,1300.0,150,1300,0.2542760123824639,0.4862236793653759,0.6749119140865885,-0.153592747896788,0.6778747546740903,0.0010525050125712,0.8074827642545075,2.5287096909679603,2.5547573937564363,-0.0011536397157519,-4.177853144070447e-06,-8.862609209206948e-06,0.184892849686174,0.0068874304429357,0.0086795265870039,0.0,0.0,0.0,0.0,0.0,0.0,17.63,0.0,0.0,0.0,0.0,0.0
ymlfiles\Case_212_H1_T10_dir90_heaveDOFbest_pitchDOFbest_rollDOFbest.yml,1,10.0,7.7519,90,DOFbest,DOFbest,DOFbest,3.3,2.4,233,304.5,248,640,0.2520033350988322,0.4628442433058297,0.642147305346524,-0.1535306681383287,0.6781186794574635,0.0011150678480764,0.7987433905926853,2.439346772272192,2.4308433867273838,-0.0011013052704862,-3.848434975482942e-06,-8.495053876939559e-06,0.1824771841532751,0.0065569163348675,0.0082463540949293,0.0,0.0,0.0,0.0,0.0,0.0,17.07,0.0,0.0,0.0,0.0,0.0
ymlfiles\Case_213_H1_T10_dir135_heavelow_pitchlow_rolllow.yml,1,10.0,7.7519,135,low,low,low,1.0,1.0,100,300.0,150,200,0.255267726918925,0.5748529256664765,0.4582406947353407,-0.1534214785730582,0.6820148224583195,0.0033696914342274,0.8118287184962081,2.8653993092371706,1.7354362104263448,-0.0009157717614113,-1.1678375500569816e-05,-1.2335113466185618e-05,0.1856569488472347,0.0078580805602589,0.005789203844902,0.0,0.0,0.0,0.0,0.0,0.0,17.81,0.0,0.0,0.0,0.0,0.0
ymlfiles\Case_214_H1_T10_dir135_heavelinhigh_pitchlinhigh_rolllinhigh.yml,1,10.0,7.7519,135,linhigh,linhigh,linhigh,6.5,1.0,300,300.0,325,200,0.2486754440266543,0.5407342300292898,0.4158833975386051,-0.1533591917657305,0.6826470679410812,0.0033522545267954,0.7857617085103961,2.7351773385191045,1.574965348762921,-0.0008716520820958,-1.1342099928454564e-05,-1.0863368637528702e-05,0.1785475985265709,0.0073592125309567,0.0052404948819554,0.0,0.0,0.0,0.0,0.0,0.0,16.15,0.0,0.0,0.0,0.0,0.0
ymlfiles\Case_215_H1_T10_dir135_heavequadhigh_pitchquadhigh_rollquadhigh.yml,1,10.0,7.7519,135,quadhigh,quadhigh,quadhigh,1.0,4.0,100,1300.0,150,1300,0.2542947181618452,0.5724888470915641,0.4553948819673644,-0.1534278802986537,0.6821031220318889,0.0033103121301864,0.8081430545863268,2.856397255517336,1.7247153775693491,-0.000913382347677,-1.1610906257220444e-05,-1.2224109682043775e-05,0.1846059842966658,0.0078226989885229,0.0057541322085208,0.0,0.0,0.0,0.0,0.0,0.0,17.57,0.0,0.0,0.0,0.0,0.0
ymlfiles\Case_216_H1_T10_dir135_heaveDOFbest_pitchDOFbest_rollDOFbest.yml,1,10.0,7.7519,135,DOFbest,DOFbest,DOFbest,3.3,2.4,233,304.5,248,640,0.2520346695634432,0.5533671337291179,0.4297036392507238,-0.1533846843986254,0.6823707863368564,0.0033221220229277,0.7992721000577228,2.7828532963131325,1.6272517040328045,-0.0008866748488969,-1.1549137862146352e-05,-1.141972708696168e-05,0.182143975766441,0.0075451458145341,0.0054157513390875,0.0,0.0,0.0,0.0,0.0,0.0,16.99,0.0,0.0,0.0,0.0,0.0
ymlfiles\Case_217_H1_T10_dir180_heavelow_pitchlow_rolllow.yml,1,10.0,7.7519,180,low,low,low,1.0,1.0,100,300.0,150,200,0.2635286436800563,1.1933960608341505,0.0002739055222071,-0.1531207019920332,0.6725638932769266,-0.0023444519964108,0.8434762776854071,5.2186435039159855,-0.0013020200607923,-0.0013183544241822,-1.734679098545572e-06,1.5848004902254405e-08,0.1936727416993498,0.0170390813118461,3.861596679679943e-06,0.0,0.0,0.0,0.0,0.0,0.0,19.68,0.0,0.0,0.0,0.0,0.0
ymlfiles\Case_218_H1_T10_dir180_heavelinhigh_pitchlinhigh_rolllinhigh.yml,1,10.0,7.7519,180,linhigh,linhigh,linhigh,6.5,1.0,300,300.0,325,200,0.2560747152495064,1.1114339472916015,0.0002441910443437,-0.1530143948013895,0.6736026891391353,-0.0023435230035665,0.8150215736735739,4.909502176562466,-0.001413904726558,-0.0012476570150558,-1.6717743343976111e-06,1.4929306952712122e-08,0.185664998539212,0.0159078823499674,3.453874226621413e-06,0.0,0.0,0.0,0.0,0.0,0.0,17.81,0.0,0.0,0.0,0.0,0.0
ymlfiles\Case_219_H1_T10_dir180_heavequadhigh_pitchquadhigh_rollquadhigh.yml,1,10.0,7.7519,180,quadhigh,quadhigh,quadhigh,1.0,4.0,100,1300.0,150,1300,0.262372430045329,1.1788479528830773,0.0002737007923702,-0.1531092869999921,0.6728350403758749,-0.0023443570015408,0.8390606694847476,5.163489882015129,-0.0013027557643767,-0.0013057361991732,-1.7235796671866436e-06,1.562576182920604e-08,0.1924301606988267,0.0168387113821925,3.856869518532849e-06,0.0,0.0,0.0,0.0,0.0,0.0,19.39,0.0,0.0,0.0,0.0,0.0
ymlfiles\Case_220_H1_T10_dir180_heaveDOFbest_pitchDOFbest_rollDOFbest.yml,1,10.0,7.7519,180,DOFbest,DOFbest,DOFbest,3.3,2.4,233,304.5,248,640,0.2598504660160889,1.1397781286241888,0.0002547864797228,-0.1530478679922334,0.6731772536668565,-0.0023439333174232,0.829585198733491,5.016477380392523,-0.0013740254714956,-0.0012738949756632,-1.699067612469796e-06,1.5278416927972074e-08,0.1896900839224752,0.0162992143049192,3.600479116071175e-06,0.0,0.0,0.0,0.0,0.0,0.0,18.75,0.0,0.0,0.0,0.0,0.0
ymlfiles\Case_221_H1_T11_dir0_heavelow_pitchlow_rolllow.yml,1,11.0,8.5271,0,low,low,low,1.0,1.0,100,300.0,150,200,0.2445696628161028,0.6370869934718262,0.0002863059662047,-0.152563798225148,0.6591498228243625,-0.0023468931291217,0.767914773385283,3.077133749010947,-0.0012615735189159,-0.0015527059130679,1.5887938438698248e-06,1.1230544517813568e-08,0.1691181108408426,0.0088865482832432,3.904524326891701e-06,0.0,0.0,0.0,0.0,0.0,0.0,13.93,0.0,0.0,0.0,0.0,0.0
ymlfiles\Case_222_H1_T11_dir0_heavelinhigh_pitchlinhigh_rolllinhigh.yml,1,11.0,8.5271,0,linhigh,linhigh,linhigh,6.5,1.0,300,300.0,325,200,0.2391463787365854,0.6072861335738997,0.0002703686645483,-0.1526610368165994,0.6586862180222534,-0.0023468740344723,0.7467072796832344,2.9645184881769127,-0.0013232178592748,-0.0015389644785008,1.4228310546598983e-06,1.0215733420634268e-08,0.1633568799997583,0.0084706972757212,3.6291658336576296e-06,0.0,0.0,0.0,0.0,0.0,0.0,12.59,0.0,0.0,0.0,0.0,0.0
ymlfiles\Case_223_H1_T11_dir0_heavequadhigh_pitchquadhigh_rollquadhigh.yml,1,11.0,8.5271,0,quadhigh,quadhigh,quadhigh,1.0,4.0,100,1300.0,150,1300,0.2438731273225563,0.6345514755801068,0.0002832554576071,-0.1525830992625837,0.6591179137529032,-0.0023472863415035,0.7652739452590288,3.067727567361872,-0.0012739281883303,-0.0015513700962479,1.5752098922082382e-06,1.0577470244832816e-08,0.1683670870146244,0.008850951475584,3.850017707409487e-06,0.0,0.0,0.0,0.0,0.0,0.0,13.76,0.0,0.0,0.0,0.0,0.0
ymlfiles\Case_224_H1_T11_dir0_heaveDOFbest_pitchDOFbest_rollDOFbest.yml,1,11.0,8.5271,0,DOFbest,DOFbest,DOFbest,3.3,2.4,233,304.5,248,640,0.2419342099842793,0.6182316540207246,0.0002541244222783,-0.1526130215145563,0.6589264457407257,-0.0023462712430017,0.7576213249302928,3.006073830708722,-0.0013836562982137,-0.0015443236797095,1.484778618797731e-06,9.186895149797432e-09,0.1662937040865824,0.0086238906453965,3.4853935500816525e-06,0.0,0.0,0.0,0.0,0.0,0.0,13.27,0.0,0.0,0.0,0.0,0.0
ymlfiles\Case_225_H1_T11_dir45_heavelow_pitchlow_rolllow.yml,1,11.0,8.5271,45,low,low,low,1.0,1.0,100,300.0,150,200,0.2532858145860638,0.4635530872928412,0.7464385314939321,-0.153542042067693,0.6666392570839313,-0.0044106169923109,0.7999549717805582,2.427070336896786,2.824577809927511,-0.001068308377654,-1.3508480581613e-05,2.918450619557361e-06,0.176245363087389,0.0063536115589789,0.0099935416621923,0.0,0.0,0.0,0.0,0.0,0.0,15.61,0.0,0.0,0.0,0.0,0.0
ymlfiles\Case_226_H1_T11_dir45_heavelinhigh_pitchlinhigh_rolllinhigh.yml,1,11.0,8.5271,45,linhigh,linhigh,linhigh,6.5,1.0,300,300.0,325,200,0.2475728498676899,0.4243989471923969,0.6878108305729942,-0.1534763495002937,0.6668963089059059,-0.0043127192460301,0.7775109742408943,2.2784668895353675,2.604125861422548,-0.0010101694175431,-1.3762761513193312e-05,1.905007132365388e-06,0.1700528185022148,0.0058009755861712,0.0092125878851433,0.0,0.0,0.0,0.0,0.0,0.0,14.15,0.0,0.0,0.0,0.0,0.0
ymlfiles\Case_227_H1_T11_dir45_heavequadhigh_pitchquadhigh_rollquadhigh.yml,1,11.0,8.5271,45,quadhigh,quadhigh,quadhigh,1.0,4.0,100,1300.0,150,1300,0.2524899512473629,0.4605060588858604,0.7412748539406515,-0.1535541256657437,0.6666806920917551,-0.0043799778904535,0.7967781051118964,2.415629622728643,2.805038205235362,-0.0010630882463466,-1.3518853145418328e-05,2.8576617370733367e-06,0.1753737523800487,0.0063110361297875,0.0099250750042494,0.0,0.0,0.0,0.0,0.0,0.0,15.4,0.0,0.0,0.0,0.0,0.0
ymlfiles\Case_228_H1_T11_dir45_heaveDOFbest_pitchDOFbest_rollDOFbest.yml,1,11.0,8.5271,45,DOFbest,DOFbest,DOFbest,3.3,2.4,233,304.5,248,640,0.2505138012243206,0.4401200413249335,0.706089032189879,-0.1534971716727841,0.6668302024174295,-0.0043574707981163,0.7889472209572457,2.338184204248078,2.67227287374738,-0.0010317814521322,-1.370200673882127e-05,2.241213074671762e-06,0.1732148746217977,0.006022057133416,0.009456259098285,0.0,0.0,0.0,0.0,0.0,0.0,14.89,0.0,0.0,0.0,0.0,0.0
ymlfiles\Case_229_H1_T11_dir90_heavelow_pitchlow_rolllow.yml,1,11.0,8.5271,90,low,low,low,1.0,1.0,100,300.0,150,200,0.2517395238019411,0.4426767754207951,0.6196343119031945,-0.1536903581037463,0.6794912807337559,0.0014907626095402,0.793308669062882,2.3625156326078427,2.3431579399495703,-0.0011727881937603,-7.4659137306471615e-06,-7.655579796868892e-06,0.172034165833314,0.0062330667021083,0.0077590687611512,0.0,0.0,0.0,0.0,0.0,0.0,14.62,0.0,0.0,0.0,0.0,0.0
ymlfiles\Case_230_H1_T11_dir90_heavelinhigh_pitchlinhigh_rolllinhigh.yml,1,11.0,8.5271,90,linhigh,linhigh,linhigh,6.5,1.0,300,300.0,325,200,0.2463085396186715,0.4008106937518901,0.5737525407532534,-0.1536492467636933,0.6800217332019485,0.0017477972298534,0.7719833499409735,2.2037956840571784,2.170263045562847,-0.001097889603419,-6.87723887399366e-06,-7.334699659088932e-06,0.1661305635949441,0.0056318232744697,0.0071440007444498,0.0,0.0,0.0,0.0,0.0,0.0,13.24,0.0,0.0,0.0,0.0,0.0
ymlfiles\Case_231_H1_T11_dir90_heavequadhigh_pitchquadhigh_rollquadhigh.yml,1,11.0,8.5271,90,quadhigh,quadhigh,quadhigh,1.0,4.0,100,1300.0,150,1300,0.2509938403343671,0.439551557184177,0.6162453542478012,-0.1537231186228646,0.6795515571107844,0.0015273221110116,0.7902999701101825,2.3506919171041867,2.330387250474375,-0.0011672782133878,-7.405639228681744e-06,-7.632359359244575e-06,0.1712169757569409,0.0061875911702803,0.007715619541102,0.0,0.0,0.0,0.0,0.0,0.0,14.43,0.0,0.0,0.0,0.0,0.0
ymlfiles\Case_232_H1_T11_dir90_heaveDOFbest_pitchDOFbest_rollDOFbest.yml,1,11.0,8.5271,90,DOFbest,DOFbest,DOFbest,3.3,2.4,233,304.5,248,640,0.2491029401110533,0.4176403943309675,0.5882162306588857,-0.1536852566105417,0.6798171861033458,0.0016257285088377,0.7830720172680877,2.2677328924534024,2.2249300090807616,-0.0011235692832346,-7.088357452401976e-06,-7.479223850910283e-06,0.169142705442972,0.0058745820617879,0.0073346056764682,0.0,0.0,0.0,0.0,0.0,0.0,13.94,0.0,0.0,0.0,0.0,0.0
ymlfiles\Case_233_H1_T11_dir135_heavelow_pitchlow_rolllow.yml,1,11.0,8.5271,135,low,low,low,1.0,1.0,100,300.0,150,200,0.252239798611688,0.5237358459432382,0.4028240161158375,-0.1536833675296648,0.6814187518843895,0.0058891312779291,0.7954843305226085,2.668140955939251,1.5275260372903685,-0.0009078942521225,-1.2942875907818148e-05,-1.2023312682548798e-05,0.1720882771047169,0.0070651994886652,0.0049827369538759,0.0,0.0,0.0,0.0,0.0,0.0,14.63,0.0,0.0,0.0,0.0,0.0
ymlfiles\Case_234_H1_T11_dir135_heavelinhigh_pitchlinhigh_rolllinhigh.yml,1,11.0,8.5271,135,linhigh,linhigh,linhigh,6.5,1.0,300,300.0,325,200,0.2467991425482822,0.4920042933681585,0.3674212020024678,-0.1536400383503438,0.6819213473917258,0.0059836434474593,0.7743978724922388,2.547393927225471,1.3935004680481444,-0.0008718782271666,-1.260531009110206e-05,-1.1059423882028312e-05,0.1660006543934664,0.0065911702458109,0.0045171233021093,0.0,0.0,0.0,0.0,0.0,0.0,13.21,0.0,0.0,0.0,0.0,0.0
ymlfiles\Case_235_H1_T11_dir135_heavequadhigh_pitchquadhigh_rollquadhigh.yml,1,11.0,8.5271,135,quadhigh,quadhigh,quadhigh,1.0,4.0,100,1300.0,150,1300,0.25149067569358,0.5217701692471677,0.4006904820367328,-0.1536926991774461,0.6814842829684097,0.005850363681473,0.7924279787546396,2.6606465707596265,1.5195125612217757,-0.0009063781268804,-1.2879046308217657e-05,-1.1962988360563383e-05,0.1712425712494814,0.0070350529545704,0.0049568000304971,0.0,0.0,0.0,0.0,0.0,0.0,14.43,0.0,0.0,0.0,0.0,0.0
ymlfiles\Case_236_H1_T11_dir135_heaveDOFbest_pitchDOFbest_rollDOFbest.yml,1,11.0,8.5271,135,DOFbest,DOFbest,DOFbest,3.3,2.4,233,304.5,248,640,0.2495917029756001,0.5037748730644781,0.3788706514149055,-0.1536566767835861,0.6816690782339431,0.005932066035669,0.7849825627572605,2.5919715736440705,1.436926866575065,-0.0008844609026707,-1.279876961944378e-05,-1.1432242645850585e-05,0.1690977195466912,0.0067686273040403,0.0046632927154112,0.0,0.0,0.0,0.0,0.0,0.0,13.93,0.0,0.0,0.0,0.0,0.0
ymlfiles\Case_237_H1_T11_dir180_heavelow_pitchlow_rolllow.yml,1,11.0,8.5271,180,low,low,low,1.0,1.0,100,300.0,150,200,0.2589022608346443,1.0551295750001346,0.0002673148694178,-0.1529950070692515,0.6716206537934969,-0.0023429749044993,0.8218215666967735,4.68813757623451,-0.0013257989750988,-0.0011513140720414,-1.825530831959422e-06,1.2940234594593892e-08,0.17863439255192,0.0149821305156248,3.765000760137952e-06,0.0,0.0,0.0,0.0,0.0,0.0,16.17,0.0,0.0,0.0,0.0,0.0
ymlfiles\Case_238_H1_T11_dir180_heavelinhigh_pitchlinhigh_rolllinhigh.yml,1,11.0,8.5271,180,linhigh,linhigh,linhigh,6.5,1.0,300,300.0,325,200,0.2527407965270845,0.9803760277621,0.0002365791809052,-0.1529003673748257,0.6723261829919388,-0.0023415949351901,0.7978096471733681,4.405195223085427,-0.0014411493400116,-0.0010987353958212,-1.822451891776751e-06,1.2145759891554304e-08,0.1717610817804422,0.0139396484050918,3.342746444567693e-06,0.0,0.0,0.0,0.0,0.0,0.0,14.55,0.0,0.0,0.0,0.0,0.0
ymlfiles\Case_239_H1_T11_dir180_heavequadhigh_pitchquadhigh_rollquadhigh.yml,1,11.0,8.5271,180,quadhigh,quadhigh,quadhigh,1.0,4.0,100,1300.0,150,1300,0.2580154059889082,1.0435072158254155,0.0002669937541862,-0.1529841992924031,0.6717902899063057,-0.0023428248235745,0.8183773264938635,4.643868991771299,-0.0013268694891903,-0.0011432984184318,-1.8211325241995824e-06,1.2795640108792884e-08,0.1776390060956218,0.0148202681796782,3.7590318211067736e-06,0.0,0.0,0.0,0.0,0.0,0.0,15.93,0.0,0.0,0.0,0.0,0.0
ymlfiles\Case_240_H1_T11_dir180_heaveDOFbest_pitchDOFbest_rollDOFbest.yml,1,11.0,8.5271,180,DOFbest,DOFbest,DOFbest,3.3,2.4,233,304.5,248,640,0.2558841759144353,1.006601790698351,0.0002469937476281,-0.1529292307593579,0.6720228666438689,-0.0023422019774711,0.8100653176619154,4.5049369250275895,-0.0014021650698461,-0.0011186548321523,-1.8175014330567436e-06,1.2425259068620522e-08,0.1752368527701074,0.0143056486396279,3.487913142568524e-06,0.0,0.0,0.0,0.0,0.0,0.0,15.37,0.0,0.0,0.0,0.0,0.0
ymlfiles\Case_241_H1_T12_dir0_heavelow_pitchlow_rolllow.yml,1,12.0,9.3023,0,low,low,low,1.0,1.0,100,300.0,150,200,0.2454731802027458,0.5909695282791771,0.0002522467156858,-0.1523024481763183,0.6562264815553189,-0.0023443873883684,0.7676523468925575,2.895012493757505,-0.0013894341739302,-0.0014287010358533,1.391816870253852e-06,8.455129576723493e-09,0.1591762668384429,0.0080379922035592,3.4791374064659484e-06,0.0,0.0,0.0,0.0,0.0,0.0,11.63,0.0,0.0,0.0,0.0,0.0
ymlfiles\Case_242_H1_T12_dir0_heavelinhigh_pitchlinhigh_rolllinhigh.yml,1,12.0,9.3023,0,linhigh,linhigh,linhigh,6.5,1.0,300,300.0,325,200,0.2410995882004631,0.5618019007526858,0.0002341559873783,-0.1524475109460829,0.655638250372573,-0.0023405597918577,0.7500148629155001,2.784043907085307,-0.0014544127364597,-0.001420411476864,1.3871129344916748e-06,7.523558778174045e-09,0.154294820347429,0.0076228169088297,3.2824612802746526e-06,0.0,0.0,0.0,0.0,0.0,0.0,10.52,0.0,0.0,0.0,0.0,0.0
ymlfiles\Case_243_H1_T12_dir0_heavequadhigh_pitchquadhigh_rollquadhigh.yml,1,12.0,9.3023,0,quadhigh,quadhigh,quadhigh,1.0,4.0,100,1300.0,150,1300,0.2449419058529454,0.5886560561535318,0.0002583004071757,-0.1523059199401188,0.6561291183614009,-0.0023437722681695,0.765599497731467,2.8863885227787165,-0.0013659550594083,-0.0014279029389409,1.3928659422206296e-06,8.063615425896269e-09,0.1585661208154419,0.0080049007692635,3.633609298120937e-06,0.0,0.0,0.0,0.0,0.0,0.0,11.49,0.0,0.0,0.0,0.0,0.0
ymlfiles\Case_244_H1_T12_dir0_heaveDOFbest_pitchDOFbest_rollDOFbest.yml,1,12.0,9.3023,0,DOFbest,DOFbest,DOFbest,3.3,2.4,233,304.5,248,640,0.2433604990110308,0.572659128206417,0.0002380609026244,-0.1523541930890715,0.6558885020746831,-0.0023445087043523,0.7589838091736688,2.825308725350175,-0.0014438028321214,-0.0014236452300836,1.3904785604860362e-06,7.866112196309413e-09,0.1567892686338346,0.0077775231361496,3.2767864731852928e-06,0.0,0.0,0.0,0.0,0.0,0.0,11.08,0.0,0.0,0.0,0.0,0.0
ymlfiles\Case_245_H1_T12_dir45_heavelow_pitchlow_rolllow.yml,1,12.0,9.3023,45,low,low,low,1.0,1.0,100,300.0,150,200,0.2506613306686188,0.4235004429739349,0.6783500012942641,-0.1535710381447013,0.6665896283094404,-0.0098274973927236,0.7859464978676768,2.2736242388086927,2.559263183260527,-0.0010089934399823,-1.7267288546260276e-05,3.3221512769736656e-06,0.1636399882519763,0.0057757825826281,0.008912758257022,0.0,0.0,0.0,0.0,0.0,0.0,12.66,0.0,0.0,0.0,0.0,0.0
ymlfiles\Case_246_H1_T12_dir45_heavelinhigh_pitchlinhigh_rolllinhigh.yml,1,12.0,9.3023,45,linhigh,linhigh,linhigh,6.5,1.0,300,300.0,325,200,0.2460137476931949,0.3863153326546152,0.6283379131811788,-0.153531199373806,0.6666352182360874,-0.0094024734404098,0.7676834396945,2.132491236666364,2.37066131545274,-0.0009614688170182,-1.7393701326672617e-05,2.644103187608991e-06,0.1583690460561088,0.0052469302823375,0.0082336365848193,0.0,0.0,0.0,0.0,0.0,0.0,11.44,0.0,0.0,0.0,0.0,0.0
ymlfiles\Case_247_H1_T12_dir45_heavequadhigh_pitchquadhigh_rollquadhigh.yml,1,12.0,9.3023,45,quadhigh,quadhigh,quadhigh,1.0,4.0,100,1300.0,150,1300,0.2500489154027267,0.4208269427594337,0.6743623641967866,-0.1535765513723227,0.6666204413837725,-0.0097845543975296,0.7835861232712584,2.263510062787594,2.5443406991404016,-0.0010049447019842,-1.7266709143623814e-05,3.2855684666544305e-06,0.1629345269348323,0.0057379761501799,0.0088589102228422,0.0,0.0,0.0,0.0,0.0,0.0,12.49,0.0,0.0,0.0,0.0,0.0
ymlfiles\Case_248_H1_T12_dir45_heaveDOFbest_pitchDOFbest_rollDOFbest.yml,1,12.0,9.3023,45,DOFbest,DOFbest,DOFbest,3.3,2.4,233,304.5,248,640,0.2484134310725293,0.4013105573836321,0.6437508743275897,-0.1535357696376206,0.6667645454047987,-0.0096821361108002,0.7770823430731972,2.1894381683112543,2.428241803939257,-0.0009790116665847,-1.7366076273741408e-05,2.8789919068248974e-06,0.1610622203144032,0.0054595580172952,0.0084433581823104,0.0,0.0,0.0,0.0,0.0,0.0,12.06,0.0,0.0,0.0,0.0,0.0
ymlfiles\Case_249_H1_T12_dir90_heavelow_pitchlow_rolllow.yml,1,12.0,9.3023,90,low,low,low,1.0,1.0,100,300.0,150,200,0.2498326110309862,0.3993956240952809,0.5862732292837226,-0.1536802711859403,0.6817602944735955,0.002356749254607,0.7821958368969342,2.198029121992964,2.2136531063192804,-0.0011863652198911,-1.2527538997459636e-05,-8.661523489865504e-06,0.1601568119230502,0.0055595870273087,0.0071322673744786,0.0,0.0,0.0,0.0,0.0,0.0,11.85,0.0,0.0,0.0,0.0,0.0
ymlfiles\Case_250_H1_T12_dir90_heavelinhigh_pitchlinhigh_rolllinhigh.yml,1,12.0,9.3023,90,linhigh,linhigh,linhigh,6.5,1.0,300,300.0,325,200,0.2453808976934058,0.3620478854127233,0.5474706057400668,-0.1536598341839536,0.6819787761562359,0.0026571505768889,0.7643514080830026,2.0558939139000483,2.0671270487040334,-0.001119948066026,-1.211089359963996e-05,-8.295685680654517e-06,0.1550880758967787,0.0050173889711275,0.006597453180292,0.0,0.0,0.0,0.0,0.0,0.0,10.7,0.0,0.0,0.0,0.0,0.0
ymlfiles\Case_251_H1_T12_dir90_heavequadhigh_pitchquadhigh_rollquadhigh.yml,1,12.0,9.3023,90,quadhigh,quadhigh,quadhigh,1.0,4.0,100,1300.0,150,1300,0.249252367465738,0.396832445130853,0.5836502747301294,-0.1536998601862559,0.6817590607370357,0.0023615338986168,0.7800026481918254,2.188297014584668,2.2037646712844845,-0.0011816205128688,-1.2481923491399454e-05,-8.635819665985577e-06,0.1594855624848976,0.0055217134127552,0.0070978823479325,0.0,0.0,0.0,0.0,0.0,0.0,11.7,0.0,0.0,0.0,0.0,0.0
ymlfiles\Case_252_H1_T12_dir90_heaveDOFbest_pitchDOFbest_rollDOFbest.yml,1,12.0,9.3023,90,DOFbest,DOFbest,DOFbest,3.3,2.4,233,304.5,248,640,0.2476798319186484,0.3771240656977672,0.5595189827408881,-0.1536744592634248,0.6819178045553099,0.0025048175737311,0.773719216178159,2.113118878569914,2.112771716332316,-0.0011426096764807,-1.2263345865849882e-05,-8.438784213739158e-06,0.1576770087011722,0.0052373783095992,0.0067607590853679,0.0,0.0,0.0,0.0,0.0,0.0,11.28,0.0,0.0,0.0,0.0,0.0
ymlfiles\Case_253_H1_T12_dir135_heavelow_pitchlow_rolllow.yml,1,12.0,9.3023,135,low,low,low,1.0,1.0,100,300.0,150,200,0.250636839919011,0.473392121588554,0.3700608681030593,-0.1538461496337167,0.681534369709236,0.007135333137197,0.7852836313999317,2.4757189094161958,1.40292522879431,-0.0008446225450061,-1.4342401866039932e-05,-1.2659812149725613e-05,0.1599996861031092,0.0063325249739256,0.0044798875081436,0.0,0.0,0.0,0.0,0.0,0.0,11.82,0.0,0.0,0.0,0.0,0.0
ymlfiles\Case_254_H1_T12_dir135_heavelinhigh_pitchlinhigh_rolllinhigh.yml,1,12.0,9.3023,135,linhigh,linhigh,linhigh,6.5,1.0,300,300.0,325,200,0.2462004177718417,0.4446374542577927,0.3402690087933328,-0.1538373820013741,0.6821043670276336,0.0072658963781088,0.7674811876093712,2.366050828705607,1.290172739961427,-0.0008124834926952,-1.43297651226451e-05,-1.1746123778449962e-05,0.1547885811483325,0.0058983882284881,0.0040795001901217,0.0,0.0,0.0,0.0,0.0,0.0,10.63,0.0,0.0,0.0,0.0,0.0
ymlfiles\Case_255_H1_T12_dir135_heavequadhigh_pitchquadhigh_rollquadhigh.yml,1,12.0,9.3023,135,quadhigh,quadhigh,quadhigh,1.0,4.0,100,1300.0,150,1300,0.2500556411435851,0.4717799744179064,0.3684428637553092,-0.1538530605005264,0.68160490489028,0.0071283654115095,0.7830380266913324,2.46967931010746,1.3968154971333395,-0.0008431782965564,-1.430741054210643e-05,-1.2609407146903335e-05,0.1593069600607697,0.0063075032434844,0.004460119545584,0.0,0.0,0.0,0.0,0.0,0.0,11.66,0.0,0.0,0.0,0.0,0.0
ymlfiles\Case_256_H1_T12_dir135_heaveDOFbest_pitchDOFbest_rollDOFbest.yml,1,12.0,9.3023,135,DOFbest,DOFbest,DOFbest,3.3,2.4,233,304.5,248,640,0.2484847348595207,0.4553914586527745,0.3497264921489482,-0.1538337076728937,0.6818483198056053,0.0071873213559307,0.7765150377860985,2.4072596931996597,1.3257514531625303,-0.0008237055324647,-1.4391200405826992e-05,-1.2088869411035805e-05,0.1574414060147305,0.0060622482540609,0.0042026446778444,0.0,0.0,0.0,0.0,0.0,0.0,11.23,0.0,0.0,0.0,0.0,0.0
ymlfiles\Case_257_H1_T12_dir180_heavelow_pitchlow_rolllow.yml,1,12.0,9.3023,180,low,low,low,1.0,1.0,100,300.0,150,200,0.2569426961378582,0.9388329677667836,0.0002587012393384,-0.1528161314045939,0.669604803749808,-0.002339960153642,0.8107314297921221,4.244212677776217,-0.0013560289852156,-0.0009550578738142,-1.7678671651507804e-07,9.385591685824211e-09,0.1658809549530392,0.0132604386329658,3.628184778143164e-06,0.0,0.0,0.0,0.0,0.0,0.0,13.18,0.0,0.0,0.0,0.0,0.0
ymlfiles\Case_258_H1_T12_dir180_heavelinhigh_pitchlinhigh_rolllinhigh.yml,1,12.0,9.3023,180,linhigh,linhigh,linhigh,6.5,1.0,300,300.0,325,200,0.2519379508098922,0.8718940078007955,0.0002284045113879,-0.1527575695544696,0.6704337266075234,-0.0023386782656545,0.7908225421856057,3.9886995059148336,-0.0014697150891547,-0.0009158801788526,-2.741988691340217e-07,8.943289316955182e-09,0.1599819224423962,0.0123206112519069,3.2114493940176828e-06,0.0,0.0,0.0,0.0,0.0,0.0,11.81,0.0,0.0,0.0,0.0,0.0
ymlfiles\Case_259_H1_T12_dir180_heavequadhigh_pitchquadhigh_rollquadhigh.yml,1,12.0,9.3023,180,quadhigh,quadhigh,quadhigh,1.0,4.0,100,1300.0,150,1300,0.2562550267731851,0.9295192120285652,0.000258444321926,-0.1528070258637895,0.669764371762007,-0.0023399249885281,0.8080407894870858,4.208388241050899,-0.0013567245133687,-0.0009496065622872,-1.9730019781172554e-07,9.295523402920822e-09,0.1650631671652247,0.0131296843142898,3.622954646246517e-06,0.0,0.0,0.0,0.0,0.0,0.0,12.99,0.0,0.0,0.0,0.0,0.0
ymlfiles\Case_260_H1_T12_dir180_heaveDOFbest_pitchDOFbest_rollDOFbest.yml,1,12.0,9.3023,180,DOFbest,DOFbest,DOFbest,3.3,2.4,233,304.5,248,640,0.2544948790852828,0.8957140380108267,0.0002385973705532,-0.1527721879830304,0.6700820827145151,-0.002339329145664,0.800932436256739,4.079339374608933,-0.0014315421826565,-0.0009308217982225,-2.438810655038497e-07,9.09640351558172e-09,0.1629640555400286,0.0126554403265036,3.353678499879243e-06,0.0,0.0,0.0,0.0,0.0,0.0,12.5,0.0,0.0,0.0,0.0,0.0
ymlfiles\Case_261_H2_T3p5_dir0_heavelow_pitchlow_rolllow.yml,2,3.5,2.7132,0,low,low,low,1.0,1.0,100,300.0,150,200,0.0295379320334738,1.3575314647781953,0.0004111932185873,-0.1634457734096991,0.6793123781516677,-0.0023025844638369,-0.0453870747305678,6.12090579070199,-0.0007407739378965,0.0007369195064728,2.633196531142256e-06,3.857844857416883e-09,0.0529355030715139,0.0425867490320518,7.256296637227651e-06,0.0,0.0,0.0,0.0,0.0,0.0,0.0,0.67,0.0,0.0,0.0,0.0
ymlfiles\Case_262_H2_T3p5_dir0_heavelinhigh_pitchlinhigh_rolllinhigh.yml,2,3.5,2.7132,0,linhigh,linhigh,linhigh,6.5,1.0,300,300.0,325,200,0.0287982110709717,1.350563639851102,0.0004088736551526,-0.1633905945425955,0.6784552470386012,-0.0023271058504399,-0.0482131089979768,6.091899852421641,-0.0007741095740599,0.0006573506312354,2.6478778530668297e-06,6.260140989179904e-09,0.0522626047378371,0.0424055245078281,6.155720414932196e-06,0.0,0.0,0.0,0.0,0.0,0.0,0.0,0.65,0.0,0.0,0.0,0.0
ymlfiles\Case_263_H2_T3p5_dir0_heavequadhigh_pitchquadhigh_rollquadhigh.yml,2,3.5,2.7132,0,quadhigh,quadhigh,quadhigh,1.0,4.0,100,1300.0,150,1300,0.0295355499360735,1.354753009820182,0.0004371797943714,-0.1634209110354816,0.6789707632386238,-0.0023276822294622,-0.0453616967166289,6.109317241260966,-0.0006661589173645,0.0007039593043563,2.6338484644457847e-06,6.086455853445833e-09,0.0529670505651251,0.0425123073637374,6.4536143089430926e-06,0.0,0.0,0.0,0.0,0.0,0.0,0.0,0.66,0.0,0.0,0.0,0.0
ymlfiles\Case_264_H2_T3p5_dir0_heaveDOFbest_pitchDOFbest_rollDOFbest.yml,2,3.5,2.7132,0,DOFbest,DOFbest,DOFbest,3.3,2.4,233,304.5,248,640,0.0292306260220259,1.352558889191874,0.0003823114605504,-0.1634106314550416,0.6787363718467797,-0.0023146080039635,-0.0465356033402839,6.1001785061588425,-0.0008610243297071,0.0006792814066968,2.6423180426129945e-06,5.687650747264673e-09,0.0526834854805857,0.0424570753689619,5.818266281268563e-06,0.0,0.0,0.0,0.0,0.0,0.0,0.0,0.66,0.0,0.0,0.0,0.0
ymlfiles\Case_265_H2_T3p5_dir45_heavelow_pitchlow_rolllow.yml,2,3.5,2.7132,45,low,low,low,1.0,1.0,100,300.0,150,200,0.0239597453410462,0.6331461830666515,0.7046782836030995,-0.1626877248036369,0.6605855039275497,0.0178973576678776,-0.0674140353255382,3.195351707980908,2.8368883458480947,0.0006071008862993,0.0001967721918458,0.0001704938441452,0.0386418640667527,0.0193537256793786,0.0212689497877539,0.0,0.0,0.0,0.0,0.0,0.0,0.0,0.0,0.03,0.0,0.0,0.0
ymlfiles\Case_266_H2_T3p5_dir45_heavelinhigh_pitchlinhigh_rolllinhigh.yml,2,3.5,2.7132,45,linhigh,linhigh,linhigh,6.5,1.0,300,300.0,325,200,0.0232324662102934,0.6287943331554797,0.7005502553792423,-0.1626530434802522,0.6604612520706167,0.0180019182527846,-0.0702135582160888,3.178375854511766,2.820772238975908,0.0005603956717646,0.0001962309502555,0.0001704818002367,0.0379045838940914,0.0192688016854246,0.0211813682718879,0.0,0.0,0.0,0.0,0.0,0.0,0.0,0.0,0.03,0.0,0.0,0.0
ymlfiles\Case_267_H2_T3p5_dir45_heavequadhigh_pitchquadhigh_rollquadhigh.yml,2,3.5,2.7132,45,quadhigh,quadhigh,quadhigh,1.0,4.0,100,1300.0,150,1300,0.0239435045267746,0.632239648132086,0.7039175770278376,-0.1626870789778846,0.6606479099870075,0.0179239875491042,-0.0674846343332181,3.192045998183322,2.834048601407697,0.0005987048200963,0.0001966764253407,0.0001704993977236,0.038633863243898,0.0193370201466362,0.0212532587619764,0.0,0.0,0.0,0.0,0.0,0.0,0.0,0.0,0.03,0.0,0.0,0.0
ymlfiles\Case_268_H2_T3p5_dir45_heaveDOFbest_pitchDOFbest_rollDOFbest.yml,2,3.5,2.7132,45,DOFbest,DOFbest,DOFbest,3.3,2.4,233,304.5,248,640,0.0236476098209807,0.6303162222875985,0.7018928022853916,-0.1626727260811044,0.660551563361122,0.0180055576871285,-0.068607418106411,3.184560347424152,2.8261471570499213,0.0005764731052582,0.0001964207442532,0.0001704932386114,0.0383402553757137,0.0192995555562201,0.0212105270879986,0.0,0.0,0.0,0.0,0.0,0.0,0.0,0.0,0.03,0.0,0.0,0.0
ymlfiles\Case_269_H2_T3p5_dir90_heavelow_pitchlow_rolllow.yml,2,3.5,2.7132,90,low,low,low,1.0,1.0,100,300.0,150,200,0.0172156848593841,0.2566527339605512,0.4464761812491999,-0.1629054730578053,0.6678190705337221,0.014998798006433,-0.0945479046109386,1.6799862485283432,1.816302007851917,4.571933449245896e-05,-1.1516183987447496e-06,-6.122595849458617e-05,0.0269354466552695,0.0062551525775162,0.01566177730314,0.0,0.0,0.0,0.0,0.0,0.0,0.0,0.0,0.0,0.0,0.0,0.0
ymlfiles\Case_270_H2_T3p5_dir90_heavelinhigh_pitchlinhigh_rolllinhigh.yml,2,3.5,2.7132,90,linhigh,linhigh,linhigh,6.5,1.0,300,300.0,325,200,0.0164941049866293,0.2501618504233885,0.443507569114783,-0.1628983969192083,0.6678146071072971,0.0150467389373019,-0.0973345246751613,1.6558044861091346,1.8045335657826749,3.296970895154107e-05,-2.838107519094185e-06,-6.021690113762682e-05,0.0262494926459954,0.0061839907041161,0.0156107198083946,0.0,0.0,0.0,0.0,0.0,0.0,0.0,0.0,0.0,0.0,0.0,0.0
ymlfiles\Case_271_H2_T3p5_dir90_heavequadhigh_pitchquadhigh_rollquadhigh.yml,2,3.5,2.7132,90,quadhigh,quadhigh,quadhigh,1.0,4.0,100,1300.0,150,1300,0.0171962401956509,0.2561773181002133,0.4460891699324985,-0.1629042286923284,0.6678155239315378,0.0149611016805444,-0.0946206010825708,1.6782167781709336,1.814670611879628,4.413048845936189e-05,-1.3622834835650413e-06,-6.115892137114973e-05,0.026917111118556,0.0062502045855135,0.0156553169954235,0.0,0.0,0.0,0.0,0.0,0.0,0.0,0.0,0.0,0.0,0.0,0.0
ymlfiles\Case_272_H2_T3p5_dir90_heaveDOFbest_pitchDOFbest_rollDOFbest.yml,2,3.5,2.7132,90,DOFbest,DOFbest,DOFbest,3.3,2.4,233,304.5,248,640,0.0168881858510706,0.2526881102298658,0.4444602848760684,-0.162901971039612,0.6678091880574635,0.0150207348353761,-0.0958144093087918,1.665381014195917,1.808287339648544,3.7165059194106215e-05,-2.2800708063588283e-06,-6.06391211396916e-05,0.0266274047012711,0.0062124085197215,0.0156276986615451,0.0,0.0,0.0,0.0,0.0,0.0,0.0,0.0,0.0,0.0,0.0,0.0
ymlfiles\Case_273_H2_T3p5_dir135_heavelow_pitchlow_rolllow.yml,2,3.5,2.7132,135,low,low,low,1.0,1.0,100,300.0,150,200,0.0272147095976615,0.52059362900304,0.2547176304891392,-0.1596871281060596,0.6984329538421887,0.0212296178855485,-0.051208413287091,2.785957640946695,1.0463018261512889,0.0002683535643601,1.2435246941124896e-06,7.25825749126841e-05,0.0449640492045864,0.0163576224824081,0.0085926097597805,0.0,0.0,0.0,0.0,0.0,0.0,0.0,0.0,0.0,0.0,0.0,0.0
ymlfiles\Case_274_H2_T3p5_dir135_heavelinhigh_pitchlinhigh_rolllinhigh.yml,2,3.5,2.7132,135,linhigh,linhigh,linhigh,6.5,1.0,300,300.0,325,200,0.0265330468339476,0.5181195309773672,0.2522546124292705,-0.1596848601956705,0.6985980383404244,0.0216172436775761,-0.0538713994134087,2.7763708599430545,1.0374224418286582,0.0002511614743247,8.367371082612488e-07,7.313264830311921e-05,0.0440328532341498,0.0163028355668317,0.00856220449015,0.0,0.0,0.0,0.0,0.0,0.0,0.0,0.0,0.0,0.0,0.0,0.0
ymlfiles\Case_275_H2_T3p5_dir135_heavequadhigh_pitchquadhigh_rollquadhigh.yml,2,3.5,2.7132,135,quadhigh,quadhigh,quadhigh,1.0,4.0,100,1300.0,150,1300,0.0271846696178674,0.5201798969269047,0.2545340038680782,-0.1596894168502319,0.6984134051858913,0.0212471441231133,-0.0513280226712374,2.784237217316574,1.045618858409794,0.0002658188915301,1.2131669839662135e-06,7.267116065544675e-05,0.0449219767854368,0.016348204634062,0.0085904968011595,0.0,0.0,0.0,0.0,0.0,0.0,0.0,0.0,0.0,0.0,0.0,0.0
ymlfiles\Case_276_H2_T3p5_dir135_heaveDOFbest_pitchDOFbest_rollDOFbest.yml,2,3.5,2.7132,135,DOFbest,DOFbest,DOFbest,3.3,2.4,233,304.5,248,640,0.0269093419710145,0.5190152299922908,0.2530178541887976,-0.1596879572222896,0.6985078608154939,0.0214527210572826,-0.052404798386389,2.7799143201588654,1.0400468589634575,0.0002573958713866,9.692464523489394e-07,7.292171817861719e-05,0.044550046495974,0.016322698558694,0.0085718201375127,0.0,0.0,0.0,0.0,0.0,0.0,0.0,0.0,0.0,0.0,0.0,0.0
ymlfiles\Case_277_H2_T3p5_dir180_heavelow_pitchlow_rolllow.yml,2,3.5,2.7132,180,low,low,low,1.0,1.0,100,300.0,150,200,0.0386198989952004,1.3713087298499766,0.0003629314248218,-0.1644550453072653,0.6998468288576157,-0.0023557527520724,-0.0104566202613715,6.195556847893314,-0.0009795430495533,0.0009722872632692,-2.3911235054074723e-06,5.133293020471188e-09,0.0625720724054817,0.0428424891677988,4.906761809153789e-06,0.0,0.0,0.0,0.0,0.0,0.0,0.01,0.71,0.0,0.0,0.0,0.0
ymlfiles\Case_278_H2_T3p5_dir180_heavelinhigh_pitchlinhigh_rolllinhigh.yml,2,3.5,2.7132,180,linhigh,linhigh,linhigh,6.5,1.0,300,300.0,325,200,0.0375665963335336,1.364785974530507,0.0003452606435429,-0.1644312666399565,0.7000321770328071,-0.0023562966386931,-0.0145567986148143,6.170370086816385,-0.0010490426118703,0.0008901075027114,-2.318656030036136e-06,5.9771893252202574e-09,0.0612409174545008,0.0426750073981899,4.67340165446901e-06,0.0,0.0,0.0,0.0,0.0,0.0,0.0,0.69,0.0,0.0,0.0,0.0
ymlfiles\Case_279_H2_T3p5_dir180_heavequadhigh_pitchquadhigh_rollquadhigh.yml,2,3.5,2.7132,180,quadhigh,quadhigh,quadhigh,1.0,4.0,100,1300.0,150,1300,0.0385721095421569,1.3683928141226014,0.0003649002827071,-0.1644470397952101,0.6995742214617025,-0.0023563768054283,-0.010632353200051,6.183820522440541,-0.0009737964369305,0.0009374711630157,-2.3737416343683288e-06,5.151695951943883e-09,0.0625354301631147,0.0427662354836523,4.942762709719165e-06,0.0,0.0,0.0,0.0,0.0,0.0,0.01,0.7,0.0,0.0,0.0,0.0
ymlfiles\Case_280_H2_T3p5_dir180_heaveDOFbest_pitchDOFbest_rollDOFbest.yml,2,3.5,2.7132,180,DOFbest,DOFbest,DOFbest,3.3,2.4,233,304.5,248,640,0.0381515520638862,1.3664387226840125,0.000347975268061,-0.1644396668329784,0.699800287601739,-0.0023560881368618,-0.0122650124815916,6.176430410211419,-0.0010384140665759,0.0009123028116416,-2.343797945331756e-06,5.990943488148252e-09,0.0620027276132662,0.0427172615007766,4.71124752623993e-06,0.0,0.0,0.0,0.0,0.0,0.0,0.01,0.69,0.0,0.0,0.0,0.0
ymlfiles\Case_281_H2_T4_dir0_heavelow_pitchlow_rolllow.yml,2,4.0,3.1008,0,low,low,low,1.0,1.0,100,300.0,150,200,0.0499193532574546,1.4754908317502746,0.0002433460271595,-0.163850754608743,0.6823071374405935,-0.0023198921622327,0.0329843922635272,6.565674575724603,-0.0013928761475639,2.958154455839042e-05,1.8701352940495188e-06,7.085170395047643e-09,0.0712738987222446,0.0425691611702545,3.5442144103303097e-06,0.0,0.0,0.0,0.0,0.0,0.0,0.05,0.67,0.0,0.0,0.0,0.0
ymlfiles\Case_282_H2_T4_dir0_heavelinhigh_pitchlinhigh_rolllinhigh.yml,2,4.0,3.1008,0,linhigh,linhigh,linhigh,6.5,1.0,300,300.0,325,200,0.0473085229881258,1.467190809339001,0.0002177636926911,-0.1638183647872809,0.681572936067966,-0.0023190965742696,0.0228874629120042,6.5322341824263175,-0.0014894577831221,-4.829656843791982e-05,1.8748178822976375e-06,7.2357924295149485e-09,0.0687265916028909,0.0423631801344549,3.191220877924858e-06,0.0,0.0,0.0,0.0,0.0,0.0,0.03,0.65,0.0,0.0,0.0,0.0
ymlfiles\Case_283_H2_T4_dir0_heavequadhigh_pitchquadhigh_rollquadhigh.yml,2,4.0,3.1008,0,quadhigh,quadhigh,quadhigh,1.0,4.0,100,1300.0,150,1300,0.0498133694356563,1.472200234822276,0.0002329500084264,-0.1638129146926102,0.681969598298904,-0.002319412657668,0.0326149560583666,6.552476583105431,-0.0014321740793272,-2.8248213376796705e-06,1.875488696481532e-06,7.451303430755799e-09,0.0711602286575593,0.0424835843965062,3.374895927809548e-06,0.0,0.0,0.0,0.0,0.0,0.0,0.04,0.66,0.0,0.0,0.0,0.0
ymlfiles\Case_284_H2_T4_dir0_heaveDOFbest_pitchDOFbest_rollDOFbest.yml,2,4.0,3.1008,0,DOFbest,DOFbest,DOFbest,3.3,2.4,233,304.5,248,640,0.0487436633999189,1.4695788936525604,0.0002238568284479,-0.1638158323313263,0.6817760114560673,-0.0023193681733737,0.0284767314727802,6.541960131224914,-0.0014663467955347,-2.6801576170672265e-05,1.8746575419736263e-06,7.143562201836136e-09,0.070128747303668,0.0424210866529881,3.262218572925918e-06,0.0,0.0,0.0,0.0,0.0,0.0,0.04,0.65,0.0,0.0,0.0,0.0
ymlfiles\Case_285_H2_T4_dir45_heavelow_pitchlow_rolllow.yml,2,4.0,3.1008,45,low,low,low,1.0,1.0,100,300.0,150,200,0.0510470268318255,0.7090726674226271,0.8425189137113587,-0.1632191242285851,0.6744584636057849,0.0250546159375037,0.0370497580418174,3.49941427085407,3.377145042561548,0.0007505640788516,0.0002546955140868,0.0001974626042974,0.0664936362773968,0.0201260130331054,0.0232888672352874,0.0,0.0,0.0,0.0,0.0,0.0,0.02,0.0,0.1,0.0,0.0,0.0
ymlfiles\Case_286_H2_T4_dir45_heavelinhigh_pitchlinhigh_rolllinhigh.yml,2,4.0,3.1008,45,linhigh,linhigh,linhigh,6.5,1.0,300,300.0,325,200,0.0475068886550835,0.7047315781034581,0.8374586078751769,-0.1631865733943322,0.6743784375789958,0.0251873852642994,0.023330682192934,3.4823553081903285,3.357528760959283,0.0006950980385984,0.0002541413681273,0.0001981050478397,0.0628223365873822,0.0200355378187908,0.0231803899047418,0.0,0.0,0.0,0.0,0.0,0.0,0.01,0.0,0.09,0.0,0.0,0.0
ymlfiles\Case_287_H2_T4_dir45_heavequadhigh_pitchquadhigh_rollquadhigh.yml,2,4.0,3.1008,45,quadhigh,quadhigh,quadhigh,1.0,4.0,100,1300.0,150,1300,0.0508529629530368,0.7081268499686308,0.84148439506091,-0.1632064946172982,0.6745637793024294,0.0251385082426806,0.036312820413495,3.49575143607472,3.373112944106284,0.0007398132040803,0.0002545736501819,0.0001975833018225,0.0662914797982792,0.0201066337030351,0.0232667676250339,0.0,0.0,0.0,0.0,0.0,0.0,0.02,0.0,0.09,0.0,0.0,0.0
ymlfiles\Case_288_H2_T4_dir45_heaveDOFbest_pitchDOFbest_rollDOFbest.yml,2,4.0,3.1008,45,DOFbest,DOFbest,DOFbest,3.3,2.4,233,304.5,248,640,0.0494126572906101,0.7062202427691223,0.8390971881809418,-0.1631940112744537,0.6744729077206745,0.0251471795886527,0.0307259721885634,3.488318016886137,3.364008649410024,0.0007142048895938,0.0002543306185376,0.0001978722131357,0.0648046155750669,0.0200671509887807,0.0232156173311035,0.0,0.0,0.0,0.0,0.0,0.0,0.01,0.0,0.09,0.0,0.0,0.0
ymlfiles\Case_289_H2_T4_dir90_heavelow_pitchlow_rolllow.yml,2,4.0,3.1008,90,low,low,low,1.0,1.0,100,300.0,150,200,0.0432429748899074,0.3669359365534091,0.4879716137773381,-0.1622874984716268,0.6644797896926321,0.0091827117246897,0.0063848993491043,2.112758670569352,1.9665642726125467,5.3596626188675456e-05,-2.5071107085701405e-05,-0.0001125609107402,0.0520409503768086,0.0089810054656222,0.0155868567427422,0.0,0.0,0.0,0.0,0.0,0.0,0.0,0.0,0.0,0.0,0.0,0.0
ymlfiles\Case_290_H2_T4_dir90_heavelinhigh_pitchlinhigh_rolllinhigh.yml,2,4.0,3.1008,90,linhigh,linhigh,linhigh,6.5,1.0,300,300.0,325,200,0.0391973173626063,0.3611454386626688,0.4851048018543287,-0.1622854248805433,0.6644151615280778,0.0091842286749628,-0.0092298281370515,2.090856997743728,1.955414912808196,3.8092025303660304e-05,-2.810601385518577e-05,-0.0001104405642538,0.0479256877002691,0.0088991286107021,0.0155289184232581,0.0,0.0,0.0,0.0,0.0,0.0,0.0,0.0,0.0,0.0,0.0,0.0
ymlfiles\Case_291_H2_T4_dir90_heavequadhigh_pitchquadhigh_rollquadhigh.yml,2,4.0,3.1008,90,quadhigh,quadhigh,quadhigh,1.0,4.0,100,1300.0,150,1300,0.0430553230066394,0.3663647963822607,0.4876241472602587,-0.162286208040891,0.6644784450190693,0.0091529945867109,0.0056652063958844,2.1106567971186,1.965179770158403,5.179438643870548e-05,-2.544824386084264e-05,-0.0001123637442849,0.0518485203057379,0.0089732052739375,0.0155796733887653,0.0,0.0,0.0,0.0,0.0,0.0,0.0,0.0,0.0,0.0,0.0,0.0
ymlfiles\Case_292_H2_T4_dir90_heaveDOFbest_pitchDOFbest_rollDOFbest.yml,2,4.0,3.1008,90,DOFbest,DOFbest,DOFbest,3.3,2.4,233,304.5,248,640,0.0413625766041729,0.3633797714293407,0.4860346207826254,-0.1622859244162683,0.6644392281880984,0.009179444688426,-0.0008796802331763,2.0993282929744126,1.959101782765577,4.350385421675207e-05,-2.709606420960232e-05,-0.0001113005679469,0.0501283773696482,0.0089318263410021,0.0155481981688869,0.0,0.0,0.0,0.0,0.0,0.0,0.0,0.0,0.0,0.0,0.0,0.0
ymlfiles\Case_293_H2_T4_dir135_heavelow_pitchlow_rolllow.yml,2,4.0,3.1008,135,low,low,low,1.0,1.0,100,300.0,150,200,0.0502387621616279,0.5737085244340371,0.2868446500089839,-0.1595341253392493,0.6993970641046012,0.0170917826778429,0.0380405923443825,2.9889715926726392,1.1645646512278574,0.0002869206969226,-5.322778455339645e-06,9.107488692391164e-05,0.0670880542287059,0.0166238260464765,0.008789099091619,0.0,0.0,0.0,0.0,0.0,0.0,0.02,0.0,0.0,0.0,0.0,0.0
ymlfiles\Case_294_H2_T4_dir135_heavelinhigh_pitchlinhigh_rolllinhigh.yml,2,4.0,3.1008,135,linhigh,linhigh,linhigh,6.5,1.0,300,300.0,325,200,0.0468396201843216,0.5710362818315704,0.2847429167380303,-0.1595370087729418,0.6995338175719215,0.0175629387875156,0.0248405542935634,2.978642942884784,1.1569152340820228,0.0002656513385796,-6.0896987941749055e-06,9.17734098358592e-05,0.0635099833577927,0.016563247004533,0.0087565460084149,0.0,0.0,0.0,0.0,0.0,0.0,0.01,0.0,0.0,0.0,0.0,0.0
ymlfiles\Case_295_H2_T4_dir135_heavequadhigh_pitchquadhigh_rollquadhigh.yml,2,4.0,3.1008,135,quadhigh,quadhigh,quadhigh,1.0,4.0,100,1300.0,150,1300,0.0500356872662293,0.5732092683360471,0.286707786606408,-0.1595333781761652,0.6993757526744877,0.0171185357114816,0.0372427038842815,2.9870078181836908,1.1640919415705828,0.0002838203027632,-5.375406093654116e-06,9.118088705905354e-05,0.0668700586271317,0.0166125468393878,0.0087870843601808,0.0,0.0,0.0,0.0,0.0,0.0,0.02,0.0,0.0,0.0,0.0,0.0
ymlfiles\Case_296_H2_T4_dir135_heaveDOFbest_pitchDOFbest_rollDOFbest.yml,2,4.0,3.1008,135,DOFbest,DOFbest,DOFbest,3.3,2.4,233,304.5,248,640,0.0486440808385381,0.5719856099326209,0.2854057094066486,-0.1595339438728631,0.6994495529457878,0.017357993757062,0.0318503681861759,2.9823476184833946,1.1592193000909892,0.0002735900012535,-5.833575943932625e-06,9.150989669265008e-05,0.0654176105266552,0.0165847400133195,0.0087667691065216,0.0,0.0,0.0,0.0,0.0,0.0,0.01,0.0,0.0,0.0,0.0,0.0
ymlfiles\Case_297_H2_T4_dir180_heavelow_pitchlow_rolllow.yml,2,4.0,3.1008,180,low,low,low,1.0,1.0,100,300.0,150,200,0.0660810439332269,1.5338129346410705,0.0002260709419717,-0.1643232224872322,0.7002164762718595,-0.0023576164308754,0.0960093703402299,6.812184857582268,-0.0014990590730731,0.0010089508373607,-8.853073324390679e-07,4.3087334430304915e-09,0.090039254692671,0.0436919234728315,3.1453465921810078e-06,0.0,0.0,0.0,0.0,0.0,0.0,0.55,0.83,0.0,0.0,0.0,0.0
ymlfiles\Case_298_H2_T4_dir180_heavelinhigh_pitchlinhigh_rolllinhigh.yml,2,4.0,3.1008,180,linhigh,linhigh,linhigh,6.5,1.0,300,300.0,325,200,0.062394207889885,1.5254382273420153,0.0002223136709253,-0.1643303669278687,0.7004542942215368,-0.0023584541709334,0.0816054093535973,6.779187472598291,-0.0015137385433108,0.000915038956127,-8.21038864281181e-07,4.7939800479339585e-09,0.0858907616960077,0.0434946209715167,3.1624072699211835e-06,0.0,0.0,0.0,0.0,0.0,0.0,0.36,0.8,0.0,0.0,0.0,0.0
ymlfiles\Case_299_H2_T4_dir180_heavequadhigh_pitchquadhigh_rollquadhigh.yml,2,4.0,3.1008,180,quadhigh,quadhigh,quadhigh,1.0,4.0,100,1300.0,150,1300,0.0657932471042989,1.530117242785472,0.0002264644067429,-0.1643105342966687,0.7000145622972818,-0.002358315319719,0.0948953785699089,6.797256276972969,-0.0014978250079814,0.0009683418740597,-8.630861403086978e-07,4.519706837356171e-09,0.0896978382804542,0.0435994888327151,3.171313216417475e-06,0.0,0.0,0.0,0.0,0.0,0.0,0.53,0.81,0.0,0.0,0.0,0.0
ymlfiles\Case_300_H2_T4_dir180_heaveDOFbest_pitchDOFbest_rollDOFbest.yml,2,4.0,3.1008,180,DOFbest,DOFbest,DOFbest,3.3,2.4,233,304.5,248,640,0.0643455437836246,1.5275913542946782,0.0002155352698182,-0.1643207276710888,0.7002032310544792,-0.0023587607569791,0.0892442187525653,6.787653063990696,-0.0015394669667501,0.0009402808588045,-8.395646465594797e-07,4.776321822929757e-09,0.0880866709778227,0.0435431224661667,3.018397444314565e-06,0.0,0.0,0.0,0.0,0.0,0.0,0.45,0.81,0.0,0.0,0.0,0.0
ymlfiles\Case_301_H2_T4p5_dir0_heavelow_pitchlow_rolllow.yml,2,4.5,3.4884,0,low,low,low,1.0,1.0,100,300.0,150,200,0.0917673828551071,1.4206337618790863,0.0001583144786234,-0.1627228234442725,0.6690954938789633,-0.0023328698369687,0.1947581321760866,6.3105807360506185,-0.0017273636736793,-0.0008821045091425,4.745584787003428e-06,1.0832230080889641e-08,0.1068315764464609,0.038390145900537,2.447627034692202e-06,0.0,0.0,0.0,0.0,0.0,0.0,1.93,0.27,0.0,0.0,0.0,0.0
ymlfiles\Case_302_H2_T4p5_dir0_heavelinhigh_pitchlinhigh_rolllinhigh.yml,2,4.5,3.4884,0,linhigh,linhigh,linhigh,6.5,1.0,300,300.0,325,200,0.084476507772833,1.410416786410121,0.0001479222468884,-0.1627174702475785,0.6688121287896344,-0.0023319366850792,0.166521259441336,6.269590942473739,-0.0017666807063211,-0.0009329291874471,4.753664753100101e-06,1.1048707333619288e-08,0.0996211369585262,0.0381591619245428,2.270334419816804e-06,0.0,0.0,0.0,0.0,0.0,0.0,1.21,0.25,0.0,0.0,0.0,0.0
ymlfiles\Case_303_H2_T4p5_dir0_heavequadhigh_pitchquadhigh_rollquadhigh.yml,2,4.5,3.4884,0,quadhigh,quadhigh,quadhigh,1.0,4.0,100,1300.0,150,1300,0.0911130628122538,1.4170231644935556,0.0001617602244104,-0.1627138700260735,0.6688702306486499,-0.0023336307453455,0.1922300313763999,6.29588303612965,-0.0017149738269594,-0.0009005506151815,4.70980820127416e-06,1.0896616423430286e-08,0.1061789698820517,0.0383052438975269,2.5337759864910323e-06,0.0,0.0,0.0,0.0,0.0,0.0,1.85,0.26,0.0,0.0,0.0,0.0
ymlfiles\Case_304_H2_T4p5_dir0_heaveDOFbest_pitchDOFbest_rollDOFbest.yml,2,4.5,3.4884,0,DOFbest,DOFbest,DOFbest,3.3,2.4,233,304.5,248,640,0.0882931128918278,1.4135406865616535,0.0001514944866183,-0.1627164250438912,0.6688250676759171,-0.0023323947520738,0.1813111928568596,6.282142965948903,-0.0017529994613874,-0.0009178207735143,4.734049786255869e-06,1.0955830827453997e-08,0.1033952434581797,0.0382283548153567,2.343961786489632e-06,0.0,0.0,0.0,0.0,0.0,0.0,1.56,0.25,0.0,0.0,0.0,0.0
ymlfiles\Case_305_H2_T4p5_dir45_heavelow_pitchlow_rolllow.yml,2,4.5,3.4884,45,low,low,low,1.0,1.0,100,300.0,150,200,0.1039795749827594,0.6662345414463545,0.9104693237406244,-0.1624682843285017,0.6765606625793779,0.0262386861170812,0.242091351156974,3.321681285248297,3.630101123209624,0.001030700049986,0.0002599495456667,0.0001771349730567,0.1181788877848998,0.0178843688931476,0.0231262046427598,0.0,0.0,0.0,0.0,0.0,0.0,3.44,0.0,0.09,0.0,0.0,0.0
ymlfiles\Case_306_H2_T4p5_dir45_heavelinhigh_pitchlinhigh_rolllinhigh.yml,2,4.5,3.4884,45,linhigh,linhigh,linhigh,6.5,1.0,300,300.0,325,200,0.0948045746209034,0.6613903373044833,0.9027517149535004,-0.1625568144797033,0.6767180242520389,0.0264016941972006,0.2064060095702175,3.30298307389214,3.6001672541744068,0.0009746593092009,0.0002585135545632,0.0001776102701254,0.1086911249931132,0.0177854843530075,0.0229770807378693,0.0,0.0,0.0,0.0,0.0,0.0,2.14,0.0,0.08,0.0,0.0,0.0
ymlfiles\Case_307_H2_T4p5_dir45_heavequadhigh_pitchquadhigh_rollquadhigh.yml,2,4.5,3.4884,45,quadhigh,quadhigh,quadhigh,1.0,4.0,100,1300.0,150,1300,0.1030501738236387,0.6653162856169922,0.909043349143808,-0.1624710144218238,0.6766201724259702,0.0263680002665695,0.2384725436348303,3.318284894292046,3.624404021544822,0.0010205038604492,0.0002596627843305,0.0001771992007539,0.1172138673154174,0.0178656727443347,0.02309754876005,0.0,0.0,0.0,0.0,0.0,0.0,3.29,0.0,0.09,0.0,0.0,0.0
ymlfiles\Case_308_H2_T4p5_dir45_heaveDOFbest_pitchDOFbest_rollDOFbest.yml,2,4.5,3.4884,45,DOFbest,DOFbest,DOFbest,3.3,2.4,233,304.5,248,640,0.0995752688624385,0.6631234086697334,0.9053575050770007,-0.1625052751755291,0.6766634419830412,0.0263246050868633,0.2249715531167423,3.3098102141073844,3.610224892117984,0.0009943039630663,0.0002589954375362,0.0001774169405435,0.1136268029865683,0.0178210197017885,0.0230265147587944,0.0,0.0,0.0,0.0,0.0,0.0,2.78,0.0,0.08,0.0,0.0,0.0
ymlfiles\Case_309_H2_T4p5_dir90_heavelow_pitchlow_rolllow.yml,2,4.5,3.4884,90,low,low,low,1.0,1.0,100,300.0,150,200,0.0970024073896637,0.481273959968999,0.4378278771568572,-0.161262483395693,0.6648045113077639,0.0091375915738353,0.214975526307214,2.557130950622602,1.7592966887994683,9.194633171668562e-05,-3.975505983819984e-05,-0.0001425723464731,0.1044048757402014,0.01120773239306,0.0132781831574408,0.0,0.0,0.0,0.0,0.0,0.0,1.66,0.0,0.0,0.0,0.0,0.0
ymlfiles\Case_310_H2_T4p5_dir90_heavelinhigh_pitchlinhigh_rolllinhigh.yml,2,4.5,3.4884,90,linhigh,linhigh,linhigh,6.5,1.0,300,300.0,325,200,0.0873121622560719,0.4750336679357308,0.4342343396569464,-0.1613053034840773,0.6647987444224026,0.0088601831589975,0.177396786992521,2.532854243720582,1.7448754426368691,8.141868953241557e-05,-4.202843046256469e-05,-0.0001394722882534,0.0944771828969151,0.0110983668768714,0.0132131772322781,0.0,0.0,0.0,0.0,0.0,0.0,0.81,0.0,0.0,0.0,0.0,0.0
ymlfiles\Case_311_H2_T4p5_dir90_heavequadhigh_pitchquadhigh_rollquadhigh.yml,2,4.5,3.4884,90,quadhigh,quadhigh,quadhigh,1.0,4.0,100,1300.0,150,1300,0.0961267210962049,0.4805368786400242,0.4374538887145963,-0.161267104303733,0.6647795291894275,0.0090923237887922,0.2116012492569022,2.554207830223868,1.7578306687593963,9.083080547506654e-05,-3.99917493305527e-05,-0.0001422126893577,0.1035052979629444,0.0111948954917144,0.0132713920787071,0.0,0.0,0.0,0.0,0.0,0.0,1.57,0.0,0.0,0.0,0.0,0.0
ymlfiles\Case_312_H2_T4p5_dir90_heaveDOFbest_pitchDOFbest_rollDOFbest.yml,2,4.5,3.4884,90,DOFbest,DOFbest,DOFbest,3.3,2.4,233,304.5,248,640,0.0923793603887303,0.477478856731641,0.4354991446995263,-0.161284196493942,0.6647873745332677,0.0089875704038277,0.1970870330350258,2.5425117697820863,1.749948675572601,8.504056318134288e-05,-4.130668074324374e-05,-0.0001407018082085,0.0996688435754819,0.0111418074934517,0.0132356715596387,0.0,0.0,0.0,0.0,0.0,0.0,1.21,0.0,0.0,0.0,0.0,0.0
ymlfiles\Case_313_H2_T4p5_dir135_heavelow_pitchlow_rolllow.yml,2,4.5,3.4884,135,low,low,low,1.0,1.0,100,300.0,150,200,0.0990868346094295,0.54272159482723,0.2845889479967677,-0.1590592381045107,0.6954450337693887,0.0174200369379623,0.2264639158192004,2.852330923415197,1.1505847811219014,0.0003103104424864,-1.164558809526982e-05,8.46853035574196e-05,0.1112151165293311,0.0147562227811365,0.0079768674874334,0.0,0.0,0.0,0.0,0.0,0.0,2.46,0.0,0.0,0.0,0.0,0.0
ymlfiles\Case_314_H2_T4p5_dir135_heavelinhigh_pitchlinhigh_rolllinhigh.yml,2,4.5,3.4884,135,linhigh,linhigh,linhigh,6.5,1.0,300,300.0,325,200,0.0899021996259703,0.5383244351012226,0.2815022224456395,-0.1591271586181624,0.6956505741417612,0.0177170596955369,0.1908272314383518,2.83601513194258,1.1390995274892155,0.0002904991267618,-1.2420492951228812e-05,8.499997167550132e-05,0.1017608192043439,0.014675198910987,0.0079329600794284,0.0,0.0,0.0,0.0,0.0,0.0,1.4,0.0,0.0,0.0,0.0,0.0
ymlfiles\Case_315_H2_T4p5_dir135_heavequadhigh_pitchquadhigh_rollquadhigh.yml,2,4.5,3.4884,135,quadhigh,quadhigh,quadhigh,1.0,4.0,100,1300.0,150,1300,0.0981886738463475,0.54202111355594,0.2843742441845535,-0.1590731024512592,0.6954601454538961,0.0174383679796055,0.2229815792306731,2.849815621697119,1.149851229457933,0.0003075845954881,-1.1695542268720311e-05,8.472689051653787e-05,0.1102860822902628,0.0147434647845222,0.0079742074498533,0.0,0.0,0.0,0.0,0.0,0.0,2.34,0.0,0.0,0.0,0.0,0.0
ymlfiles\Case_316_H2_T4p5_dir135_heaveDOFbest_pitchDOFbest_rollDOFbest.yml,2,4.5,3.4884,135,DOFbest,DOFbest,DOFbest,3.3,2.4,233,304.5,248,640,0.0946574972964509,0.5400355132723215,0.2825875895055574,-0.1590951995056251,0.6955408213672767,0.0175890089898624,0.2092947746217472,2.8422562052430917,1.1431424318090413,0.000298050046874,-1.2161412063146945e-05,8.488585139210003e-05,0.1066565999877406,0.0147061303973965,0.0079478296021465,0.0,0.0,0.0,0.0,0.0,0.0,1.91,0.0,0.0,0.0,0.0,0.0
ymlfiles\Case_317_H2_T4p5_dir180_heavelow_pitchlow_rolllow.yml,2,4.5,3.4884,180,low,low,low,1.0,1.0,100,300.0,150,200,0.1211474601908279,1.5820539104802849,0.0001987728209276,-0.1629222578373301,0.7025869778803315,-0.0023734561020893,0.3097541665107612,6.974424994646243,-0.0016142680759952,0.0013287023948226,-2.33813332669675e-06,2.314838596739005e-09,0.1422872746313784,0.041438102275084,2.906614638267858e-06,0.0,0.0,0.0,0.0,0.0,0.0,7.89,0.54,0.0,0.0,0.0,0.0
ymlfiles\Case_318_H2_T4p5_dir180_heavelinhigh_pitchlinhigh_rolllinhigh.yml,2,4.5,3.4884,180,linhigh,linhigh,linhigh,6.5,1.0,300,300.0,325,200,0.1116868419666885,1.5687226363080873,0.000184729411452,-0.1630651123415899,0.7031998796533038,-0.0023720493702461,0.2729670873271591,6.923257873200533,-0.0016661061776203,0.0012313250234601,-2.291648400330813e-06,2.8344277201597533e-09,0.1321634808002706,0.0411678095438914,2.879002401638812e-06,0.0,0.0,0.0,0.0,0.0,0.0,5.85,0.51,0.0,0.0,0.0,0.0
ymlfiles\Case_319_H2_T4p5_dir180_heavequadhigh_pitchquadhigh_rollquadhigh.yml,2,4.5,3.4884,180,quadhigh,quadhigh,quadhigh,1.0,4.0,100,1300.0,150,1300,0.1199503802607056,1.5767022612883816,0.0001542468909293,-0.1629503950096363,0.7026644162193122,-0.0023538561895465,0.3050858512063972,6.9535941323438255,-0.0017645922898055,0.0012902008040883,-2.3257074718827334e-06,2.6270084159435203e-09,0.1409784068576368,0.0413238489851498,2.355145854364848e-06,0.0,0.0,0.0,0.0,0.0,0.0,7.62,0.52,0.0,0.0,0.0,0.0
ymlfiles\Case_320_H2_T4p5_dir180_heaveDOFbest_pitchDOFbest_rollDOFbest.yml,2,4.5,3.4884,180,DOFbest,DOFbest,DOFbest,3.3,2.4,233,304.5,248,640,0.1164955175659345,1.5725217454112093,0.0001540164574459,-0.16299357559974,0.7029368271522104,-0.0023560587071758,0.2916505419943622,6.937599158483514,-0.0017669934701985,0.0012594778838749,-2.3086467641850124e-06,3.824226876330292e-09,0.1373006381273002,0.0412416505647734,2.481118490292077e-06,0.0,0.0,0.0,0.0,0.0,0.0,6.86,0.51,0.0,0.0,0.0,0.0
ymlfiles\Case_321_H2_T5_dir0_heavelow_pitchlow_rolllow.yml,2,5.0,3.876,0,low,low,low,1.0,1.0,100,300.0,150,200,0.1469787055379113,1.308615923266274,0.0001729268030236,-0.1590802450830278,0.660447960819489,-0.0023342807803419,0.4104264734320378,5.83753455791622,-0.0016682718527099,-0.0014749140826505,2.5206701510818773e-06,1.2205555515856557e-08,0.1568357075498145,0.0336695107281971,3.289427231280629e-06,0.0,0.0,0.0,0.0,0.0,0.0,11.09,0.06,0.0,0.0,0.0,0.0
ymlfiles\Case_322_H2_T5_dir0_heavelinhigh_pitchlinhigh_rolllinhigh.yml,2,5.0,3.876,0,linhigh,linhigh,linhigh,6.5,1.0,300,300.0,325,200,0.1357152948806481,1.2967535619393096,0.0001422232974881,-0.1595519156064035,0.6611067679799585,-0.0023358365160458,0.3665419564382404,5.792309898365412,-0.0017881876640931,-0.0014998140540512,2.4989296019308198e-06,1.2860066903223378e-08,0.1453136242981756,0.033427932475465,2.757109850950366e-06,0.0,0.0,0.0,0.0,0.0,0.0,8.54,0.06,0.0,0.0,0.0,0.0
ymlfiles\Case_323_H2_T5_dir0_heavequadhigh_pitchquadhigh_rollquadhigh.yml,2,5.0,3.876,0,quadhigh,quadhigh,quadhigh,1.0,4.0,100,1300.0,150,1300,0.1455206808115638,1.3049101743117315,0.000163198587156,-0.1591355743989554,0.6604413218158925,-0.0023383887047114,0.4047422822595899,5.823394072807178,-0.0017105940836327,-0.0014816646184574,2.509894344109881e-06,1.2649311334451976e-08,0.1553408257696805,0.0335904981885364,2.768106002758365e-06,0.0,0.0,0.0,0.0,0.0,0.0,10.75,0.06,0.0,0.0,0.0,0.0
ymlfiles\Case_324_H2_T5_dir0_heaveDOFbest_pitchDOFbest_rollDOFbest.yml,2,5.0,3.876,0,DOFbest,DOFbest,DOFbest,3.3,2.4,233,304.5,248,640,0.1414496297339056,1.3004734923210386,0.0001744069833424,-0.1592587450515787,0.6607048218628392,-0.0023398282972891,0.3889642683958942,5.806365688415813,-0.0016686403273161,-0.0014908242211478,2.5086036252956195e-06,1.3250193898794317e-08,0.1511774660881031,0.0335022633427205,2.869305974127423e-06,0.0,0.0,0.0,0.0,0.0,0.0,9.82,0.06,0.0,0.0,0.0,0.0
ymlfiles\Case_325_H2_T5_dir45_heavelow_pitchlow_rolllow.yml,2,5.0,3.876,45,low,low,low,1.0,1.0,100,300.0,150,200,0.170804117556835,0.60897635645739,0.9610694613603956,-0.1604880493522524,0.6764150833223013,0.0246352670987247,0.5019119516286523,3.085432088446825,3.807226334587458,0.001581246072356,0.0002302496492492,0.0001423896089158,0.1835736978729123,0.0153635175544541,0.0223088478369012,0.0,0.0,0.0,0.0,0.0,0.0,17.32,0.0,0.06,0.0,0.0,0.0
ymlfiles\Case_326_H2_T5_dir45_heavelinhigh_pitchlinhigh_rolllinhigh.yml,2,5.0,3.876,45,linhigh,linhigh,linhigh,6.5,1.0,300,300.0,325,200,0.1571942782989056,0.5993560144303772,0.9461889892992956,-0.1606739649624533,0.6769061245912831,0.0245854804662337,0.4489013675386915,3.0481692340562194,3.7495444762618257,0.0015057353495801,0.0002272911415768,0.000141954636826,0.1692878701401117,0.0152151864588573,0.0220599386741119,0.0,0.0,0.0,0.0,0.0,0.0,13.97,0.0,0.05,0.0,0.0,0.0
ymlfiles\Case_327_H2_T5_dir45_heavequadhigh_pitchquadhigh_rollquadhigh.yml,2,5.0,3.876,45,quadhigh,quadhigh,quadhigh,1.0,4.0,100,1300.0,150,1300,0.168765524488184,0.6074059126411889,0.9584541115818846,-0.1605170347593587,0.6765530268730611,0.0247240988611705,0.4939770441045055,3.0793575972803664,3.797127031049063,0.0015687932280259,0.0002297140563938,0.0001423048509467,0.1814288739119142,0.0153395436970076,0.0222639456219644,0.0,0.0,0.0,0.0,0.0,0.0,16.82,0.0,0.06,0.0,0.0,0.0
ymlfiles\Case_328_H2_T5_dir45_heaveDOFbest_pitchDOFbest_rollDOFbest.yml,2,5.0,3.876,45,DOFbest,DOFbest,DOFbest,3.3,2.4,233,304.5,248,640,0.1640584655440935,0.6030231198979281,0.9514616106191138,-0.1605708474196021,0.6766729544094281,0.0246203544501904,0.4755997773771436,3.062444422353064,3.769605910441975,0.0015333010720552,0.0002283290971502,0.0001421246338708,0.1764897365314068,0.0152716904614312,0.0221472401544358,0.0,0.0,0.0,0.0,0.0,0.0,15.66,0.0,0.05,0.0,0.0,0.0
ymlfiles\Case_329_H2_T5_dir90_heavelow_pitchlow_rolllow.yml,2,5.0,3.876,90,low,low,low,1.0,1.0,100,300.0,150,200,0.1584635441329297,0.5814679179206743,0.4136477168247359,-0.1594416847585541,0.6651024196641806,0.0114699237131606,0.4538622402707585,2.941279717730514,1.6563397844169734,0.0002895339572486,-3.909849072572874e-05,-0.0001394115406399,0.165222871766181,0.0125479107705543,0.0113142867728171,0.0,0.0,0.0,0.0,0.0,0.0,13.03,0.0,0.0,0.0,0.0,0.0
ymlfiles\Case_330_H2_T5_dir90_heavelinhigh_pitchlinhigh_rolllinhigh.yml,2,5.0,3.876,90,linhigh,linhigh,linhigh,6.5,1.0,300,300.0,325,200,0.145520630297104,0.5709358332886495,0.4044396340368086,-0.1595657740769136,0.6655803467937826,0.0110242235334213,0.4037072876518189,2.90128268526387,1.6206164337910376,0.0002657417714269,-3.977966813614828e-05,-0.0001355007944958,0.1518545148785837,0.012367022673533,0.0111989870809743,0.0,0.0,0.0,0.0,0.0,0.0,9.97,0.0,0.0,0.0,0.0,0.0
ymlfiles\Case_331_H2_T5_dir90_heavequadhigh_pitchquadhigh_rollquadhigh.yml,2,5.0,3.876,90,quadhigh,quadhigh,quadhigh,1.0,4.0,100,1300.0,150,1300,0.1567245992314155,0.5801337509471207,0.4125955909211345,-0.1594594765566557,0.6651461406159689,0.01140462211284,0.4471141829131936,2.9361705500298125,1.6522435648235814,0.0002871368193276,-3.911931646944013e-05,-0.0001389066655752,0.1634263737196721,0.0125247940191896,0.011301577873165,0.0,0.0,0.0,0.0,0.0,0.0,12.61,0.0,0.0,0.0,0.0,0.0
ymlfiles\Case_332_H2_T5_dir90_heaveDOFbest_pitchDOFbest_rollDOFbest.yml,2,5.0,3.876,90,DOFbest,DOFbest,DOFbest,3.3,2.4,233,304.5,248,640,0.1521217579583721,0.5750881288982507,0.4079229458044602,-0.1595050152443294,0.6653616046110159,0.0112583196432967,0.4292981101764999,2.9170483084033045,1.6341900263248783,0.0002751728476521,-3.963996297502669e-05,-0.000137034612855,0.1586695736379391,0.0124388229576811,0.0112417663983467,0.0,0.0,0.0,0.0,0.0,0.0,11.51,0.0,0.0,0.0,0.0,0.0
ymlfiles\Case_333_H2_T5_dir135_heavelow_pitchlow_rolllow.yml,2,5.0,3.876,135,low,low,low,1.0,1.0,100,300.0,150,200,0.1605145421900623,0.5078131001851459,0.2902421765395689,-0.1579422808594041,0.692976724365387,0.0218741934647081,0.4638055812111284,2.702708092257798,1.168523994993037,0.0004601896535323,-1.3023443449876595e-05,6.712445316422212e-05,0.1693056772070843,0.0128262521736762,0.0071443181888794,0.0,0.0,0.0,0.0,0.0,0.0,13.98,0.0,0.0,0.0,0.0,0.0
ymlfiles\Case_334_H2_T5_dir135_heavelinhigh_pitchlinhigh_rolllinhigh.yml,2,5.0,3.876,135,linhigh,linhigh,linhigh,6.5,1.0,300,300.0,325,200,0.1473290040709744,0.4980962457227751,0.2838158127329946,-0.1580580977379763,0.6931186771799052,0.0215818544109061,0.4127620215128198,2.6651941113152056,1.143601659376227,0.000429749503256,-1.3420458905157236e-05,6.67079232596636e-05,0.1554835086809498,0.0126798770830537,0.007062642972493,0.0,0.0,0.0,0.0,0.0,0.0,10.79,0.0,0.0,0.0,0.0,0.0
ymlfiles\Case_335_H2_T5_dir135_heavequadhigh_pitchquadhigh_rollquadhigh.yml,2,5.0,3.876,135,quadhigh,quadhigh,quadhigh,1.0,4.0,100,1300.0,150,1300,0.158672233166529,0.5064273355014737,0.2897529057737508,-0.1579682639459872,0.6930147072938679,0.0218181212336632,0.4566660868200265,2.697464930525581,1.1665050229755078,0.000456594400211,-1.303687660422772e-05,6.705775181942618e-05,0.1673678653715555,0.0128056066509945,0.0071385635549138,0.0,0.0,0.0,0.0,0.0,0.0,13.52,0.0,0.0,0.0,0.0,0.0
ymlfiles\Case_336_H2_T5_dir135_heaveDOFbest_pitchDOFbest_rollDOFbest.yml,2,5.0,3.876,135,DOFbest,DOFbest,DOFbest,3.3,2.4,233,304.5,248,640,0.1539783904135669,0.5021126245917709,0.2861305953753022,-0.1580023727104003,0.6930296415052161,0.0217730675252645,0.4384937108269093,2.680706041932668,1.152650927896237,0.0004423629715032,-1.3307984373713904e-05,6.69120963161631e-05,0.1624461406207139,0.0127404033664519,0.0070917908942378,0.0,0.0,0.0,0.0,0.0,0.0,12.38,0.0,0.0,0.0,0.0,0.0
ymlfiles\Case_337_H2_T5_dir180_heavelow_pitchlow_rolllow.yml,2,5.0,3.876,180,low,low,low,1.0,1.0,100,300.0,150,200,0.1922536885985966,1.6277031855106168,0.000285033306709,-0.1609627964911649,0.6962038742048046,-0.002351900416648,0.5854992454122185,7.11197857240896,-0.0012545053529935,0.0020694117930236,-6.60568256621187e-07,-8.377192998577182e-10,0.2094009221295873,0.0388960235462877,4.459035685201037e-06,0.0,0.0,0.0,0.0,0.0,0.0,23.25,0.3,0.0,0.0,0.0,0.0
ymlfiles\Case_338_H2_T5_dir180_heavelinhigh_pitchlinhigh_rolllinhigh.yml,2,5.0,3.876,180,linhigh,linhigh,linhigh,6.5,1.0,300,300.0,325,200,0.1775983593851711,1.601023174672579,0.0001513092082874,-0.1613626329704395,0.6969341129894308,-0.0023548744298236,0.5283917775173342,7.009091123825334,-0.0017723964371856,0.0019465921594003,-5.655708870132929e-07,-2.975065985358347e-09,0.1936766692058401,0.0384489402838995,2.558151942803522e-06,0.0,0.0,0.0,0.0,0.0,0.0,19.68,0.27,0.0,0.0,0.0,0.0
ymlfiles\Case_339_H2_T5_dir180_heavequadhigh_pitchquadhigh_rollquadhigh.yml,2,5.0,3.876,180,quadhigh,quadhigh,quadhigh,1.0,4.0,100,1300.0,150,1300,0.1896823957001896,1.61796243648527,0.0001622447482114,-0.1611150093056325,0.6964436229888926,-0.0023553054626905,0.5753895117259313,7.07434507195439,-0.0017305517578724,0.0020258531450489,-6.225947157518297e-07,-2.4177151689846234e-09,0.2066191582744125,0.0387295070413334,2.7234795385009733e-06,0.0,0.0,0.0,0.0,0.0,0.0,22.63,0.29,0.0,0.0,0.0,0.0
ymlfiles\Case_340_H2_T5_dir180_heaveDOFbest_pitchDOFbest_rollDOFbest.yml,2,5.0,3.876,180,DOFbest,DOFbest,DOFbest,3.3,2.4,233,304.5,248,640,0.1847807918582768,1.6091533104380873,0.0002133540573003,-0.1611961399965456,0.6964509803389767,-0.0023827104888134,0.5563775324737237,7.039800001718199,-0.0015624393489088,0.0019851414150554,-5.819912652145737e-07,-2.498619012268561e-09,0.201372524402424,0.0385835718796309,3.267516818933128e-06,0.0,0.0,0.0,0.0,0.0,0.0,21.44,0.28,0.0,0.0,0.0,0.0
ymlfiles\Case_341_H2_T6_dir0_heavelow_pitchlow_rolllow.yml,2,6.0,4.6512,0,low,low,low,1.0,1.0,100,300.0,150,200,0.2731964562867373,1.0783056467720498,0.0002298156195005,-0.1254030426743816,0.6084862638910042,-0.0023285272109276,0.9278605208561294,4.854130849282875,-0.0014448875302374,-0.0021230988955278,-2.707111099853461e-06,1.3707304951117548e-08,0.2695907802737236,0.0256587237189636,4.123478947334189e-06,0.02,0.0,0.0,0.0,0.0,0.0,35.38,0.0,0.0,0.0,0.0,0.0
ymlfiles\Case_342_H2_T6_dir0_heavelinhigh_pitchlinhigh_rolllinhigh.yml,2,6.0,4.6512,0,linhigh,linhigh,linhigh,6.5,1.0,300,300.0,325,200,0.2564136591301261,1.0687368764338614,0.0002069380932911,-0.1308321437742042,0.6167574391030738,-0.0023462171631995,0.8575703292477307,4.8254267467462935,-0.0015510751500765,-0.002136853513172,-2.4849076731025743e-06,1.2663651040211512e-08,0.2525258001176488,0.0255278794672733,3.5360728405731945e-06,0.01,0.0,0.0,0.0,0.0,0.0,32.22,0.0,0.0,0.0,0.0,0.0
ymlfiles\Case_343_H2_T6_dir0_heavequadhigh_pitchquadhigh_rollquadhigh.yml,2,6.0,4.6512,0,quadhigh,quadhigh,quadhigh,1.0,4.0,100,1300.0,150,1300,0.2697564064376254,1.0760172476697825,0.0002329257364083,-0.1269440791731646,0.6108115823826041,-0.0023268817542357,0.912973988601078,4.847210591519906,-0.0014308372739425,-0.0021259695855989,-2.6507649557450973e-06,1.238100783879738e-08,0.2660949054747523,0.0256282346081136,4.106236629391984e-06,0.02,0.0,0.0,0.0,0.0,0.0,34.75,0.0,0.0,0.0,0.0,0.0
ymlfiles\Case_344_H2_T6_dir0_heaveDOFbest_pitchDOFbest_rollDOFbest.yml,2,6.0,4.6512,0,DOFbest,DOFbest,DOFbest,3.3,2.4,233,304.5,248,640,0.2644120746597184,1.0710305241501443,0.0002253222232781,-0.1285569263099864,0.6133095087572156,-0.0023225474589839,0.8907179070568622,4.830309539555294,-0.001455575161343,-0.0021261476324964,-2.5788103493575342e-06,1.13904042791724e-08,0.2606521382693677,0.0255579140802711,4.097350202366896e-06,0.01,0.0,0.0,0.0,0.0,0.0,33.75,0.0,0.0,0.0,0.0,0.0
ymlfiles\Case_345_H2_T6_dir45_heavelow_pitchlow_rolllow.yml,2,6.0,4.6512,45,low,low,low,1.0,1.0,100,300.0,150,200,0.3164629401822998,0.7918964579513089,1.3383235080341418,-0.1450820725406203,0.6502022159360726,0.0289303209800693,1.0754714647385053,3.727289760795826,5.216558053151012,0.0028086431927113,0.0001860622371368,0.0001082221392044,0.3141869513101629,0.0152542963040169,0.0249075249064115,0.15,0.0,0.0,0.0,0.0,0.0,42.62,0.0,0.2,0.0,0.0,0.0
ymlfiles\Case_346_H2_T6_dir45_heavelinhigh_pitchlinhigh_rolllinhigh.yml,2,6.0,4.6512,45,linhigh,linhigh,linhigh,6.5,1.0,300,300.0,325,200,0.2970642205848428,0.7481935384261371,1.2808280448914475,-0.1491345191813002,0.6573470996986336,0.0249535326775812,0.996373695108651,3.569817064689411,4.994731551984165,0.002655013939001,0.000179914600816,0.0001049327843187,0.2943413832514139,0.0146928402296467,0.0240859926805243,0.07,0.0,0.0,0.0,0.0,0.0,39.57,0.0,0.14,0.0,0.0,0.0
ymlfiles\Case_347_H2_T6_dir45_heavequadhigh_pitchquadhigh_rollquadhigh.yml,2,6.0,4.6512,45,quadhigh,quadhigh,quadhigh,1.0,4.0,100,1300.0,150,1300,0.3117514690702272,0.7840971159688657,1.326070464765913,-0.1466118758141747,0.6526314021035695,0.0275597015732512,1.0557701727961164,3.7002615207143688,5.16862537390865,0.0027782943968848,0.0001847680239925,0.0001075636056382,0.3093550695648316,0.0151531695654055,0.0247314656682458,0.12,0.0,0.0,0.0,0.0,0.0,41.9,0.0,0.19,0.0,0.0,0.0
ymlfiles\Case_348_H2_T6_dir45_heaveDOFbest_pitchDOFbest_rollDOFbest.yml,2,6.0,4.6512,45,DOFbest,DOFbest,DOFbest,3.3,2.4,233,304.5,248,640,0.3061438763726513,0.7642484982862462,1.3008755951966056,-0.1477194464049034,0.6545944008029256,0.0263606762180616,1.0330348972403005,3.627739761655798,5.072116132714229,0.0027082958335618,0.0001820163259924,0.0001061187972469,0.3036204752445926,0.0148997966496261,0.0243750494165848,0.1,0.0,0.0,0.0,0.0,0.0,41.03,0.0,0.16,0.0,0.0,0.0
ymlfiles\Case_349_H2_T6_dir90_heavelow_pitchlow_rolllow.yml,2,6.0,4.6512,90,low,low,low,1.0,1.0,100,300.0,150,200,0.2934532929572038,0.7996692620790623,0.7912187787127786,-0.1505033686464207,0.652512630280901,0.0122387371825973,0.9810357966772724,3.7469631737901823,3.071184990729276,0.0009783082146354,-5.2457199142813936e-05,-0.0001106988714042,0.2876851339630133,0.0146667193386522,0.0140160811364415,0.05,0.0,0.0,0.0,0.0,0.0,38.48,0.0,0.0,0.0,0.0,0.0
ymlfiles\Case_350_H2_T6_dir90_heavelinhigh_pitchlinhigh_rolllinhigh.yml,2,6.0,4.6512,90,linhigh,linhigh,linhigh,6.5,1.0,300,300.0,325,200,0.2759072647924651,0.767010208115542,0.7413628113611352,-0.1521078499055294,0.6558692186445425,0.0132129978858965,0.9114356591638232,3.626146701951023,2.884882569602321,0.0008941676975556,-4.988877980302253e-05,-0.0001057749852083,0.2698077211152693,0.0141845150162239,0.013357986150786,0.02,0.0,0.0,0.0,0.0,0.0,35.41,0.0,0.0,0.0,0.0,0.0
ymlfiles\Case_351_H2_T6_dir90_heavequadhigh_pitchquadhigh_rollquadhigh.yml,2,6.0,4.6512,90,quadhigh,quadhigh,quadhigh,1.0,4.0,100,1300.0,150,1300,0.2895968249909915,0.7944520114878844,0.7843524058814623,-0.1510155543876169,0.653311843407925,0.0128769093565476,0.9656532903490728,3.727573385422363,3.0458524333881205,0.000967582055668,-5.202025745165155e-05,-0.0001098533718839,0.2837550763866402,0.0145901754725936,0.0139221240099318,0.04,0.0,0.0,0.0,0.0,0.0,37.83,0.0,0.0,0.0,0.0,0.0
ymlfiles\Case_352_H2_T6_dir90_heaveDOFbest_pitchDOFbest_rollDOFbest.yml,2,6.0,4.6512,90,DOFbest,DOFbest,DOFbest,3.3,2.4,233,304.5,248,640,0.2842980817361722,0.7794923941359284,0.7584953798262809,-0.1513922344380282,0.6544082782407432,0.0129286699711388,0.9447141079193376,3.6722441516950513,2.94922304182841,0.0009240967804267,-5.091102236937911e-05,-0.0001077102135201,0.2783525551783302,0.0143690125259702,0.0135873175474817,0.03,0.0,0.0,0.0,0.0,0.0,36.91,0.0,0.0,0.0,0.0,0.0
ymlfiles\Case_353_H2_T6_dir135_heavelow_pitchlow_rolllow.yml,2,6.0,4.6512,135,low,low,low,1.0,1.0,100,300.0,150,200,0.2950314513510871,0.7446632784644223,0.4999577907668184,-0.1513526308049206,0.6902141970307862,0.0256737797154529,0.9862718233010788,3.580413995675003,1.9543105341351528,0.0008534459729481,-2.6138924740046625e-05,5.5574826718192046e-05,0.2888743472390482,0.014016359775608,0.0086630467193119,0.05,0.0,0.0,0.0,0.0,0.0,38.68,0.0,0.0,0.0,0.0,0.0
ymlfiles\Case_354_H2_T6_dir135_heavelinhigh_pitchlinhigh_rolllinhigh.yml,2,6.0,4.6512,135,linhigh,linhigh,linhigh,6.5,1.0,300,300.0,325,200,0.2770015637348076,0.7053392431765977,0.4745874915485092,-0.1532722507816698,0.6917976812997356,0.027267705409026,0.9146586101895354,3.431405396138905,1.8593290745842803,0.0008007823444168,-2.549472778430496e-05,5.38426483367327e-05,0.2702482676317224,0.0134676028897481,0.0083324786336954,0.02,0.0,0.0,0.0,0.0,0.0,35.49,0.0,0.0,0.0,0.0,0.0
ymlfiles\Case_355_H2_T6_dir135_heavequadhigh_pitchquadhigh_rollquadhigh.yml,2,6.0,4.6512,135,quadhigh,quadhigh,quadhigh,1.0,4.0,100,1300.0,150,1300,0.2910463868044727,0.7381344153188266,0.4985957321638989,-0.1519306165055976,0.690787688374972,0.0263526873970787,0.9703262574936624,3.555545603880975,1.949507264497318,0.0008473559606174,-2.6056376263794335e-05,5.522585156833231e-05,0.2847414908360346,0.0139217313533722,0.008644013666391,0.04,0.0,0.0,0.0,0.0,0.0,37.99,0.0,0.0,0.0,0.0,0.0
ymlfiles\Case_356_H2_T6_dir135_heaveDOFbest_pitchDOFbest_rollDOFbest.yml,2,6.0,4.6512,135,DOFbest,DOFbest,DOFbest,3.3,2.4,233,304.5,248,640,0.2855087621990445,0.7205900975344791,0.4824607794770247,-0.1525433717225872,0.6912428177231336,0.0270015085207557,0.948229356248284,3.4890015111256383,1.8888739110309347,0.0008197363651435,-2.574267616627579e-05,5.457958105548273e-05,0.2790185224094619,0.0136834050646287,0.0084358475010269,0.03,0.0,0.0,0.0,0.0,0.0,37.03,0.0,0.0,0.0,0.0,0.0
ymlfiles\Case_357_H2_T6_dir180_heavelow_pitchlow_rolllow.yml,2,6.0,4.6512,180,low,low,low,1.0,1.0,100,300.0,150,200,0.3418159599912288,2.168491262626756,0.0003100469535427,-0.155589321654634,0.6943319123483462,-0.0023574679493584,1.1635248871848052,9.116110154338156,-0.001163772402921,0.0035410014492328,2.374797853831736e-06,-1.0604637803902431e-08,0.3383529695291928,0.0413308034828213,5.229652641593195e-06,0.31,0.0,0.0,0.0,0.0,0.0,46.0,0.52,0.0,0.0,0.0,0.0
ymlfiles\Case_358_H2_T6_dir180_heavelinhigh_pitchlinhigh_rolllinhigh.yml,2,6.0,4.6512,180,linhigh,linhigh,linhigh,6.5,1.0,300,300.0,325,200,0.3214485146754172,2.078226922649557,0.0002339908449102,-0.1577120194861137,0.696252392134704,-0.0023522377355016,1.0826554389903378,8.773400131962322,-0.001451656552496,0.0033545438799697,2.148386902947285e-06,-5.239200972405518e-09,0.3173273605264941,0.0400204604238462,3.907083661747224e-06,0.16,0.0,0.0,0.0,0.0,0.0,43.08,0.39,0.0,0.0,0.0,0.0
ymlfiles\Case_359_H2_T6_dir180_heavequadhigh_pitchquadhigh_rollquadhigh.yml,2,6.0,4.6512,180,quadhigh,quadhigh,quadhigh,1.0,4.0,100,1300.0,150,1300,0.3365433172521055,2.131770298887961,0.0002464925635501,-0.156626060822692,0.6956289549192177,-0.00235247006559,1.1421403036519315,8.976248529354361,-0.0014031916026496,0.0034647145917007,2.311740444280617e-06,-5.476614596181184e-09,0.3328782952176504,0.0407998921731713,4.172625000459276e-06,0.27,0.0,0.0,0.0,0.0,0.0,45.26,0.47,0.0,0.0,0.0,0.0
ymlfiles\Case_360_H2_T6_dir180_heaveDOFbest_pitchDOFbest_rollDOFbest.yml,2,6.0,4.6512,180,DOFbest,DOFbest,DOFbest,3.3,2.4,233,304.5,248,640,0.3307726681196323,2.103905108186111,0.0002585749836212,-0.1570101724916316,0.6957806671484521,-0.0023514333182715,1.1194864733160586,8.871874940318076,-0.0013563134349228,0.0034078224797573,2.217909378977184e-06,-5.010160586585805e-09,0.3269319744177105,0.0403988555127135,4.263127358465702e-06,0.22,0.0,0.0,0.0,0.0,0.0,44.45,0.43,0.0,0.0,0.0,0.0
ymlfiles\Case_361_H2_T7_dir0_heavelow_pitchlow_rolllow.yml,2,7.0,5.4264,0,low,low,low,1.0,1.0,100,300.0,150,200,0.3574268141483607,1.026078890535962,0.0003175717892265,-0.1019554736856381,0.5745435965452772,-0.0023218187554413,1.2681692235772029,4.585855607501562,-0.0011064671564218,-0.0020834451939167,-6.653311596006595e-07,1.4520334849785646e-08,0.3217821266531787,0.021290737179538,5.033392398542226e-06,0.19,0.0,0.0,0.0,0.0,0.0,43.72,0.0,0.0,0.0,0.0,0.0
ymlfiles\Case_362_H2_T7_dir0_heavelinhigh_pitchlinhigh_rolllinhigh.yml,2,7.0,5.4264,0,linhigh,linhigh,linhigh,6.5,1.0,300,300.0,325,200,0.340935341007115,1.0008965357137347,0.0002989011313858,-0.1067912973430842,0.5824220849814439,-0.0023350178261944,1.19959726400682,4.498707578081014,-0.0011908628871181,-0.0021121464142673,-6.017877095444622e-07,1.6181379285357892e-08,0.3058786450684976,0.0210186385474728,4.773297432430457e-06,0.11,0.0,0.0,0.0,0.0,0.0,41.37,0.0,0.0,0.0,0.0,0.0
ymlfiles\Case_363_H2_T7_dir0_heavequadhigh_pitchquadhigh_rollquadhigh.yml,2,7.0,5.4264,0,quadhigh,quadhigh,quadhigh,1.0,4.0,100,1300.0,150,1300,0.3535625282346745,1.0209942145663653,0.0003183499693597,-0.1033454430595363,0.5768282885271638,-0.0023428425215969,1.251906793477158,4.569139402488928,-0.0011244593979565,-0.0020934676883801,-6.676474040305062e-07,1.6207965451778093e-08,0.3180709411504837,0.0212389043036608,4.934433684977337e-06,0.17,0.0,0.0,0.0,0.0,0.0,43.19,0.0,0.0,0.0,0.0,0.0
ymlfiles\Case_364_H2_T7_dir0_heaveDOFbest_pitchDOFbest_rollDOFbest.yml,2,7.0,5.4264,0,DOFbest,DOFbest,DOFbest,3.3,2.4,233,304.5,248,640,0.3486299202137699,1.0082266713567154,0.0003022791437977,-0.1044340720292059,0.5786142486061256,-0.0023406455464263,1.2316757832636662,4.522724163592002,-0.0011836626631733,-0.0020890218015986,-6.287570443399617e-07,1.5552790983923758e-08,0.313283788355145,0.021093170898507,4.838460991894501e-06,0.14,0.0,0.0,0.0,0.0,0.0,42.49,0.0,0.0,0.0,0.0,0.0
ymlfiles\Case_365_H2_T7_dir45_heavelow_pitchlow_rolllow.yml,2,7.0,5.4264,45,low,low,low,1.0,1.0,100,300.0,150,200,0.4064762622223241,1.1873424848907494,1.865276523955658,-0.1328705610609187,0.6284473976480488,0.0029785403798951,1.425952858149148,5.184301152445078,7.157052815234424,0.0028864286623597,0.0001243987330761,8.152337206783565e-05,0.3677166284722361,0.0190289225870391,0.0297392934653072,0.65,0.0,0.0,0.0,0.0,0.0,49.66,0.0,0.97,0.02,0.0,0.0
ymlfiles\Case_366_H2_T7_dir45_heavelinhigh_pitchlinhigh_rolllinhigh.yml,2,7.0,5.4264,45,linhigh,linhigh,linhigh,6.5,1.0,300,300.0,325,200,0.3886625149000555,1.1006543464248069,1.7488280038889288,-0.138167447712278,0.6387078516152065,-0.0002975485200316,1.352080768640479,4.8664637413925735,6.713829163148362,0.0026934116836592,0.0001160403835798,7.56377189979304e-05,0.3506405031489097,0.0178377993232042,0.0281367352674395,0.43,0.0,0.0,0.0,0.0,0.0,47.59,0.0,0.63,0.01,0.0,0.0
ymlfiles\Case_367_H2_T7_dir45_heavequadhigh_pitchquadhigh_rollquadhigh.yml,2,7.0,5.4264,45,quadhigh,quadhigh,quadhigh,1.0,4.0,100,1300.0,150,1300,0.4015707422183167,1.169234262848038,1.8363093411100069,-0.135199071252998,0.6324791684369024,0.0019611128595539,1.4047447325580784,5.119045016783917,7.045852203811613,0.0028411269989009,0.0001222130917665,8.015757794148495e-05,0.3630419734305756,0.0187793951323142,0.0293403378976477,0.59,0.0,0.0,0.0,0.0,0.0,49.11,0.0,0.87,0.02,0.0,0.0
ymlfiles\Case_368_H2_T7_dir45_heaveDOFbest_pitchDOFbest_rollDOFbest.yml,2,7.0,5.4264,45,DOFbest,DOFbest,DOFbest,3.3,2.4,233,304.5,248,640,0.3968469314970008,1.1314758448865956,1.78782859653993,-0.1362649084815577,0.6347988224671438,0.0006691081167355,1.385431257345173,4.978537247770535,6.861279103326505,0.0027593085410886,0.0001187457104702,7.766825943637675e-05,0.3584954083541633,0.0182609537311612,0.0286757904303954,0.53,0.0,0.0,0.0,0.0,0.0,48.56,0.0,0.73,0.01,0.0,0.0
ymlfiles\Case_369_H2_T7_dir90_heavelow_pitchlow_rolllow.yml,2,7.0,5.4264,90,low,low,low,1.0,1.0,100,300.0,150,200,0.3837548206120535,1.016075074014362,1.392848671278172,-0.1416325830119904,0.6341377589586048,0.0015334525376144,1.3298641795774973,4.535303770495154,5.3225942634848185,0.0011779599256852,-4.935314458792091e-05,-7.943766036701004e-05,0.343541765385384,0.0164802670698161,0.0210085525164308,0.36,0.0,0.0,0.0,0.0,0.0,46.68,0.0,0.03,0.01,0.0,0.0
ymlfiles\Case_370_H2_T7_dir90_heavelinhigh_pitchlinhigh_rolllinhigh.yml,2,7.0,5.4264,90,linhigh,linhigh,linhigh,6.5,1.0,300,300.0,325,200,0.3670655273141109,0.9442549297956936,1.2937552550104698,-0.1437786249742471,0.6400552186259169,0.0033748575336353,1.2632923906451663,4.26793176500697,4.95201325382768,0.0010680770066901,-4.6002636894031794e-05,-7.461665468849457e-05,0.3275133037741513,0.0154580038785125,0.0196485166115901,0.23,0.0,0.0,0.0,0.0,0.0,44.53,0.0,0.01,0.0,0.0,0.0
ymlfiles\Case_371_H2_T7_dir90_heavequadhigh_pitchquadhigh_rollquadhigh.yml,2,7.0,5.4264,90,quadhigh,quadhigh,quadhigh,1.0,4.0,100,1300.0,150,1300,0.3794746054536743,1.001941252620738,1.374918576447733,-0.1425134250022021,0.636021020568567,0.0024281741524669,1.312443849372345,4.482756591638049,5.255478463069796,0.0011598229863009,-4.871845370795629e-05,-7.846625865875429e-05,0.3394541914222814,0.0162792674255934,0.0207602779492276,0.32,0.0,0.0,0.0,0.0,0.0,46.14,0.0,0.02,0.01,0.0,0.0
ymlfiles\Case_372_H2_T7_dir90_heaveDOFbest_pitchDOFbest_rollDOFbest.yml,2,7.0,5.4264,90,DOFbest,DOFbest,DOFbest,3.3,2.4,233,304.5,248,640,0.3748463157901157,0.9712203136411338,1.3261403930415117,-0.1427932677356735,0.6375645201930584,0.002424116040218,1.2941668433935778,4.36793771097519,5.0733175379751225,0.0011045843063035,-4.7180944144796265e-05,-7.649141382302234e-05,0.3349927227479587,0.0158410923076167,0.020095583073501,0.28,0.0,0.0,0.0,0.0,0.0,45.55,0.0,0.01,0.0,0.0,0.0
ymlfiles\Case_373_H2_T7_dir135_heavelow_pitchlow_rolllow.yml,2,7.0,5.4264,135,low,low,low,1.0,1.0,100,300.0,150,200,0.3833687334334439,1.1641089521461143,0.836302485352207,-0.1489537313436636,0.6810661468034767,0.0239277233564449,1.3211908466888609,5.145130232118641,3.2176375854436663,0.0008163217128994,-4.476451449909264e-05,4.010894930596827e-05,0.3419195185490388,0.0184743487824618,0.0124700977584972,0.34,0.0,0.0,0.0,0.0,0.0,46.47,0.0,0.0,0.01,0.0,0.0
ymlfiles\Case_374_H2_T7_dir135_heavelinhigh_pitchlinhigh_rolllinhigh.yml,2,7.0,5.4264,135,linhigh,linhigh,linhigh,6.5,1.0,300,300.0,325,200,0.3662701060903996,1.0959856770645886,0.7831543185537981,-0.1511658455558516,0.6835046970027998,0.0252354913345596,1.2530407095442788,4.887623186513507,3.017375600441794,0.000770566357194,-4.316863040069882e-05,3.959814057122287e-05,0.3252653903846835,0.0175092757282566,0.011752654097498,0.21,0.0,0.0,0.0,0.0,0.0,44.21,0.0,0.0,0.0,0.0,0.0
ymlfiles\Case_375_H2_T7_dir135_heavequadhigh_pitchquadhigh_rollquadhigh.yml,2,7.0,5.4264,135,quadhigh,quadhigh,quadhigh,1.0,4.0,100,1300.0,150,1300,0.3790036617684726,1.1514017661529286,0.8320305721523533,-0.1497849929743325,0.6818119485251687,0.0245743073283859,1.303557007751999,5.097339587264973,3.2021188567860395,0.0008141071358469,-4.474426175906884e-05,3.9844280856528186e-05,0.3376725403372357,0.0182924507885098,0.0124129150287032,0.31,0.0,0.0,0.0,0.0,0.0,45.91,0.0,0.0,0.0,0.0,0.0
ymlfiles\Case_376_H2_T7_dir135_heaveDOFbest_pitchDOFbest_rollDOFbest.yml,2,7.0,5.4264,135,DOFbest,DOFbest,DOFbest,3.3,2.4,233,304.5,248,640,0.3741236255482721,1.120178579781938,0.7994341838938779,-0.1503295835301339,0.6825837791686061,0.0247305299581306,1.2842366400927847,4.978939364598132,3.0784989436520696,0.0007847695923404,-4.366462632463362e-05,3.98506512033358e-05,0.3329068501975927,0.0178545787839193,0.0119727498148714,0.27,0.0,0.0,0.0,0.0,0.0,45.27,0.0,0.0,0.0,0.0,0.0
ymlfiles\Case_377_H2_T7_dir180_heavelow_pitchlow_rolllow.yml,2,7.0,5.4264,180,low,low,low,1.0,1.0,100,300.0,150,200,0.4273183569371099,2.9239766132516283,0.0003703810894219,-0.1545916309045163,0.6810696008321968,-0.0023379882235943,1.4846610953859942,11.91477799354352,-0.0009182660951534,0.0027518315810636,6.446183380546639e-06,9.654292437164094e-09,0.3849434697128853,0.0477356988444478,5.905699461934578e-06,0.94,0.0,0.0,0.0,0.0,0.0,51.61,1.56,0.0,0.04,0.0,0.0
ymlfiles\Case_378_H2_T7_dir180_heavelinhigh_pitchlinhigh_rolllinhigh.yml,2,7.0,5.4264,180,linhigh,linhigh,linhigh,6.5,1.0,300,300.0,325,200,0.408424169291433,2.7596935506905327,0.0003929265477809,-0.1560327693334567,0.680957062894347,-0.0023564834428191,1.4104652777268198,11.288737856197857,-0.0008498812199785,0.002628318772745,6.34058790257611e-06,1.4987755382375507e-08,0.366520721609624,0.0454000297613962,6.084974513022603e-06,0.64,0.0,0.0,0.0,0.0,0.0,49.52,1.1,0.0,0.02,0.0,0.0
ymlfiles\Case_379_H2_T7_dir180_heavequadhigh_pitchquadhigh_rollquadhigh.yml,2,7.0,5.4264,180,quadhigh,quadhigh,quadhigh,1.0,4.0,100,1300.0,150,1300,0.4219438575931297,2.8467925059388075,0.0004176527047973,-0.1555052420583194,0.6819557430244182,-0.0023539587524793,1.46305794673297,11.62049995832418,-0.0007530379605204,0.002688895231048,6.379672590210385e-06,1.671081249190799e-08,0.3796621371620434,0.0466426254934858,6.461123334777473e-06,0.84,0.0,0.0,0.0,0.0,0.0,51.02,1.34,0.0,0.03,0.0,0.0
ymlfiles\Case_380_H2_T7_dir180_heaveDOFbest_pitchDOFbest_rollDOFbest.yml,2,7.0,5.4264,180,DOFbest,DOFbest,DOFbest,3.3,2.4,233,304.5,248,640,0.416914090066298,2.800774159077148,0.0003562144316025,-0.1556955958816124,0.6815903818357942,-0.0023550025381147,1.443504182386511,11.444125841601531,-0.00098928027808,0.0026551224419141,6.368113680037533e-06,1.3216727171489218e-08,0.3747497734553798,0.0459906757641225,5.602965444591536e-06,0.76,0.0,0.0,0.0,0.0,0.0,50.47,1.21,0.0,0.02,0.0,0.0
ymlfiles\Case_381_H2_T8_dir0_heavelow_pitchlow_rolllow.yml,2,8.0,6.2016,0,low,low,low,1.0,1.0,100,300.0,150,200,0.405581444959165,1.2417490206089925,0.0003945977838695,-0.1035170636420042,0.5762771158275258,-0.0023037929965479,1.4420981884804511,5.361755901644697,-0.000800033051092,-0.003648346653848,1.3069939482354245e-07,2.7989218614606713e-08,0.3333669615892844,0.0210372286750911,6.170379883661742e-06,0.27,0.0,0.0,0.0,0.0,0.0,45.33,0.0,0.0,0.0,0.0,0.0
ymlfiles\Case_382_H2_T8_dir0_heavelinhigh_pitchlinhigh_rolllinhigh.yml,2,8.0,6.2016,0,linhigh,linhigh,linhigh,6.5,1.0,300,300.0,325,200,0.391688483880326,1.1936910501777906,0.0003487164569581,-0.1066242922540357,0.5811875671635555,-0.0022973105464635,1.3853217733435237,5.186213868515111,-0.000968203874131,-0.0035539169133574,1.2810083744313358e-07,2.6609559965041e-08,0.3206157120287388,0.0204717446314215,5.327107933073103e-06,0.18,0.0,0.0,0.0,0.0,0.0,43.55,0.0,0.0,0.0,0.0,0.0
ymlfiles\Case_383_H2_T8_dir0_heavequadhigh_pitchquadhigh_rollquadhigh.yml,2,8.0,6.2016,0,quadhigh,quadhigh,quadhigh,1.0,4.0,100,1300.0,150,1300,0.4022605556978181,1.2327685526772052,0.0003861702789825,-0.1047285634432612,0.5781992625314363,-0.0023015999873329,1.4281570286638672,5.330400398606109,-0.0008298081978989,-0.0036379147117541,1.3322273520073804e-07,2.7521379361222253e-08,0.3303417124894219,0.0209343526085858,5.757182326340036e-06,0.25,0.0,0.0,0.0,0.0,0.0,44.92,0.0,0.0,0.0,0.0,0.0
ymlfiles\Case_384_H2_T8_dir0_heaveDOFbest_pitchDOFbest_rollDOFbest.yml,2,8.0,6.2016,0,DOFbest,DOFbest,DOFbest,3.3,2.4,233,304.5,248,640,0.3981707461881934,1.2093173027834263,0.0003735264539104,-0.105357054917478,0.5791799179378664,-0.002314371527451,1.4116492270449208,5.243198669798328,-0.0008910476791257,-0.0035746007708986,1.501950053503401e-07,2.9517457369580693e-08,0.3265538093400196,0.020655258038669,5.575185397089227e-06,0.22,0.0,0.0,0.0,0.0,0.0,44.39,0.0,0.0,0.0,0.0,0.0
ymlfiles\Case_385_H2_T8_dir45_heavelow_pitchlow_rolllow.yml,2,8.0,6.2016,45,low,low,low,1.0,1.0,100,300.0,150,200,0.4530715476631514,1.397012887021385,2.229388565731922,-0.1299800700935804,0.619552943004647,-0.0269997740080077,1.5977748174477242,5.943972817501316,8.461059457394583,-0.0001012718483899,4.332132650037528e-05,2.122250729721504e-05,0.3753045531418695,0.0203706440766012,0.0321507946750653,0.77,0.0,0.0,0.0,0.0,0.0,50.53,0.0,1.67,0.02,0.0,0.0
ymlfiles\Case_386_H2_T8_dir45_heavelinhigh_pitchlinhigh_rolllinhigh.yml,2,8.0,6.2016,45,linhigh,linhigh,linhigh,6.5,1.0,300,300.0,325,200,0.4384739728443213,1.2950498985909922,2.067833955380034,-0.1326566751744031,0.6251472173424328,-0.0316533688683985,1.5387915384838358,5.563324336432032,7.844396450916206,-2.343141616937284e-05,3.7816020884856126e-05,1.7229446492774574e-05,0.3617830232814334,0.0189859705805677,0.0300202514332501,0.57,0.0,0.0,0.0,0.0,0.0,48.96,0.0,1.04,0.01,0.0,0.0
ymlfiles\Case_387_H2_T8_dir45_heavequadhigh_pitchquadhigh_rollquadhigh.yml,2,8.0,6.2016,45,quadhigh,quadhigh,quadhigh,1.0,4.0,100,1300.0,150,1300,0.4490591755637087,1.3760106692687597,2.187384607147093,-0.1311593841830488,0.6215938857830556,-0.0290546364801337,1.5812946186719357,5.866221324145492,8.29948992993482,-8.210683317195866e-05,4.180746710737337e-05,2.02730963827275e-05,0.3716129489558938,0.0200855259548121,0.0315974658768016,0.71,0.0,0.0,0.0,0.0,0.0,50.11,0.0,1.49,0.02,0.0,0.0
ymlfiles\Case_388_H2_T8_dir45_heaveDOFbest_pitchDOFbest_rollDOFbest.yml,2,8.0,6.2016,45,DOFbest,DOFbest,DOFbest,3.3,2.4,233,304.5,248,640,0.4451948960099308,1.3309337626347757,2.120078700061742,-0.1317399273314792,0.6230458445449326,-0.0304575947558795,1.5657360979294686,5.696834754765447,8.043795115357085,-4.6789191141399775e-05,3.954568921638008e-05,1.847891371139003e-05,0.3679899941139175,0.0194724680029476,0.030709795046363,0.66,0.0,0.0,0.0,0.0,0.0,49.69,0.0,1.23,0.02,0.0,0.0
ymlfiles\Case_389_H2_T8_dir90_heavelow_pitchlow_rolllow.yml,2,8.0,6.2016,90,low,low,low,1.0,1.0,100,300.0,150,200,0.433939952774967,1.1052291125653582,1.8461363910655495,-0.1409220085108767,0.6358881157576503,-0.0051347911149599,1.5136402356662066,4.853267213317641,7.010076834556041,-0.000921182024395,-3.5605295689897056e-05,-6.013333721285893e-05,0.3550737860091491,0.0165510490100066,0.025552327923281,0.49,0.0,0.0,0.0,0.0,0.0,48.14,0.0,0.26,0.01,0.0,0.0
ymlfiles\Case_390_H2_T8_dir90_heavelinhigh_pitchlinhigh_rolllinhigh.yml,2,8.0,6.2016,90,linhigh,linhigh,linhigh,6.5,1.0,300,300.0,325,200,0.4200190171065241,1.0145240563663185,1.7058089647512935,-0.1415914616970235,0.6390502991802688,-0.0054775910770916,1.458731074249029,4.511952015718808,6.478466503078547,-0.0008520244183061,-3.301431687066636e-05,-5.714984927818735e-05,0.3421869724459429,0.015309015464884,0.0236833583971891,0.35,0.0,0.0,0.0,0.0,0.0,46.5,0.0,0.12,0.01,0.0,0.0
ymlfiles\Case_391_H2_T8_dir90_heavequadhigh_pitchquadhigh_rollquadhigh.yml,2,8.0,6.2016,90,quadhigh,quadhigh,quadhigh,1.0,4.0,100,1300.0,150,1300,0.430300752090487,1.0881987659874093,1.816901967702884,-0.1413879716509651,0.6369253661743612,-0.0053120412135515,1.4990599729466436,4.789515828216798,6.899510486969901,-0.0009079740564507,-3.500735812195688e-05,-5.9510359150810855e-05,0.3517318712574989,0.016318614223759,0.025164204553973,0.45,0.0,0.0,0.0,0.0,0.0,47.72,0.0,0.22,0.01,0.0,0.0
ymlfiles\Case_392_H2_T8_dir90_heaveDOFbest_pitchDOFbest_rollDOFbest.yml,2,8.0,6.2016,90,DOFbest,DOFbest,DOFbest,3.3,2.4,233,304.5,248,640,0.4264770207327701,1.048398970671789,1.7505016857305435,-0.1413454774608495,0.637735423685417,-0.0052771146940561,1.4839764884497997,4.639388226327567,6.6475394194660815,-0.0008741100529938,-3.399494918774897e-05,-5.838612292773161e-05,0.3481486838153882,0.0157720191116776,0.0242789189025114,0.41,0.0,0.0,0.0,0.0,0.0,47.27,0.0,0.15,0.01,0.0,0.0
ymlfiles\Case_393_H2_T8_dir135_heavelow_pitchlow_rolllow.yml,2,8.0,6.2016,135,low,low,low,1.0,1.0,100,300.0,150,200,0.4301650356282667,1.4505117815424675,1.132466816882354,-0.152816166267876,0.6728809398364665,0.0322991488014583,1.486800599633998,6.199263614901799,4.334727404090407,-0.0005857101999725,-7.085005660406468e-05,-5.343295726571851e-06,0.349564385921527,0.0210655908242637,0.0154832845892523,0.42,0.0,0.0,0.0,0.0,0.0,47.45,0.0,0.0,0.01,0.0,0.0
ymlfiles\Case_394_H2_T8_dir135_heavelinhigh_pitchlinhigh_rolllinhigh.yml,2,8.0,6.2016,135,linhigh,linhigh,linhigh,6.5,1.0,300,300.0,325,200,0.4164098725140439,1.3609276384976106,1.0457388315148597,-0.1535476892330024,0.6752141133758116,0.0295637374547214,1.432871446287862,5.861806622257856,4.002295745108127,-0.0005340672200109,-6.734595338858039e-05,-4.991199696153343e-07,0.3367459302848026,0.0198068730757736,0.0143345697495029,0.3,0.0,0.0,0.0,0.0,0.0,45.78,0.0,0.0,0.0,0.0,0.0
ymlfiles\Case_395_H2_T8_dir135_heavequadhigh_pitchquadhigh_rollquadhigh.yml,2,8.0,6.2016,135,quadhigh,quadhigh,quadhigh,1.0,4.0,100,1300.0,150,1300,0.4266026975475053,1.4323682715623447,1.1222488709861238,-0.1531935874549117,0.6734667560055714,0.0315506415996488,1.4727665117462436,6.130995496725492,4.295376191162271,-0.0005717962247458,-7.058133736251757e-05,-4.517085052436026e-06,0.3462540506598506,0.0208092468764965,0.0153498687195258,0.39,0.0,0.0,0.0,0.0,0.0,47.03,0.0,0.0,0.01,0.0,0.0
ymlfiles\Case_396_H2_T8_dir135_heaveDOFbest_pitchDOFbest_rollDOFbest.yml,2,8.0,6.2016,135,DOFbest,DOFbest,DOFbest,3.3,2.4,233,304.5,248,640,0.4227910299756299,1.391177668516413,1.072599535402632,-0.1533212054033222,0.6743812882338301,0.0306928706499471,1.4581110452424495,5.975995615802074,4.105882805552798,-0.0005504579967812,-6.841883439729817e-05,-2.11281043806229e-06,0.3426804035401904,0.0202334668377292,0.0146890156177921,0.35,0.0,0.0,0.0,0.0,0.0,46.57,0.0,0.0,0.01,0.0,0.0
ymlfiles\Case_397_H2_T8_dir180_heavelow_pitchlow_rolllow.yml,2,8.0,6.2016,180,low,low,low,1.0,1.0,100,300.0,150,200,0.4648654433244125,3.2763763666124874,0.000406823459932,-0.157201078751274,0.648539314434276,-0.002355900098758,1.6161234946208214,13.153576523105489,-0.0008033955285709,-0.0013205925570386,-3.794550037161911e-06,6.966935349519974e-08,0.3834296200618414,0.0488636068460806,6.0721283403965145e-06,0.91,0.0,0.0,0.0,0.0,0.0,51.44,1.82,0.0,0.03,0.0,0.0
ymlfiles\Case_398_H2_T8_dir180_heavelinhigh_pitchlinhigh_rolllinhigh.yml,2,8.0,6.2016,180,linhigh,linhigh,linhigh,6.5,1.0,300,300.0,325,200,0.4498179318064391,3.0787267867498245,0.0003734127124863,-0.1571798668179843,0.6509431083535111,-0.0023545625267633,1.5581675969342723,12.407664505614708,-0.000929153546454,-0.0010918054125289,-3.8594000633549735e-06,5.91975126059021e-08,0.3690013885660371,0.0461307734573318,5.568115698706535e-06,0.67,0.0,0.0,0.0,0.0,0.0,49.81,1.24,0.0,0.02,0.0,0.0
ymlfiles\Case_399_H2_T8_dir180_heavequadhigh_pitchquadhigh_rollquadhigh.yml,2,8.0,6.2016,180,quadhigh,quadhigh,quadhigh,1.0,4.0,100,1300.0,150,1300,0.4607546861585054,3.183370907945034,0.00038883995993,-0.1573178875061821,0.6501089601282869,-0.0023569700105895,1.600241683297504,12.802459216522978,-0.0008730213680265,-0.0012160561117502,-3.830105706963542e-06,6.227109756326658e-08,0.3793432763675247,0.047578352088034,5.77414085794892e-06,0.84,0.0,0.0,0.0,0.0,0.0,50.99,1.53,0.0,0.03,0.0,0.0
ymlfiles\Case_400_H2_T8_dir180_heaveDOFbest_pitchDOFbest_rollDOFbest.yml,2,8.0,6.2016,180,DOFbest,DOFbest,DOFbest,3.3,2.4,233,304.5,248,640,0.4567429165780775,3.1264144348474607,0.0003532811508593,-0.1571825050044378,0.6506339638217431,-0.0023543613109184,1.5849057772690045,12.588357416042491,-0.0010056109915311,-0.001148230290433,-3.848589384601434e-06,5.7829618128936486e-08,0.3754940204519482,0.0467929313435466,5.242078609877532e-06,0.77,0.0,0.0,0.0,0.0,0.0,50.55,1.37,0.0,0.03,0.0,0.0
ymlfiles\Case_401_H2_T8p5_dir0_heavelow_pitchlow_rolllow.yml,2,8.5,6.5891,0,low,low,low,1.0,1.0,100,300.0,150,200,0.4150726957320009,1.2954540534489694,0.0004139773922915,-0.1050529033002877,0.5771796579177942,-0.0023112479460412,1.4723188001363106,5.548697990521776,-0.0007376349262986,-0.004449166953253,6.200613067315672e-07,3.64663497464056e-08,0.3278381737706082,0.0205846805718468,6.166292502035575e-06,0.23,0.0,0.0,0.0,0.0,0.0,44.57,0.0,0.0,0.0,0.0,0.0
ymlfiles\Case_402_H2_T8p5_dir0_heavelinhigh_pitchlinhigh_rolllinhigh.yml,2,8.5,6.5891,0,linhigh,linhigh,linhigh,6.5,1.0,300,300.0,325,200,0.4025467045454995,1.2440371806334996,0.0003634029639952,-0.107276507046625,0.5802319273175264,-0.0023042562642187,1.421871692795081,5.357628757282618,-0.000921844335933,-0.0042872837207048,7.419895332351524e-07,3.2523546415519075e-08,0.3164292397347623,0.0199664268018248,5.358569530412896e-06,0.16,0.0,0.0,0.0,0.0,0.0,42.95,0.0,0.0,0.0,0.0,0.0
ymlfiles\Case_403_H2_T8p5_dir0_heavequadhigh_pitchquadhigh_rollquadhigh.yml,2,8.5,6.5891,0,quadhigh,quadhigh,quadhigh,1.0,4.0,100,1300.0,150,1300,0.4121278924762759,1.285934416958498,0.0003888304473497,-0.1059002697231113,0.5784125534618794,-0.0022870089320718,1.460201140093179,5.512972462827502,-0.0008081641973273,-0.0044235046902578,6.533331051275009e-07,3.50555326874205e-08,0.3251727849259256,0.020471457685881,5.846340881576761e-06,0.21,0.0,0.0,0.0,0.0,0.0,44.2,0.0,0.0,0.0,0.0,0.0
ymlfiles\Case_404_H2_T8p5_dir0_heaveDOFbest_pitchDOFbest_rollDOFbest.yml,2,8.5,6.5891,0,DOFbest,DOFbest,DOFbest,3.3,2.4,233,304.5,248,640,0.4084224412600373,1.2610591723196112,0.0003688954545329,-0.1063805289582958,0.5790743087824386,-0.0023044484862803,1.4454037064109082,5.420600278180462,-0.0009016352509939,-0.0043333757606719,6.900995919779486e-07,3.459521956192351e-08,0.3217701414938423,0.0201713602772662,5.42770963565984e-06,0.19,0.0,0.0,0.0,0.0,0.0,43.72,0.0,0.0,0.0,0.0,0.0
ymlfiles\Case_405_H2_T8p5_dir45_heavelow_pitchlow_rolllow.yml,2,8.5,6.5891,45,low,low,low,1.0,1.0,100,300.0,150,200,0.4595316518626778,1.3538390879768654,2.233468146061401,-0.1258592873822045,0.6101924708996227,-0.0506405588682661,1.621785818672147,5.758746907500144,8.437084724068121,-0.001793416816374,2.858987167247812e-06,1.3735773381081908e-05,0.3663640928700782,0.0191522294769412,0.0311434197453734,0.63,0.0,0.0,0.0,0.0,0.0,49.5,0.0,1.35,0.02,0.0,0.0
ymlfiles\Case_406_H2_T8p5_dir45_heavelinhigh_pitchlinhigh_rolllinhigh.yml,2,8.5,6.5891,45,linhigh,linhigh,linhigh,6.5,1.0,300,300.0,325,200,0.4463454956127322,1.2624519296059056,2.071898373218672,-0.127960454921422,0.6146787070706335,-0.0535390806025195,1.568940296011498,5.418322992996192,7.824154329880846,-0.0015249535104342,-2.024307475701036e-07,9.916894520027775e-06,0.3541427714306371,0.0179269743764277,0.0290529269601051,0.47,0.0,0.0,0.0,0.0,0.0,48.02,0.0,0.81,0.01,0.0,0.0
ymlfiles\Case_407_H2_T8p5_dir45_heavequadhigh_pitchquadhigh_rollquadhigh.yml,2,8.5,6.5891,45,quadhigh,quadhigh,quadhigh,1.0,4.0,100,1300.0,150,1300,0.4559920888946262,1.3360621656331375,2.193009517497316,-0.12682282937574,0.6117474495184868,-0.0515625566279225,1.607360962591513,5.6929519903262245,8.281987732178726,-0.0017335917417647,1.952232813482696e-06,1.2799098320251255e-05,0.363092503360427,0.0189148589916311,0.0306205801613336,0.59,0.0,0.0,0.0,0.0,0.0,49.11,0.0,1.2,0.02,0.0,0.0
ymlfiles\Case_408_H2_T8p5_dir45_heaveDOFbest_pitchDOFbest_rollDOFbest.yml,2,8.5,6.5891,45,DOFbest,DOFbest,DOFbest,3.3,2.4,233,304.5,248,640,0.4524547738902319,1.2951458003703695,2.12379769391754,-0.1271805731856955,0.612909785600483,-0.0522574040092319,1.5932918976978303,5.539483029625851,8.020733451718094,-0.0016120889853532,6.840962904808911e-07,1.1067224256729024e-05,0.3597724905654463,0.0183642143222045,0.0297245763936265,0.54,0.0,0.0,0.0,0.0,0.0,48.71,0.0,0.97,0.01,0.0,0.0
ymlfiles\Case_409_H2_T8p5_dir90_heavelow_pitchlow_rolllow.yml,2,8.5,6.5891,90,low,low,low,1.0,1.0,100,300.0,150,200,0.4428571745354282,1.0406638733216598,1.890314646028304,-0.1363504412247347,0.6344561746508974,-0.0131342629532362,1.5474556785662672,4.600056042618366,7.153449414090823,-0.0022482410339503,-4.18335530686436e-05,-4.38901581919567e-05,0.3484826322109661,0.0152862093959925,0.0253156292270039,0.41,0.0,0.0,0.0,0.0,0.0,47.31,0.0,0.24,0.01,0.0,0.0
ymlfiles\Case_410_H2_T8p5_dir90_heavelinhigh_pitchlinhigh_rolllinhigh.yml,2,8.5,6.5891,90,linhigh,linhigh,linhigh,6.5,1.0,300,300.0,325,200,0.4301962243237384,0.9586278721253104,1.7505337322545833,-0.1375547302413452,0.6369091083629449,-0.0147988115744817,1.4972049190795194,4.292012354729439,6.624641585910862,-0.0020310743707851,-3.923953309196738e-05,-4.247422464048667e-05,0.3367775739491447,0.014178289666515,0.0234886277273859,0.3,0.0,0.0,0.0,0.0,0.0,45.79,0.0,0.11,0.0,0.0,0.0
ymlfiles\Case_411_H2_T8p5_dir90_heavequadhigh_pitchquadhigh_rollquadhigh.yml,2,8.5,6.5891,90,quadhigh,quadhigh,quadhigh,1.0,4.0,100,1300.0,150,1300,0.4396055363778677,1.0263477108372083,1.8617428895565824,-0.1369640040897717,0.6352492725310219,-0.0137960766308186,1.5343108623135149,4.546673867336975,7.04410322159752,-0.0022076735753716,-4.117844396050306e-05,-4.361635716841141e-05,0.3454933821811576,0.01509416169543,0.0249439566637624,0.38,0.0,0.0,0.0,0.0,0.0,46.93,0.0,0.2,0.01,0.0,0.0
ymlfiles\Case_412_H2_T8p5_dir90_heaveDOFbest_pitchDOFbest_rollDOFbest.yml,2,8.5,6.5891,90,DOFbest,DOFbest,DOFbest,3.3,2.4,233,304.5,248,640,0.4360959819039352,0.9894753472083032,1.794812784498981,-0.137064824496381,0.6357853445212794,-0.0140518088106824,1.520533338298461,4.407235248189017,6.790831060738202,-0.0020972264061226,-4.0212975991490873e-05,-4.31143787621931e-05,0.3422060018765573,0.0145939793921993,0.0240663833277906,0.35,0.0,0.0,0.0,0.0,0.0,46.51,0.0,0.14,0.01,0.0,0.0
ymlfiles\Case_413_H2_T8p5_dir135_heavelow_pitchlow_rolllow.yml,2,8.5,6.5891,135,low,low,low,1.0,1.0,100,300.0,150,200,0.4385629164842075,1.4077269084470885,1.1807905103527967,-0.1535584654981767,0.671385585550098,0.0291089475803343,1.513922409999537,6.026770814460444,4.505506070471238,-0.0012923827873415,-7.315083348716462e-05,-1.614047840301808e-05,0.3424503688947698,0.0199350327416581,0.0155862800898688,0.35,0.0,0.0,0.0,0.0,0.0,46.54,0.0,0.0,0.01,0.0,0.0
ymlfiles\Case_414_H2_T8p5_dir135_heavelinhigh_pitchlinhigh_rolllinhigh.yml,2,8.5,6.5891,135,linhigh,linhigh,linhigh,6.5,1.0,300,300.0,325,200,0.4263349399349889,1.327326407245626,1.0889847254723524,-0.1540888842658525,0.6736510871100544,0.0269554225507336,1.4662438661735449,5.723923661326697,4.154879650472958,-0.0011860449597756,-6.915582868999259e-05,-1.025781648576761e-05,0.331059543315966,0.0188039753123783,0.0143933322684978,0.25,0.0,0.0,0.0,0.0,0.0,45.02,0.0,0.0,0.0,0.0,0.0
ymlfiles\Case_415_H2_T8p5_dir135_heavequadhigh_pitchquadhigh_rollquadhigh.yml,2,8.5,6.5891,135,quadhigh,quadhigh,quadhigh,1.0,4.0,100,1300.0,150,1300,0.4354445657396398,1.3924505440427888,1.1692294288364504,-0.1539184781725693,0.6720385314325764,0.0283034384288176,1.5015394974454026,5.970098417188317,4.46087230255279,-0.0012752615062958,-7.273375142852713e-05,-1.5070254275732985e-05,0.3395518833740375,0.0197185945744368,0.0154387062870384,0.32,0.0,0.0,0.0,0.0,0.0,46.16,0.0,0.0,0.01,0.0,0.0
ymlfiles\Case_416_H2_T8p5_dir135_heaveDOFbest_pitchDOFbest_rollDOFbest.yml,2,8.5,6.5891,135,DOFbest,DOFbest,DOFbest,3.3,2.4,233,304.5,248,640,0.432061368685208,1.354786787208526,1.1177007768107243,-0.1539964580550694,0.6728636668165116,0.0277745225247546,1.4885146062451111,5.8268499300635,4.264550308487435,-0.0012183147115543,-7.048694270375881e-05,-1.2263593615643871e-05,0.3363738159247908,0.0191915013995349,0.0147645243426532,0.3,0.0,0.0,0.0,0.0,0.0,45.73,0.0,0.0,0.0,0.0,0.0
ymlfiles\Case_417_H2_T8p5_dir180_heavelow_pitchlow_rolllow.yml,2,8.5,6.5891,180,low,low,low,1.0,1.0,100,300.0,150,200,0.4692535385493496,3.1180349513512464,0.0003511777557049,-0.1572798558260617,0.638469758931776,-0.0023529155118485,1.6279618479502462,12.519585945315034,-0.001014773658762,-0.0026773061936217,-6.958340308013911e-07,7.885055253482458e-08,0.3720419165111274,0.0454352309270878,5.158109106805451e-06,0.72,0.0,0.0,0.0,0.0,0.0,50.16,1.11,0.0,0.02,0.0,0.0
ymlfiles\Case_418_H2_T8p5_dir180_heavelinhigh_pitchlinhigh_rolllinhigh.yml,2,8.5,6.5891,180,linhigh,linhigh,linhigh,6.5,1.0,300,300.0,325,200,0.4557370431185944,2.9385446669011213,0.0003016912324989,-0.1570223213617206,0.6422942454396737,-0.0023517323303803,1.5761892856377977,11.840541983662652,-0.0012018238292897,-0.002356426314691,-5.046037050014907e-07,7.124512504475745e-08,0.3590914330144582,0.0429700348834842,4.381418016833598e-06,0.54,0.0,0.0,0.0,0.0,0.0,48.63,0.72,0.0,0.01,0.0,0.0
ymlfiles\Case_419_H2_T8p5_dir180_heavequadhigh_pitchquadhigh_rollquadhigh.yml,2,8.5,6.5891,180,quadhigh,quadhigh,quadhigh,1.0,4.0,100,1300.0,150,1300,0.4656717731440203,3.039420043353892,0.0003622361096436,-0.1572015238700691,0.6404258382934952,-0.0023534216158003,1.6142372268821488,12.223105672724584,-0.0009730088674923,-0.0025394353549644,-6.429744525997245e-07,7.948162892201979e-08,0.3684793918766908,0.0443541251168772,5.320033610993111e-06,0.67,0.0,0.0,0.0,0.0,0.0,49.75,0.93,0.0,0.02,0.0,0.0
ymlfiles\Case_420_H2_T8p5_dir180_heaveDOFbest_pitchDOFbest_rollDOFbest.yml,2,8.5,6.5891,180,DOFbest,DOFbest,DOFbest,3.3,2.4,233,304.5,248,640,0.4620271427699018,2.984039740996748,0.0003191613923479,-0.1570682603377417,0.641481026093801,-0.0023525148453442,1.6002431260953778,12.013102038621607,-0.0011358407216449,-0.0024382687567507,-5.64097476929447e-07,7.23835623505106e-08,0.3649782427813186,0.0435960857709396,4.639021942196039e-06,0.61,0.0,0.0,0.0,0.0,0.0,49.34,0.81,0.0,0.02,0.0,0.0
ymlfiles\Case_421_H2_T9_dir0_heavelow_pitchlow_rolllow.yml,2,9.0,6.9767,0,low,low,low,1.0,1.0,100,300.0,150,200,0.4242887775064544,1.3040189768090482,0.0003919346164546,-0.1066580787628524,0.5771771265070282,-0.0022960855374847,1.5013616948663446,5.563209706778835,-0.0008066963982493,-0.0050999656792295,-8.961642120083971e-07,3.897005488543689e-08,0.3218574086584536,0.019726095217177,5.807212311076003e-06,0.19,0.0,0.0,0.0,0.0,0.0,43.73,0.0,0.0,0.0,0.0,0.0
ymlfiles\Case_422_H2_T9_dir0_heavelinhigh_pitchlinhigh_rolllinhigh.yml,2,9.0,6.9767,0,linhigh,linhigh,linhigh,6.5,1.0,300,300.0,325,200,0.4130250058642601,1.255018028839827,0.0003635789167147,-0.1087433548314498,0.5798283367354828,-0.0022955816845943,1.4560058663472448,5.381755052049946,-0.0009140888897613,-0.0049187449278896,-7.567603493700644e-07,3.5749810773882505e-08,0.3116586079682379,0.0191302235069904,5.649186627665013e-06,0.13,0.0,0.0,0.0,0.0,0.0,42.25,0.0,0.0,0.0,0.0,0.0
ymlfiles\Case_423_H2_T9_dir0_heavequadhigh_pitchquadhigh_rollquadhigh.yml,2,9.0,6.9767,0,quadhigh,quadhigh,quadhigh,1.0,4.0,100,1300.0,150,1300,0.4216720451626951,1.295244072453651,0.0003918790267146,-0.1073563943286372,0.5782046409372207,-0.0022998067035468,1.4905768208593415,5.530912253513685,-0.0008115409197961,-0.0050708519694609,-8.656350268347537e-07,4.0203070060180766e-08,0.3194930553491926,0.0196200848202871,5.779427818134097e-06,0.17,0.0,0.0,0.0,0.0,0.0,43.39,0.0,0.0,0.0,0.0,0.0
ymlfiles\Case_424_H2_T9_dir0_heaveDOFbest_pitchDOFbest_rollDOFbest.yml,2,9.0,6.9767,0,DOFbest,DOFbest,DOFbest,3.3,2.4,233,304.5,248,640,0.4183411247219542,1.271452079581733,0.0003663360353539,-0.1077938644140021,0.5786620311461359,-0.0023010715976041,1.47726422996077,5.442377701084234,-0.0009086091353395,-0.0049738127754585,-8.133737401145585e-07,3.8512256990731554e-08,0.3164569522222404,0.0193299138709127,5.38980553582077e-06,0.16,0.0,0.0,0.0,0.0,0.0,42.95,0.0,0.0,0.0,0.0,0.0
ymlfiles\Case_425_H2_T9_dir45_heavelow_pitchlow_rolllow.yml,2,9.0,6.9767,45,low,low,low,1.0,1.0,100,300.0,150,200,0.46547068075488,1.2804338806832845,2.172350699411333,-0.1224043160953159,0.602334005615341,-0.072518281868377,1.6429871363401516,5.465137830439521,8.166068736670237,-0.0031189149191529,-2.4789153913140943e-05,-1.787776471961053e-06,0.3569394608128043,0.0176595004541253,0.0294660521089516,0.51,0.0,0.0,0.0,0.0,0.0,48.37,0.0,0.9,0.01,0.0,0.0
ymlfiles\Case_426_H2_T9_dir45_heavelinhigh_pitchlinhigh_rolllinhigh.yml,2,9.0,6.9767,45,linhigh,linhigh,linhigh,6.5,1.0,300,300.0,325,200,0.4536071999781144,1.2022123530624047,2.021980770131528,-0.1238998014589832,0.6052816533608861,-0.0728185170810761,1.595867494630692,5.172416918342269,7.5998843886046386,-0.0027414460567917,-2.6298244766657505e-05,-4.315861035515189e-06,0.345917425741524,0.0166187472543403,0.0275460485514253,0.38,0.0,0.0,0.0,0.0,0.0,46.99,0.0,0.52,0.01,0.0,0.0
ymlfiles\Case_427_H2_T9_dir45_heavequadhigh_pitchquadhigh_rollquadhigh.yml,2,9.0,6.9767,45,quadhigh,quadhigh,quadhigh,1.0,4.0,100,1300.0,150,1300,0.4623351747281498,1.26631498005487,2.1368112448043006,-0.1230753274033725,0.6033063003810001,-0.0728898068141495,1.630240490021838,5.412243315710622,8.030914697349235,-0.0030380531668039,-2.519900661114664e-05,-2.3355677752341858e-06,0.3540218130977844,0.0174729340729116,0.0290129309338857,0.47,0.0,0.0,0.0,0.0,0.0,48.01,0.0,0.8,0.01,0.0,0.0
ymlfiles\Case_428_H2_T9_dir45_heaveDOFbest_pitchDOFbest_rollDOFbest.yml,2,9.0,6.9767,45,DOFbest,DOFbest,DOFbest,3.3,2.4,233,304.5,248,640,0.4591259859851976,1.2308167645643455,2.0701923881540982,-0.1232596470532802,0.6039295915734395,-0.07284283146162,1.6177033334392448,5.279493041924043,7.77995405845322,-0.0028647185182431,-2.581768152795229e-05,-3.530413186076591e-06,0.3510025082235774,0.0169973607369338,0.0281609058292095,0.44,0.0,0.0,0.0,0.0,0.0,47.63,0.0,0.63,0.01,0.0,0.0
ymlfiles\Case_429_H2_T9_dir90_heavelow_pitchlow_rolllow.yml,2,9.0,6.9767,90,low,low,low,1.0,1.0,100,300.0,150,200,0.4507249458999922,0.9556752023898984,1.874648103153753,-0.1314957374688975,0.633107026215542,-0.023209240563293,1.5777031559932388,4.27096075674852,7.074635465041857,-0.0034917192019916,-4.761064160124931e-05,-4.268087791946332e-05,0.3407801725967798,0.0138816228768699,0.0243571354218744,0.33,0.0,0.0,0.0,0.0,0.0,46.32,0.0,0.16,0.01,0.0,0.0
ymlfiles\Case_430_H2_T9_dir90_heavelinhigh_pitchlinhigh_rolllinhigh.yml,2,9.0,6.9767,90,linhigh,linhigh,linhigh,6.5,1.0,300,300.0,325,200,0.4392730691489848,0.8848699932849357,1.7444554106127097,-0.1325418699221158,0.6342831502479168,-0.0244098184222602,1.5327048098723566,4.003779024370626,6.580842521876155,-0.0031569360742998,-4.4485439382756285e-05,-4.087174503698208e-05,0.3302135768180669,0.0129288565549497,0.0226801439213979,0.25,0.0,0.0,0.0,0.0,0.0,44.9,0.0,0.07,0.0,0.0,0.0
ymlfiles\Case_431_H2_T9_dir90_heavequadhigh_pitchquadhigh_rollquadhigh.yml,2,9.0,6.9767,90,quadhigh,quadhigh,quadhigh,1.0,4.0,100,1300.0,150,1300,0.4478197214593704,0.9445163160116904,1.8486770782974769,-0.1319215535618562,0.6334336036262314,-0.0238423416776244,1.566171312077202,4.228987311055358,6.9756701484225765,-0.0034289862154514,-4.682614013337683e-05,-4.238137539613048e-05,0.3381072816448179,0.0137323522120386,0.0240242716545617,0.31,0.0,0.0,0.0,0.0,0.0,45.97,0.0,0.14,0.0,0.0,0.0
ymlfiles\Case_432_H2_T9_dir90_heaveDOFbest_pitchDOFbest_rollDOFbest.yml,2,9.0,6.9767,90,DOFbest,DOFbest,DOFbest,3.3,2.4,233,304.5,248,640,0.4446112105013012,0.9118576066960092,1.7855808510807216,-0.1320977360014961,0.6336995714901228,-0.0239762610739707,1.5536516112722545,4.1056164732169815,6.73663080185795,-0.0032587243366857,-4.566744070622906e-05,-4.162028001332633e-05,0.3351109613920426,0.0132908481464317,0.0232079562225586,0.28,0.0,0.0,0.0,0.0,0.0,45.57,0.0,0.09,0.0,0.0,0.0
ymlfiles\Case_433_H2_T9_dir135_heavelow_pitchlow_rolllow.yml,2,9.0,6.9767,135,low,low,low,1.0,1.0,100,300.0,150,200,0.4476025687268964,1.3166719345608573,1.176971324818635,-0.154164718935694,0.6719892297653259,0.026213076305266,1.5430134125500958,5.672429994402064,4.478862736063401,-0.0019994680176265,-7.176792038440606e-05,-2.6789168478409904e-05,0.3356645269273676,0.0182746958994848,0.0150482734654948,0.29,0.0,0.0,0.0,0.0,0.0,45.64,0.0,0.0,0.0,0.0,0.0
ymlfiles\Case_434_H2_T9_dir135_heavelinhigh_pitchlinhigh_rolllinhigh.yml,2,9.0,6.9767,135,linhigh,linhigh,linhigh,6.5,1.0,300,300.0,325,200,0.4365977138647834,1.249797218394137,1.0899298937084698,-0.1545767912229748,0.6738591809225218,0.0241742674071133,1.4999132256187415,5.419100215793734,4.147758642729061,-0.0018523443808585,-6.86849074160077e-05,-2.033615548144532e-05,0.3254149009378069,0.0173229771182002,0.013935959646159,0.21,0.0,0.0,0.0,0.0,0.0,44.23,0.0,0.0,0.0,0.0,0.0
ymlfiles\Case_435_H2_T9_dir135_heavequadhigh_pitchquadhigh_rollquadhigh.yml,2,9.0,6.9767,135,quadhigh,quadhigh,quadhigh,1.0,4.0,100,1300.0,150,1300,0.4448444166788006,1.30490939818216,1.1658133561330102,-0.1544814179746243,0.6725789825751439,0.0254189929726292,1.5320612426381326,5.628348128671476,4.435856472685259,-0.0019824345244376,-7.137593238557498e-05,-2.5706394499052844e-05,0.3330925676038384,0.0181057428186215,0.0149087160202655,0.27,0.0,0.0,0.0,0.0,0.0,45.29,0.0,0.0,0.0,0.0,0.0
ymlfiles\Case_436_H2_T9_dir135_heaveDOFbest_pitchDOFbest_rollDOFbest.yml,2,9.0,6.9767,135,DOFbest,DOFbest,DOFbest,3.3,2.4,233,304.5,248,640,0.4417793716598635,1.2729947658401108,1.1175063648747834,-0.1545005407600126,0.6732514599253068,0.0249554307564,1.5201568383885058,5.507065832259075,4.252640702616364,-0.0018964899297295,-6.979149418330885e-05,-2.2612108318598706e-05,0.3302121890362873,0.0176546693837661,0.0142854316343109,0.25,0.0,0.0,0.0,0.0,0.0,44.9,0.0,0.0,0.0,0.0,0.0
ymlfiles\Case_437_H2_T9_dir180_heavelow_pitchlow_rolllow.yml,2,9.0,6.9767,180,low,low,low,1.0,1.0,100,300.0,150,200,0.4751166914571603,2.886111338337386,0.0003114226979111,-0.1569865092017115,0.6337769645743302,-0.0023493902677332,1.6452718232833732,11.613446726037312,-0.0011637674480852,-0.003334577252318,-2.2532453355611717e-06,7.765907313899443e-08,0.3616674046225398,0.0413976904449627,4.4684290373703775e-06,0.57,0.0,0.0,0.0,0.0,0.0,48.94,0.53,0.0,0.01,0.0,0.0
ymlfiles\Case_438_H2_T9_dir180_heavelinhigh_pitchlinhigh_rolllinhigh.yml,2,9.0,6.9767,180,linhigh,linhigh,linhigh,6.5,1.0,300,300.0,325,200,0.4628510679865145,2.730721102672948,0.0002960582005828,-0.1567200426763209,0.6382479311678793,-0.0023500435293406,1.5985521991341334,11.028314302354012,-0.0012229151571656,-0.0030201799592859,-2.1922850791485327e-06,7.459429099614777e-08,0.3499557424314444,0.0392607299419547,4.195210079752507e-06,0.43,0.0,0.0,0.0,0.0,0.0,47.5,0.33,0.0,0.01,0.0,0.0
ymlfiles\Case_439_H2_T9_dir180_heavequadhigh_pitchquadhigh_rollquadhigh.yml,2,9.0,6.9767,180,quadhigh,quadhigh,quadhigh,1.0,4.0,100,1300.0,150,1300,0.4718946988558169,2.823623835439999,0.0003619073481408,-0.1568509732006911,0.6356147160727353,-0.0023491638873108,1.6331853870460218,11.379698146404811,-0.0009718837707809,-0.0032122730381491,-2.215326283299338e-06,7.765413642109963e-08,0.3584982526363969,0.0405350460010462,5.117675029253664e-06,0.53,0.0,0.0,0.0,0.0,0.0,48.56,0.44,0.0,0.01,0.0,0.0
ymlfiles\Case_440_H2_T9_dir180_heaveDOFbest_pitchDOFbest_rollDOFbest.yml,2,9.0,6.9767,180,DOFbest,DOFbest,DOFbest,3.3,2.4,233,304.5,248,640,0.4685604125143598,2.7723105136940256,0.0003231871587715,-0.156733692400892,0.6369517413655934,-0.0023512827539891,1.6204691127169304,11.187352860402012,-0.0011208712488968,-0.0031049774967878,-2.197908055331044e-06,7.482637879498823e-08,0.3552966588218159,0.0398324157596743,4.604276913951386e-06,0.49,0.0,0.0,0.0,0.0,0.0,48.17,0.38,0.0,0.01,0.0,0.0
ymlfiles\Case_441_H2_T9p5_dir0_heavelow_pitchlow_rolllow.yml,2,9.5,7.3643,0,low,low,low,1.0,1.0,100,300.0,150,200,0.4300870540623667,1.2626187498773576,0.0003776805927739,-0.1072406287000302,0.5753922246255393,-0.0023036411054795,1.5188379637932432,5.391580485171672,-0.0008699758230693,-0.0053388838086065,-7.291827384609386e-07,4.0313639483145846e-08,0.3141852011067442,0.0184808899415074,5.707440762403348e-06,0.15,0.0,0.0,0.0,0.0,0.0,42.62,0.0,0.0,0.0,0.0,0.0
ymlfiles\Case_442_H2_T9p5_dir0_heavelinhigh_pitchlinhigh_rolllinhigh.yml,2,9.5,7.3643,0,linhigh,linhigh,linhigh,6.5,1.0,300,300.0,325,200,0.4199828002192677,1.2180503190655787,0.0003546282913723,-0.1090080085896915,0.5771588853455325,-0.0023114330122838,1.4782562726163202,5.226427900917826,-0.0009667393896161,-0.0051691533842047,-6.603177061011962e-07,4.006735299377727e-08,0.3050105299706596,0.0179316818084557,5.2608354811090165e-06,0.1,0.0,0.0,0.0,0.0,0.0,41.24,0.0,0.0,0.0,0.0,0.0
ymlfiles\Case_443_H2_T9p5_dir0_heavequadhigh_pitchquadhigh_rollquadhigh.yml,2,9.5,7.3643,0,quadhigh,quadhigh,quadhigh,1.0,4.0,100,1300.0,150,1300,0.4277972914383962,1.2550317973665546,0.0003663326066404,-0.1078734571372612,0.5761791786915552,-0.0022974525744595,1.5093696331984128,5.364111184933809,-0.0009076584648437,-0.0053121538066396,-7.079332775464881e-07,3.9001178687295646e-08,0.3120978268142323,0.0183886717379765,5.537316029339695e-06,0.14,0.0,0.0,0.0,0.0,0.0,42.31,0.0,0.0,0.0,0.0,0.0
ymlfiles\Case_444_H2_T9p5_dir0_heaveDOFbest_pitchDOFbest_rollDOFbest.yml,2,9.5,7.3643,0,DOFbest,DOFbest,DOFbest,3.3,2.4,233,304.5,248,640,0.4247855903681495,1.2334472453443166,0.0003650950662639,-0.1082606306755343,0.5764910583245976,-0.0022946023740843,1.4975104659169132,5.282971915897026,-0.0009079282304779,-0.005224460612362,-6.970390267187467e-07,3.874661428266888e-08,0.3093485759710043,0.0181210417764819,5.591287054469834e-06,0.12,0.0,0.0,0.0,0.0,0.0,41.9,0.0,0.0,0.0,0.0,0.0
ymlfiles\Case_445_H2_T9p5_dir45_heavelow_pitchlow_rolllow.yml,2,9.5,7.3643,45,low,low,low,1.0,1.0,100,300.0,150,200,0.46761846196847,1.192687447379007,2.0437939600201465,-0.1202161741757696,0.5972268777155311,-0.0848831777792036,1.648535836212592,5.120604825867519,7.6557391726904385,-0.003693783647081,-4.435854810225277e-05,-3.743854977321154e-06,0.3457131689161419,0.0161769771746972,0.027223067951723,0.38,0.0,0.0,0.0,0.0,0.0,46.96,0.0,0.47,0.01,0.0,0.0
ymlfiles\Case_446_H2_T9p5_dir45_heavelinhigh_pitchlinhigh_rolllinhigh.yml,2,9.5,7.3643,45,linhigh,linhigh,linhigh,6.5,1.0,300,300.0,325,200,0.456911899023232,1.1252797807418755,1.911861500572216,-0.1212858890969652,0.5994644605825512,-0.0841087168421741,1.606117219945261,4.866302266295538,7.157600837273118,-0.0033095045762595,-4.511395308633185e-05,-6.606735736715885e-06,0.3357154693730552,0.0152774386822065,0.0255426569463633,0.29,0.0,0.0,0.0,0.0,0.0,45.65,0.0,0.26,0.0,0.0,0.0
ymlfiles\Case_447_H2_T9p5_dir45_heavequadhigh_pitchquadhigh_rollquadhigh.yml,2,9.5,7.3643,45,quadhigh,quadhigh,quadhigh,1.0,4.0,100,1300.0,150,1300,0.4648516382154132,1.1812213580902953,2.0145738559470265,-0.1207337115660031,0.5982714468336945,-0.0849403384022956,1.6373603883990957,5.077928385522364,7.5458308104086225,-0.0036165968168697,-4.459728809047017e-05,-4.176116768779337e-06,0.3431150584999843,0.0160259347885898,0.0268512417017622,0.36,0.0,0.0,0.0,0.0,0.0,46.62,0.0,0.42,0.01,0.0,0.0
ymlfiles\Case_448_H2_T9p5_dir45_heaveDOFbest_pitchDOFbest_rollDOFbest.yml,2,9.5,7.3643,45,DOFbest,DOFbest,DOFbest,3.3,2.4,233,304.5,248,640,0.4619203184031442,1.150105366377252,1.954001629796781,-0.1208975915048226,0.5986050539084831,-0.0843329985496572,1.6259207666097308,4.960492126432799,7.317389511407755,-0.0034376714129593,-4.49972636717334e-05,-5.737531057127196e-06,0.3403450114669204,0.0156073080563252,0.0260786874247662,0.33,0.0,0.0,0.0,0.0,0.0,46.26,0.0,0.32,0.01,0.0,0.0
ymlfiles\Case_449_H2_T9p5_dir90_heavelow_pitchlow_rolllow.yml,2,9.5,7.3643,90,low,low,low,1.0,1.0,100,300.0,150,200,0.4542801189461771,0.8737274491413066,1.790341564578365,-0.1274020224881015,0.630381422155452,-0.0297959319330336,1.5906180707467783,3.954577090576791,6.736523647866069,-0.0042226926447682,-5.8919178354207606e-05,-3.555051052203034e-05,0.3308195241594409,0.0126538436904025,0.0226979634360705,0.25,0.0,0.0,0.0,0.0,0.0,44.98,0.0,0.07,0.0,0.0,0.0
ymlfiles\Case_450_H2_T9p5_dir90_heavelinhigh_pitchlinhigh_rolllinhigh.yml,2,9.5,7.3643,90,linhigh,linhigh,linhigh,6.5,1.0,300,300.0,325,200,0.4439493249347449,0.8120002431288474,1.6764060867353878,-0.1286516700457874,0.6314280183384414,-0.0310878595085141,1.5493721295812644,3.7216952961813847,6.306390695471737,-0.003846683655957,-5.503490227271721e-05,-3.4464800214480075e-05,0.3212557345007406,0.0118168852036585,0.0212424585403265,0.19,0.0,0.0,0.0,0.0,0.0,43.65,0.0,0.03,0.0,0.0,0.0
ymlfiles\Case_451_H2_T9p5_dir90_heavequadhigh_pitchquadhigh_rollquadhigh.yml,2,9.5,7.3643,90,quadhigh,quadhigh,quadhigh,1.0,4.0,100,1300.0,150,1300,0.4516991126302162,0.8647709234445613,1.7689275742036856,-0.1278971690270403,0.6306574396091728,-0.0305882364519678,1.5800805544454095,3.9209405617353945,6.654429728277262,-0.0041571487526841,-5.809066782149242e-05,-3.536371319175953e-05,0.3284287024019965,0.0125332985568328,0.0224265350585804,0.23,0.0,0.0,0.0,0.0,0.0,44.65,0.0,0.06,0.0,0.0,0.0
ymlfiles\Case_452_H2_T9p5_dir90_heaveDOFbest_pitchDOFbest_rollDOFbest.yml,2,9.5,7.3643,90,DOFbest,DOFbest,DOFbest,3.3,2.4,233,304.5,248,640,0.4487983524851568,0.8356418136576047,1.7125380440215012,-0.1282504905749875,0.6310055318914024,-0.0305982202488572,1.5684763097741157,3.810931597235334,6.441683359061475,-0.0039640563946309,-5.647083649106063e-05,-3.4996871480313615e-05,0.325711020810735,0.0121367930214219,0.0217016784274413,0.21,0.0,0.0,0.0,0.0,0.0,44.28,0.0,0.04,0.0,0.0,0.0
ymlfiles\Case_453_H2_T9p5_dir135_heavelow_pitchlow_rolllow.yml,2,9.5,7.3643,135,low,low,low,1.0,1.0,100,300.0,150,200,0.4532220527960173,1.2156725933756554,1.120983855585344,-0.1540697594795011,0.6733404667133511,0.0250730908378067,1.5597585194649644,5.284407584300565,4.259074137891391,-0.0024659614920893,-6.768809377922875e-05,-2.43114225824385e-05,0.3273530002308879,0.0166606350839087,0.0139554759029655,0.23,0.0,0.0,0.0,0.0,0.0,44.5,0.0,0.0,0.0,0.0,0.0
ymlfiles\Case_454_H2_T9p5_dir135_heavelinhigh_pitchlinhigh_rolllinhigh.yml,2,9.5,7.3643,135,linhigh,linhigh,linhigh,6.5,1.0,300,300.0,325,200,0.443179001214101,1.1589184630400793,1.0458946677364047,-0.1543929963941639,0.6746823511355267,0.0234500477782598,1.5207169888195473,5.069098361763312,3.974278184603448,-0.0022982309486166,-6.565054341191902e-05,-1.918006694709801e-05,0.3179639574218272,0.0158350902278173,0.0130062745305269,0.17,0.0,0.0,0.0,0.0,0.0,43.17,0.0,0.0,0.0,0.0,0.0
ymlfiles\Case_455_H2_T9p5_dir135_heavequadhigh_pitchquadhigh_rollquadhigh.yml,2,9.5,7.3643,135,quadhigh,quadhigh,quadhigh,1.0,4.0,100,1300.0,150,1300,0.4507385147664808,1.2065959521224752,1.1117901746369778,-0.1542698872935496,0.6736464256874201,0.024425262099816,1.5499796336544442,5.250046409908223,4.223701406945659,-0.0024494229951159,-6.733826271578283e-05,-2.345957711515164e-05,0.3250241924339264,0.0165262167047206,0.0138428483597818,0.21,0.0,0.0,0.0,0.0,0.0,44.18,0.0,0.0,0.0,0.0,0.0
ymlfiles\Case_456_H2_T9p5_dir135_heaveDOFbest_pitchDOFbest_rollDOFbest.yml,2,9.5,7.3643,135,DOFbest,DOFbest,DOFbest,3.3,2.4,233,304.5,248,640,0.4479063189556859,1.1789897899294175,1.0699499488292896,-0.1542661099905565,0.6741214274651945,0.0240632575129448,1.538992673503638,5.144879143454783,4.06553335219203,-0.0023498805795445,-6.646804118372238e-05,-2.1066310237726653e-05,0.322355519512471,0.0161280386592187,0.0133066608231546,0.19,0.0,0.0,0.0,0.0,0.0,43.8,0.0,0.0,0.0,0.0,0.0
ymlfiles\Case_457_H2_T9p5_dir180_heavelow_pitchlow_rolllow.yml,2,9.5,7.3643,180,low,low,low,1.0,1.0,100,300.0,150,200,0.478227809656978,2.641539746116279,0.0002968977847517,-0.1561007779024338,0.6337270450870781,-0.0023500628970676,1.6533705071182816,10.676253672831264,-0.0012204255603664,-0.0032943641059694,3.060137316518209e-06,7.460283626660412e-08,0.3504270395924203,0.0376212700497699,4.209648499174153e-06,0.43,0.0,0.0,0.0,0.0,0.0,47.56,0.22,0.0,0.01,0.0,0.0
ymlfiles\Case_458_H2_T9p5_dir180_heavelinhigh_pitchlinhigh_rolllinhigh.yml,2,9.5,7.3643,180,linhigh,linhigh,linhigh,6.5,1.0,300,300.0,325,200,0.4670449892029283,2.505654458737713,0.0002808334499615,-0.155923065771585,0.6378680974401447,-0.0023509639081344,1.6106575143794313,10.165226421489493,-0.0012829794958152,-0.0030358944485014,2.737703460827669e-06,6.960518666199207e-08,0.3397387564167643,0.0357320307849623,3.941830632666498e-06,0.32,0.0,0.0,0.0,0.0,0.0,46.18,0.12,0.0,0.01,0.0,0.0
ymlfiles\Case_459_H2_T9p5_dir180_heavequadhigh_pitchquadhigh_rollquadhigh.yml,2,9.5,7.3643,180,quadhigh,quadhigh,quadhigh,1.0,4.0,100,1300.0,150,1300,0.4753267147709981,2.591137990068732,0.0003191566441835,-0.1560019290816822,0.6353282651520707,-0.0023507214248864,1.6424924788413453,10.48574313401964,-0.0011365730973428,-0.0032023368934354,2.976008527829154e-06,7.223030926777283e-08,0.3475856281720927,0.0369185120371966,4.483637951855407e-06,0.4,0.0,0.0,0.0,0.0,0.0,47.2,0.18,0.0,0.01,0.0,0.0
ymlfiles\Case_460_H2_T9p5_dir180_heaveDOFbest_pitchDOFbest_rollDOFbest.yml,2,9.5,7.3643,180,DOFbest,DOFbest,DOFbest,3.3,2.4,233,304.5,248,640,0.4722590784667919,2.543618276360369,0.0002868955537732,-0.1559205912397393,0.6365758595315645,-0.0023508714575502,1.6308718614407698,10.307313979866814,-0.0012595064002673,-0.0031098842664787,2.83893956055682e-06,7.108788927069258e-08,0.344631735240551,0.0362599366283796,4.043240407616238e-06,0.37,0.0,0.0,0.0,0.0,0.0,46.82,0.15,0.0,0.01,0.0,0.0
ymlfiles\Case_461_H2_T10_dir0_heavelow_pitchlow_rolllow.yml,2,10.0,7.7519,0,low,low,low,1.0,1.0,100,300.0,150,200,0.4334603884209792,1.1971106709774022,0.0003597353543274,-0.1039877901985018,0.5675897522001885,-0.0022968376282162,1.5306181398927048,5.128875614851284,-0.0009296011153293,-0.0052715006212203,3.279956747657549e-06,3.5389548529483766e-08,0.3066385099243427,0.0171130459845634,5.609785889613995e-06,0.11,0.0,0.0,0.0,0.0,0.0,41.49,0.0,0.0,0.0,0.0,0.0
ymlfiles\Case_462_H2_T10_dir0_heavelinhigh_pitchlinhigh_rolllinhigh.yml,2,10.0,7.7519,0,linhigh,linhigh,linhigh,6.5,1.0,300,300.0,325,200,0.4241396955680683,1.1565031900355585,0.0003369640825523,-0.1054621892878856,0.5685814661005516,-0.0023121426101473,1.492886337892983,4.97684771539482,-0.001031718285447,-0.0051289098895411,3.181630630147493e-06,3.812925701539924e-08,0.2979928058144014,0.0166040715286782,5.292127934314504e-06,0.08,0.0,0.0,0.0,0.0,0.0,40.15,0.0,0.0,0.0,0.0,0.0
ymlfiles\Case_463_H2_T10_dir0_heavequadhigh_pitchquadhigh_rollquadhigh.yml,2,10.0,7.7519,0,quadhigh,quadhigh,quadhigh,1.0,4.0,100,1300.0,150,1300,0.4313957787214636,1.1905883473142802,0.000378508206688,-0.1045840335654618,0.5682392349204909,-0.00229996665416,1.5221426237011242,5.104673441465352,-0.0008616065431981,-0.0052500281824498,3.2636921195614423e-06,3.4771815532822984e-08,0.3047203623827829,0.0170333005528398,5.946242556431222e-06,0.1,0.0,0.0,0.0,0.0,0.0,41.2,0.0,0.0,0.0,0.0,0.0
ymlfiles\Case_464_H2_T10_dir0_heaveDOFbest_pitchDOFbest_rollDOFbest.yml,2,10.0,7.7519,0,DOFbest,DOFbest,DOFbest,3.3,2.4,233,304.5,248,640,0.428576219314148,1.170821792026882,0.0003284725655398,-0.1050216130395256,0.5685236195491261,-0.0022938978085822,1.5108868966250937,5.029642392549228,-0.001045109448265,-0.0051765619338684,3.208997837232505e-06,3.4855858106188324e-08,0.3020862614779124,0.0167842578468403,5.174313802085808e-06,0.09,0.0,0.0,0.0,0.0,0.0,40.79,0.0,0.0,0.0,0.0,0.0
ymlfiles\Case_465_H2_T10_dir45_heavelow_pitchlow_rolllow.yml,2,10.0,7.7519,45,low,low,low,1.0,1.0,100,300.0,150,200,0.4669942209200518,1.1162396136299746,1.892360097974312,-0.1157493708150826,0.5869398206921634,-0.0936619162256844,1.6458541209829185,4.819769172563974,7.075057321665866,-0.0037024585204039,-4.80864019724421e-05,-1.47271782655223e-05,0.3343286659692728,0.0149934286491111,0.0249677731092675,0.28,0.0,0.0,0.0,0.0,0.0,45.46,0.0,0.21,0.0,0.0,0.0
ymlfiles\Case_466_H2_T10_dir45_heavelinhigh_pitchlinhigh_rolllinhigh.yml,2,10.0,7.7519,45,linhigh,linhigh,linhigh,6.5,1.0,300,300.0,325,200,0.4571301290478515,1.0546268065252071,1.7783684675422633,-0.1166795594067762,0.588391498019841,-0.0922763798272922,1.6066879120770148,4.587372411839684,6.646050358885898,-0.0033761279849114,-4.93121833234539e-05,-1.6383975086264477e-05,0.3249392669049484,0.014160432718871,0.0234998045012736,0.21,0.0,0.0,0.0,0.0,0.0,44.17,0.0,0.11,0.0,0.0,0.0
ymlfiles\Case_467_H2_T10_dir45_heavequadhigh_pitchquadhigh_rollquadhigh.yml,2,10.0,7.7519,45,quadhigh,quadhigh,quadhigh,1.0,4.0,100,1300.0,150,1300,0.4645227687850645,1.106153482578056,1.868568460345018,-0.1162790799626234,0.5877462767552811,-0.0936460318467542,1.635800824412169,4.782328579299976,6.985322238535463,-0.0036376929254118,-4.836309449681743e-05,-1.4914924585481203e-05,0.3319782919169809,0.0148601887896855,0.0246634557034231,0.26,0.0,0.0,0.0,0.0,0.0,45.14,0.0,0.18,0.0,0.0,0.0
ymlfiles\Case_468_H2_T10_dir45_heaveDOFbest_pitchDOFbest_rollDOFbest.yml,2,10.0,7.7519,45,DOFbest,DOFbest,DOFbest,3.3,2.4,233,304.5,248,640,0.4617804210897364,1.077318902762486,1.8146543698764572,-0.1164069019167095,0.5879148356286622,-0.0927042094393382,1.6251295596071549,4.67315515254419,6.781646874893196,-0.0034866861558322,-4.900927519162637e-05,-1.5838952325410045e-05,0.3293296580366545,0.0144665529504954,0.0239669526426392,0.24,0.0,0.0,0.0,0.0,0.0,44.78,0.0,0.13,0.0,0.0,0.0
ymlfiles\Case_469_H2_T10_dir90_heavelow_pitchlow_rolllow.yml,2,10.0,7.7519,90,low,low,low,1.0,1.0,100,300.0,150,200,0.4546168322850419,0.8084084836156638,1.6836411638134423,-0.1206036674350354,0.6202213922016531,-0.0373717803442488,1.593521752205556,3.697013413759484,6.317939720207913,-0.0044137442702255,-6.180150163627488e-05,-3.766891368334757e-05,0.3204070559328835,0.0117090069586648,0.0209680363879319,0.18,0.0,0.0,0.0,0.0,0.0,43.52,0.0,0.02,0.0,0.0,0.0
ymlfiles\Case_470_H2_T10_dir90_heavelinhigh_pitchlinhigh_rolllinhigh.yml,2,10.0,7.7519,90,linhigh,linhigh,linhigh,6.5,1.0,300,300.0,325,200,0.4451016897704469,0.7513644410935493,1.58487230721676,-0.1217754414816209,0.6212032782466324,-0.0391726300624528,1.5557598230166956,3.480461995598618,5.944662865227319,-0.0040648662517128,-5.806229493314781e-05,-3.6058050215373085e-05,0.3114416153287807,0.0109238122003727,0.0197001465570696,0.13,0.0,0.0,0.0,0.0,0.0,42.21,0.0,0.01,0.0,0.0,0.0
ymlfiles\Case_471_H2_T10_dir90_heavequadhigh_pitchquadhigh_rollquadhigh.yml,2,10.0,7.7519,90,quadhigh,quadhigh,quadhigh,1.0,4.0,100,1300.0,150,1300,0.4523015658740836,0.8005676305803102,1.6657971102502802,-0.1210202465531667,0.6204754891457519,-0.038121163779538,1.5842771287070945,3.667425327512377,6.249477878732846,-0.0043539777604368,-6.096957357518627e-05,-3.741474379780101e-05,0.318233884949402,0.0116020378025422,0.0207416579236299,0.17,0.0,0.0,0.0,0.0,0.0,43.21,0.0,0.02,0.0,0.0,0.0
ymlfiles\Case_472_H2_T10_dir90_heaveDOFbest_pitchDOFbest_rollDOFbest.yml,2,10.0,7.7519,90,DOFbest,DOFbest,DOFbest,3.3,2.4,233,304.5,248,640,0.4495922927495201,0.7732407787288093,1.6164646191964165,-0.1213036828555429,0.6207828815448256,-0.0382692728182377,1.5735484879297077,3.563727082346959,6.064157629316841,-0.0041764430551226,-5.943147598706322e-05,-3.670497999941357e-05,0.3156478927269666,0.0112252446806648,0.0201024117542383,0.15,0.0,0.0,0.0,0.0,0.0,42.83,0.0,0.01,0.0,0.0,0.0
ymlfiles\Case_473_H2_T10_dir135_heavelow_pitchlow_rolllow.yml,2,10.0,7.7519,135,low,low,low,1.0,1.0,100,300.0,150,200,0.4553582760639406,1.126338673022329,1.051291532524187,-0.1537441295212789,0.6728705585311341,0.0256614228431635,1.563569923588734,4.946911523847787,3.991087243587095,-0.0026499087776813,-6.661546072540462e-05,-2.327283644931097e-05,0.3183027609162135,0.0153240404048464,0.0128483653406126,0.17,0.0,0.0,0.0,0.0,0.0,43.22,0.0,0.0,0.0,0.0,0.0
ymlfiles\Case_474_H2_T10_dir135_heavelinhigh_pitchlinhigh_rolllinhigh.yml,2,10.0,7.7519,135,linhigh,linhigh,linhigh,6.5,1.0,300,300.0,325,200,0.4460261569991018,1.0742257183331316,0.9865631878464662,-0.1539844906587703,0.6739693969565131,0.0245514162916912,1.5269714927281306,4.748557564537204,3.745180087868037,-0.0024904487318346,-6.522528126385121e-05,-1.8832011701792708e-05,0.3093951946700299,0.0145514416808592,0.0120290172433753,0.12,0.0,0.0,0.0,0.0,0.0,41.91,0.0,0.0,0.0,0.0,0.0
ymlfiles\Case_475_H2_T10_dir135_heavequadhigh_pitchquadhigh_rollquadhigh.yml,2,10.0,7.7519,135,quadhigh,quadhigh,quadhigh,1.0,4.0,100,1300.0,150,1300,0.4531114497141145,1.1185314006360136,1.0435925567450717,-0.1538610813332689,0.6730571146715565,0.0252829977567268,1.554785150402181,4.917031392476672,3.961668617563736,-0.0026349715443284,-6.631538357614659e-05,-2.2549116961601093e-05,0.3161662225112137,0.0152059147874814,0.0127550209529754,0.16,0.0,0.0,0.0,0.0,0.0,42.91,0.0,0.0,0.0,0.0,0.0
ymlfiles\Case_476_H2_T10_dir135_heaveDOFbest_pitchDOFbest_rollDOFbest.yml,2,10.0,7.7519,135,DOFbest,DOFbest,DOFbest,3.3,2.4,233,304.5,248,640,0.4504368625214346,1.0927086553347625,1.0074152819049045,-0.1538869282050952,0.6734996400046319,0.0250966565498185,1.5441838319462524,4.818410964238386,3.824369842323907,-0.002540759718028,-6.586282884087003e-05,-2.043284438913269e-05,0.3135853325276565,0.0148271077743688,0.0122884571677477,0.14,0.0,0.0,0.0,0.0,0.0,42.53,0.0,0.0,0.0,0.0,0.0
ymlfiles\Case_477_H2_T10_dir180_heavelow_pitchlow_rolllow.yml,2,10.0,7.7519,180,low,low,low,1.0,1.0,100,300.0,150,200,0.479061392332046,2.428177855426463,0.000282752143041,-0.1549866805167009,0.6362657323248722,-0.002350994700173,1.6523434551425449,9.876964540101683,-0.0012745880199019,-0.0029238372504359,-3.7313383874547866e-06,6.624557141596437e-08,0.3397787422274496,0.0345440867592679,4.005551328551988e-06,0.32,0.0,0.0,0.0,0.0,0.0,46.19,0.08,0.0,0.01,0.0,0.0
ymlfiles\Case_478_H2_T10_dir180_heavelinhigh_pitchlinhigh_rolllinhigh.yml,2,10.0,7.7519,180,linhigh,linhigh,linhigh,6.5,1.0,300,300.0,325,200,0.4686084864206285,2.3019761140425987,0.0002679444363207,-0.1549885546068892,0.6402367183464299,-0.0023510793649164,1.6120934304530643,9.400227092169374,-0.001331802697579,-0.0027215887170263,-3.598970894540435e-06,6.163489854093564e-08,0.3295894350983549,0.0327704269038771,3.749640700456037e-06,0.24,0.0,0.0,0.0,0.0,0.0,44.81,0.04,0.0,0.0,0.0,0.0
ymlfiles\Case_479_H2_T10_dir180_heavequadhigh_pitchquadhigh_rollquadhigh.yml,2,10.0,7.7519,180,quadhigh,quadhigh,quadhigh,1.0,4.0,100,1300.0,150,1300,0.4764104414234284,2.3848561889971096,0.0002857737814039,-0.1549873110222085,0.6379207310748748,-0.0023509564889323,1.6422366652763531,9.713754156182128,-0.0012633163783529,-0.0028542206922395,-3.6656221192685234e-06,6.4569604530921e-08,0.3371625316599575,0.0339372994634095,4.030780375437806e-06,0.3,0.0,0.0,0.0,0.0,0.0,45.84,0.07,0.0,0.0,0.0,0.0
ymlfiles\Case_480_H2_T10_dir180_heaveDOFbest_pitchDOFbest_rollDOFbest.yml,2,10.0,7.7519,180,DOFbest,DOFbest,DOFbest,3.3,2.4,233,304.5,248,640,0.4734917703827636,2.338664252017386,0.000279394739724,-0.1549455996920223,0.639026214363546,-0.0023552606914057,1.63116572966985,9.539071125452551,-0.0012923205594427,-0.0027813187624536,-3.6329904914673793e-06,6.407119513114346e-08,0.33428285690436,0.0332878155831052,3.9019374621053e-06,0.28,0.0,0.0,0.0,0.0,0.0,45.45,0.05,0.0,0.0,0.0,0.0
ymlfiles\Case_481_H2_T11_dir0_heavelow_pitchlow_rolllow.yml,2,11.0,8.5271,0,low,low,low,1.0,1.0,100,300.0,150,200,0.4425308991497637,1.0963117546859562,0.0003501734572818,-0.1021699414691394,0.5563879890817465,-0.0023058613216953,1.5584819731020332,4.72179536306065,-0.0009749937695526,-0.0050482309141508,1.0833665188400193e-06,3.5935150900914174e-08,0.2931136756295448,0.0150949807271124,5.678769129241002e-06,0.06,0.0,0.0,0.0,0.0,0.0,39.37,0.0,0.0,0.0,0.0,0.0
ymlfiles\Case_482_H2_T11_dir0_heavelinhigh_pitchlinhigh_rolllinhigh.yml,2,11.0,8.5271,0,linhigh,linhigh,linhigh,6.5,1.0,300,300.0,325,200,0.4347352169509081,1.057721480308266,0.0003160141873964,-0.1031927498629942,0.5563746740030832,-0.0023091807184986,1.5268780363033243,4.5775988029834975,-0.0011081994831387,-0.0049318873248844,1.0117548844283435e-06,3.3564400986135474e-08,0.285710877973875,0.0145921376379257,5.166123822814126e-06,0.05,0.0,0.0,0.0,0.0,0.0,38.16,0.0,0.0,0.0,0.0,0.0
ymlfiles\Case_483_H2_T11_dir0_heavequadhigh_pitchquadhigh_rollquadhigh.yml,2,11.0,8.5271,0,quadhigh,quadhigh,quadhigh,1.0,4.0,100,1300.0,150,1300,0.4409044781918824,1.0906261283555083,0.0003515868180514,-0.1026229478251271,0.5568688828149627,-0.0023095170594188,1.551719661903454,4.701724806506348,-0.0009745045652257,-0.0050314202743644,1.0866775000348243e-06,3.598604493227035e-08,0.2915432705492494,0.0150235833536399,5.572969285565733e-06,0.06,0.0,0.0,0.0,0.0,0.0,39.12,0.0,0.0,0.0,0.0,0.0
ymlfiles\Case_484_H2_T11_dir0_heaveDOFbest_pitchDOFbest_rollDOFbest.yml,2,11.0,8.5271,0,DOFbest,DOFbest,DOFbest,3.3,2.4,233,304.5,248,640,0.4384917633426439,1.0716705612503334,0.0003408678186496,-0.1028866354749715,0.556778750576573,-0.0023207972296548,1.541786277254255,4.629389024308689,-0.0010259111162759,-0.0049723443032294,1.025058425479681e-06,3.4594166463578484e-08,0.289247924188257,0.0147747032342856,5.578867275791745e-06,0.05,0.0,0.0,0.0,0.0,0.0,38.74,0.0,0.0,0.0,0.0,0.0
ymlfiles\Case_485_H2_T11_dir45_heavelow_pitchlow_rolllow.yml,2,11.0,8.5271,45,low,low,low,1.0,1.0,100,300.0,150,200,0.4691868117354079,0.9949639502759422,1.6762021981167043,-0.1145234804620942,0.5833212480645125,-0.0969881417149094,1.6469311772559685,4.35140064226879,6.242797381378735,-0.0034905440242771,-6.121323720528135e-05,-1.6926655201191804e-05,0.3146844237280405,0.013212202768004,0.0218034862412488,0.15,0.0,0.0,0.0,0.0,0.0,42.69,0.0,0.04,0.0,0.0,0.0
ymlfiles\Case_486_H2_T11_dir45_heavelinhigh_pitchlinhigh_rolllinhigh.yml,2,11.0,8.5271,45,linhigh,linhigh,linhigh,6.5,1.0,300,300.0,325,200,0.460877867416031,0.939900792563182,1.5801706696323363,-0.1149278652750668,0.5839036074415206,-0.0958269915843578,1.6143648547953104,4.143831682264677,5.881725274662924,-0.0032459908266216,-6.212096299024852e-05,-1.861367321415917e-05,0.3066249344346621,0.012451685844454,0.0205337087399789,0.11,0.0,0.0,0.0,0.0,0.0,41.49,0.0,0.02,0.0,0.0,0.0
ymlfiles\Case_487_H2_T11_dir45_heavequadhigh_pitchquadhigh_rollquadhigh.yml,2,11.0,8.5271,45,quadhigh,quadhigh,quadhigh,1.0,4.0,100,1300.0,150,1300,0.4672475650235196,0.9871836733067464,1.6588379581686663,-0.1147268303859499,0.5836162416206572,-0.0967944158465454,1.6392305302232475,4.322230546842868,6.178001851287864,-0.0034481064957346,-6.136392603212723e-05,-1.7123623387219014e-05,0.3127885400450728,0.0131070856285769,0.0215754508718692,0.14,0.0,0.0,0.0,0.0,0.0,42.41,0.0,0.04,0.0,0.0,0.0
ymlfiles\Case_488_H2_T11_dir45_heaveDOFbest_pitchDOFbest_rollDOFbest.yml,2,11.0,8.5271,45,DOFbest,DOFbest,DOFbest,3.3,2.4,233,304.5,248,640,0.4648427420863469,0.9606264658103624,1.6104939867760797,-0.1147856399291521,0.5837858409072281,-0.0963097207822223,1.629817843286368,4.222408158582211,5.995951175739087,-0.0033307338780639,-6.187369574984333e-05,-1.807024932764011e-05,0.3104322942249409,0.0127369708185656,0.0209349023621327,0.13,0.0,0.0,0.0,0.0,0.0,42.06,0.0,0.02,0.0,0.0,0.0
ymlfiles\Case_489_H2_T11_dir90_heavelow_pitchlow_rolllow.yml,2,11.0,8.5271,90,low,low,low,1.0,1.0,100,300.0,150,200,0.4583290105531929,0.727751061486257,1.5281745340697703,-0.1168126231531492,0.6173807017740864,-0.0380794964683698,1.603023448395881,3.387536049706096,5.722013122144692,-0.0045340850919186,-7.405726891349516e-05,-2.974663453757968e-05,0.3023909166819091,0.0104750390299037,0.0185086983064162,0.09,0.0,0.0,0.0,0.0,0.0,40.84,0.0,0.0,0.0,0.0,0.0
ymlfiles\Case_490_H2_T11_dir90_heavelinhigh_pitchlinhigh_rolllinhigh.yml,2,11.0,8.5271,90,linhigh,linhigh,linhigh,6.5,1.0,300,300.0,325,200,0.4502995204123832,0.6757607596039064,1.4466474375463694,-0.1178329706362048,0.6184101079005413,-0.0392876606503009,1.5703865645468942,3.1901701484000182,5.412559712024005,-0.0042423293350081,-7.041275079546224e-05,-2.884649597205885e-05,0.2947034457713375,0.0097484099552442,0.0174383076207543,0.07,0.0,0.0,0.0,0.0,0.0,39.63,0.0,0.0,0.0,0.0,0.0
ymlfiles\Case_491_H2_T11_dir90_heavequadhigh_pitchquadhigh_rollquadhigh.yml,2,11.0,8.5271,90,quadhigh,quadhigh,quadhigh,1.0,4.0,100,1300.0,150,1300,0.4564887792454409,0.7214924355062183,1.5149368603699347,-0.1171577229591792,0.6176022178495715,-0.0386479343042687,1.5955596169489934,3.3637988186875454,5.671548402918104,-0.0044884496272326,-7.331096948850845e-05,-2.9627358019111305e-05,0.300620568444519,0.0103874628636324,0.0183389445922166,0.09,0.0,0.0,0.0,0.0,0.0,40.56,0.0,0.0,0.0,0.0,0.0
ymlfiles\Case_492_H2_T11_dir90_heaveDOFbest_pitchDOFbest_rollDOFbest.yml,2,11.0,8.5271,90,DOFbest,DOFbest,DOFbest,3.3,2.4,233,304.5,248,640,0.4541333610003444,0.6959838352022465,1.4724337391612934,-0.1174756350153709,0.6179888377932873,-0.0388970994851844,1.5860828240920437,3.26645015151913,5.510128740493326,-0.0043373047636673,-7.177528499215461e-05,-2.9270479010062687e-05,0.2983442316667454,0.0100314711388308,0.0177737748981434,0.08,0.0,0.0,0.0,0.0,0.0,40.21,0.0,0.0,0.0,0.0,0.0
ymlfiles\Case_493_H2_T11_dir135_heavelow_pitchlow_rolllow.yml,2,11.0,8.5271,135,low,low,low,1.0,1.0,100,300.0,150,200,0.4613188374987051,1.0035202449251424,0.9450898598246026,-0.1538185338972926,0.6738767576687449,0.0248661028419267,1.5776938145920012,4.478205451234446,3.587163538378692,-0.0027707562337706,-6.787991715450552e-05,-1.6036583976792542e-05,0.3018128946232355,0.0134791375496884,0.01122820413704,0.09,0.0,0.0,0.0,0.0,0.0,40.75,0.0,0.0,0.0,0.0,0.0
ymlfiles\Case_494_H2_T11_dir135_heavelinhigh_pitchlinhigh_rolllinhigh.yml,2,11.0,8.5271,135,linhigh,linhigh,linhigh,6.5,1.0,300,300.0,325,200,0.4533931193200287,0.9561369863889948,0.8920808063582316,-0.1539224037118197,0.6746573371571236,0.0245036880366303,1.5468872455092226,4.296471061943868,3.3850408360302144,-0.0026318218845792,-6.682730410047091e-05,-1.2857802728796062e-05,0.2940945110102082,0.0127625343401016,0.0105447653335324,0.07,0.0,0.0,0.0,0.0,0.0,39.53,0.0,0.0,0.0,0.0,0.0
ymlfiles\Case_495_H2_T11_dir135_heavequadhigh_pitchquadhigh_rollquadhigh.yml,2,11.0,8.5271,135,quadhigh,quadhigh,quadhigh,1.0,4.0,100,1300.0,150,1300,0.4595191713398098,0.9972758494186688,0.9394161005797896,-0.1538899365944278,0.6740127340933684,0.0246048487330928,1.5706533170327934,4.454669027307025,3.5655163622884283,-0.0027595127735891,-6.762085033894129e-05,-1.5573406882138982e-05,0.3000516929354616,0.0133828988526965,0.0111599829264015,0.09,0.0,0.0,0.0,0.0,0.0,40.47,0.0,0.0,0.0,0.0,0.0
ymlfiles\Case_496_H2_T11_dir135_heaveDOFbest_pitchDOFbest_rollDOFbest.yml,2,11.0,8.5271,135,DOFbest,DOFbest,DOFbest,3.3,2.4,233,304.5,248,640,0.4571776026498989,0.9732734882180843,0.90905682572786,-0.153877809450795,0.6742971647810054,0.0246591480412862,1.5613430891622593,4.362790196180754,3.4497457605563624,-0.0026776933660173,-6.734025386923835e-05,-1.4047505499553794e-05,0.2977548788775394,0.013023662536348,0.0107583239215106,0.08,0.0,0.0,0.0,0.0,0.0,40.11,0.0,0.0,0.0,0.0,0.0
ymlfiles\Case_497_H2_T11_dir180_heavelow_pitchlow_rolllow.yml,2,11.0,8.5271,180,low,low,low,1.0,1.0,100,300.0,150,200,0.4826844509384538,2.1299011013534463,0.0002748502040482,-0.1544988095565923,0.6400022984159826,-0.0023494588809112,1.658741053221255,8.74259520758693,-0.0013037202716728,-0.0025264126002396,-3.632820685745702e-06,5.236759050148652e-08,0.3203835322281795,0.0301447558752084,3.8685136756052415e-06,0.18,0.0,0.0,0.0,0.0,0.0,43.52,0.01,0.0,0.0,0.0,0.0
ymlfiles\Case_498_H2_T11_dir180_heavelinhigh_pitchlinhigh_rolllinhigh.yml,2,11.0,8.5271,180,linhigh,linhigh,linhigh,6.5,1.0,300,300.0,325,200,0.473833599995027,2.014004900107809,0.0002659212492191,-0.1544645203374537,0.6428728254260159,-0.0023517091423867,1.6242085301172648,8.303808162410663,-0.001340852487822,-0.0023648115188493,-3.463113031122972e-06,4.893891525830879e-08,0.3115825674396033,0.0284998600515226,3.7005896419927465e-06,0.13,0.0,0.0,0.0,0.0,0.0,42.23,0.01,0.0,0.0,0.0,0.0
ymlfiles\Case_499_H2_T11_dir180_heavequadhigh_pitchquadhigh_rollquadhigh.yml,2,11.0,8.5271,180,quadhigh,quadhigh,quadhigh,1.0,4.0,100,1300.0,150,1300,0.4805522770586411,2.0951935213678943,0.0002769682554288,-0.1544853961799572,0.6410742118419026,-0.0023495184648063,1.6507424272461404,8.611632168166112,-0.0012955643635593,-0.0024789773602543,-3.5659276124820327e-06,5.1494215374275765e-08,0.3182443382642999,0.0296532315785905,3.884976403063012e-06,0.17,0.0,0.0,0.0,0.0,0.0,43.21,0.01,0.0,0.0,0.0,0.0
ymlfiles\Case_500_H2_T11_dir180_heaveDOFbest_pitchDOFbest_rollDOFbest.yml,2,11.0,8.5271,180,DOFbest,DOFbest,DOFbest,3.3,2.4,233,304.5,248,640,0.4780071290191531,2.049545833911029,0.0002649683983648,-0.1544399315258226,0.6419421348542221,-0.0023493987447104,1.6407868972751949,8.437680013024165,-0.0013415088286171,-0.0024162886811138,-3.508993142072684e-06,5.017058934419601e-08,0.3156808280483182,0.0290057955904687,3.7058040384361913e-06,0.15,0.0,0.0,0.0,0.0,0.0,42.84,0.01,0.0,0.0,0.0,0.0
ymlfiles\Case_501_H2_T12_dir0_heavelow_pitchlow_rolllow.yml,2,12.0,9.3023,0,low,low,low,1.0,1.0,100,300.0,150,200,0.4537079554349424,1.0033565833626017,0.0003762347545216,-0.1035608697328324,0.552752308761537,-0.0023073121080391,1.591823796850471,4.358783281855469,-0.0008767845904264,-0.0045026340682506,1.279771360610145e-06,2.7301135342375377e-08,0.2812329077411327,0.0135116764261998,6.650522844204787e-06,0.04,0.0,0.0,0.0,0.0,0.0,37.4,0.0,0.0,0.0,0.0,0.0
ymlfiles\Case_502_H2_T12_dir0_heavelinhigh_pitchlinhigh_rolllinhigh.yml,2,12.0,9.3023,0,linhigh,linhigh,linhigh,6.5,1.0,300,300.0,325,200,0.4472085172779358,0.9657522707214208,0.0003350557820754,-0.1042381791078551,0.5514973693662595,-0.002310959692134,1.5658542885966114,4.213357179304573,-0.0010361064335359,-0.0044074202259503,1.3243085012536715e-06,2.9439197053205845e-08,0.2748464480840264,0.0130095252518462,6.063220980835658e-06,0.03,0.0,0.0,0.0,0.0,0.0,36.3,0.0,0.0,0.0,0.0,0.0
ymlfiles\Case_503_H2_T12_dir0_heavequadhigh_pitchquadhigh_rollquadhigh.yml,2,12.0,9.3023,0,quadhigh,quadhigh,quadhigh,1.0,4.0,100,1300.0,150,1300,0.4524102590336944,0.9980357600171544,0.000358530207168,-0.1037877537304032,0.5526832183320105,-0.0023065812044293,1.5866351945375965,4.337944911371443,-0.0009426237089828,-0.004489926774741,1.293565234636267e-06,2.9978384242115324e-08,0.2799081112757469,0.0134425738150233,6.297128165861781e-06,0.04,0.0,0.0,0.0,0.0,0.0,37.18,0.0,0.0,0.0,0.0,0.0
ymlfiles\Case_504_H2_T12_dir0_heaveDOFbest_pitchDOFbest_rollDOFbest.yml,2,12.0,9.3023,0,DOFbest,DOFbest,DOFbest,3.3,2.4,233,304.5,248,640,0.4503757677663039,0.9794569170815554,0.0003189198895073,-0.1039598045319462,0.5521457531671149,-0.0023057316717262,1.5785244231675104,4.266359599691499,-0.0010928752072883,-0.0044415073569356,1.3135949855268629e-06,3.269369785571213e-08,0.2779147327885075,0.0131923779122627,5.404477740792077e-06,0.03,0.0,0.0,0.0,0.0,0.0,36.84,0.0,0.0,0.0,0.0,0.0
ymlfiles\Case_505_H2_T12_dir45_heavelow_pitchlow_rolllow.yml,2,12.0,9.3023,45,low,low,low,1.0,1.0,100,300.0,150,200,0.4732603418465573,0.892823291960555,1.5105771435252662,-0.1141579990917951,0.5852986710954611,-0.1023845855440201,1.6551097574647675,3.966461985096365,5.609900493928917,-0.0031099919378213,-6.928296258356244e-05,-1.9537077770647787e-05,0.2971922124957171,0.0117797668469534,0.0193443284786576,0.08,0.0,0.0,0.0,0.0,0.0,40.02,0.0,0.01,0.0,0.0,0.0
ymlfiles\Case_506_H2_T12_dir45_heavelinhigh_pitchlinhigh_rolllinhigh.yml,2,12.0,9.3023,45,linhigh,linhigh,linhigh,6.5,1.0,300,300.0,325,200,0.4663500019183716,0.8425113192851701,1.427725612630179,-0.1142505211210312,0.5849263383402046,-0.1013859339681045,1.6276737544494366,3.7740099522626633,5.297290310822225,-0.0029115830138638,-6.963527455304284e-05,-2.040849572809137e-05,0.290286920794055,0.0110763665699824,0.018226835404943,0.06,0.0,0.0,0.0,0.0,0.0,38.91,0.0,0.0,0.0,0.0,0.0
ymlfiles\Case_507_H2_T12_dir45_heavequadhigh_pitchquadhigh_rollquadhigh.yml,2,12.0,9.3023,45,quadhigh,quadhigh,quadhigh,1.0,4.0,100,1300.0,150,1300,0.4717239687656701,0.8863608708167443,1.4970006595380931,-0.114223275438252,0.5852922980226799,-0.1022490015318534,1.6490675500242722,3.941982122714076,5.558073790757885,-0.0030786687861505,-6.92664118342596e-05,-1.9575781933331145e-05,0.295637610433368,0.0116910537767083,0.0191621042049109,0.07,0.0,0.0,0.0,0.0,0.0,39.78,0.0,0.01,0.0,0.0,0.0
ymlfiles\Case_508_H2_T12_dir45_heaveDOFbest_pitchDOFbest_rollDOFbest.yml,2,12.0,9.3023,45,DOFbest,DOFbest,DOFbest,3.3,2.4,233,304.5,248,640,0.4696737111067149,0.8616963672936679,1.4535427353437689,-0.1142470184306039,0.5851756195288454,-0.1015731964106501,1.6406805138247036,3.847407047311288,5.39442331913534,-0.0029800559230715,-6.955740982147394e-05,-2.013966486484246e-05,0.29356672056528,0.0113441630847162,0.0185765771761623,0.07,0.0,0.0,0.0,0.0,0.0,39.44,0.0,0.0,0.0,0.0,0.0
ymlfiles\Case_509_H2_T12_dir90_heavelow_pitchlow_rolllow.yml,2,12.0,9.3023,90,low,low,low,1.0,1.0,100,300.0,150,200,0.4634000369451764,0.6591367528901659,1.4171923875396324,-0.114197615194838,0.6176074071662608,-0.0407627633611334,1.6168237520078643,3.1235258831035617,5.289594634111503,-0.0043691187050267,-8.59189869620106e-05,-2.755862462841741e-05,0.2865222436519762,0.0093679678284299,0.0167486422220921,0.05,0.0,0.0,0.0,0.0,0.0,38.29,0.0,0.0,0.0,0.0,0.0
ymlfiles\Case_510_H2_T12_dir90_heavelinhigh_pitchlinhigh_rolllinhigh.yml,2,12.0,9.3023,90,linhigh,linhigh,linhigh,6.5,1.0,300,300.0,325,200,0.4566710585689151,0.6132330842925352,1.347072543276299,-0.1148423561671429,0.6178743533442325,-0.0419163072889061,1.590126193159319,2.948684722457543,5.024097570388118,-0.0041137600333751,-8.293109324278605e-05,-2.658165246854598e-05,0.2798892871460625,0.0087147205591807,0.015806245168907,0.04,0.0,0.0,0.0,0.0,0.0,37.17,0.0,0.0,0.0,0.0,0.0
ymlfiles\Case_511_H2_T12_dir90_heavequadhigh_pitchquadhigh_rollquadhigh.yml,2,12.0,9.3023,90,quadhigh,quadhigh,quadhigh,1.0,4.0,100,1300.0,150,1300,0.4619279473350897,0.6541132390306266,1.4065687816144437,-0.1144363230500517,0.6176245086958719,-0.0415433247678686,1.610970563874914,3.104444495374989,5.248856465728432,-0.0043318280007025,-8.527979383377573e-05,-2.7456365891527935e-05,0.2850443852992285,0.0092949448324829,0.0166095205390979,0.05,0.0,0.0,0.0,0.0,0.0,38.05,0.0,0.0,0.0,0.0,0.0
ymlfiles\Case_512_H2_T12_dir90_heaveDOFbest_pitchDOFbest_rollDOFbest.yml,2,12.0,9.3023,90,DOFbest,DOFbest,DOFbest,3.3,2.4,233,304.5,248,640,0.4599088842894848,0.631224642559414,1.3691333213013948,-0.1146513770652239,0.6178314531309992,-0.041572131658893,1.6029834706761985,3.017753848064319,5.10740699401856,-0.0041975501245101,-8.398926471305486e-05,-2.6978690513890263e-05,0.2830409187887404,0.008971143144598,0.0161003795904705,0.04,0.0,0.0,0.0,0.0,0.0,37.71,0.0,0.0,0.0,0.0,0.0
ymlfiles\Case_513_H2_T12_dir135_heavelow_pitchlow_rolllow.yml,2,12.0,9.3023,135,low,low,low,1.0,1.0,100,300.0,150,200,0.4672929861720661,0.8979942692280173,0.8699909197178435,-0.1539509133115656,0.6743019012285594,0.0227754570742427,1.5924295723796096,4.076135272468751,3.29461794258835,-0.0025730530174867,-7.186182090035624e-05,-9.63276512588189e-06,0.2859737837684067,0.0119691588336337,0.010117031133713,0.05,0.0,0.0,0.0,0.0,0.0,38.2,0.0,0.0,0.0,0.0,0.0
ymlfiles\Case_514_H2_T12_dir135_heavelinhigh_pitchlinhigh_rolllinhigh.yml,2,12.0,9.3023,135,linhigh,linhigh,linhigh,6.5,1.0,300,300.0,325,200,0.4606744082239593,0.8545625663705877,0.8250441316494608,-0.1541952864180303,0.6752992061514368,0.0229340540543922,1.566529344263614,3.9103404337782135,3.1248075828104085,-0.0024503002373265,-7.141494378569438e-05,-6.832427910516904e-06,0.2793637153224784,0.0113075560248504,0.0095265574379874,0.03,0.0,0.0,0.0,0.0,0.0,37.08,0.0,0.0,0.0,0.0,0.0
ymlfiles\Case_515_H2_T12_dir135_heavequadhigh_pitchquadhigh_rollquadhigh.yml,2,12.0,9.3023,135,quadhigh,quadhigh,quadhigh,1.0,4.0,100,1300.0,150,1300,0.4658514720635886,0.8928269748379033,0.8655954213069917,-0.1540607827804841,0.6745213948216875,0.0227862746319897,1.5865850207490708,4.056056694094462,3.278098267563142,-0.0025637622446855,-7.166175223334695e-05,-9.294885464245416e-06,0.2845134074487836,0.0118888857136196,0.010064548427552,0.04,0.0,0.0,0.0,0.0,0.0,37.96,0.0,0.0,0.0,0.0,0.0
ymlfiles\Case_516_H2_T12_dir135_heaveDOFbest_pitchDOFbest_rollDOFbest.yml,2,12.0,9.3023,135,DOFbest,DOFbest,DOFbest,3.3,2.4,233,304.5,248,640,0.4638607589440169,0.8704983177120792,0.8391816300418705,-0.1541078967307352,0.674918107166189,0.0228380410434304,1.5788661462281162,3.971000338591977,3.1786239653862487,-0.0024909417937842,-7.170264421260064e-05,-7.885543858919627e-06,0.282515792243599,0.0115522036268893,0.009707320340728,0.04,0.0,0.0,0.0,0.0,0.0,37.62,0.0,0.0,0.0,0.0,0.0
ymlfiles\Case_517_H2_T12_dir180_heavelow_pitchlow_rolllow.yml,2,12.0,9.3023,180,low,low,low,1.0,1.0,100,300.0,150,200,0.4872647783223945,1.8868375314919648,0.0002674957229576,-0.153834687372931,0.6394274016506276,-0.0023472690502623,1.668505726337005,7.811079495612381,-0.0013296875884503,-0.0020268901931709,-8.074478772870323e-07,4.031584439394336e-08,0.3024801359473176,0.0265636852650762,3.747720983623014e-06,0.09,0.0,0.0,0.0,0.0,0.0,40.85,0.0,0.0,0.0,0.0,0.0
ymlfiles\Case_518_H2_T12_dir180_heavelinhigh_pitchlinhigh_rolllinhigh.yml,2,12.0,9.3023,180,linhigh,linhigh,linhigh,6.5,1.0,300,300.0,325,200,0.4799480033142478,1.7816448581184638,0.0002556490988799,-0.1538574713955064,0.6419886292116597,-0.0023474729450971,1.639934392859263,7.4148407384241874,-0.0013755903273556,-0.0018972860794796,-8.772220723925643e-07,3.717468775009272e-08,0.2949529476147736,0.0250655770225217,3.55148298225342e-06,0.07,0.0,0.0,0.0,0.0,0.0,39.67,0.0,0.0,0.0,0.0,0.0
ymlfiles\Case_519_H2_T12_dir180_heavequadhigh_pitchquadhigh_rollquadhigh.yml,2,12.0,9.3023,180,quadhigh,quadhigh,quadhigh,1.0,4.0,100,1300.0,150,1300,0.4855734821734832,1.858515877949504,0.0002687243586009,-0.1538260564442772,0.640247602569561,-0.0023478132183279,1.6620697309123993,7.703895302839216,-0.0013256088493271,-0.0019925472749341,-8.462887889099045e-07,3.947148807835992e-08,0.3007302608906601,0.0261604542505219,3.751527717218867e-06,0.09,0.0,0.0,0.0,0.0,0.0,40.58,0.0,0.0,0.0,0.0,0.0
ymlfiles\Case_520_H2_T12_dir180_heaveDOFbest_pitchDOFbest_rollDOFbest.yml,2,12.0,9.3023,180,DOFbest,DOFbest,DOFbest,3.3,2.4,233,304.5,248,640,0.483425701024744,1.8149918429756269,0.0002580633960719,-0.1538175576739712,0.6410928416097705,-0.002347899414282,1.6539273156054932,7.54071218824145,-0.0013662973972686,-0.0019400520816666,-8.6972815129035e-07,3.811964393138657e-08,0.2984880075652538,0.025541568937223,3.6014677436680555e-06,0.08,0.0,0.0,0.0,0.0,0.0,40.23,0.0,0.0,0.0,0.0,0.0
ymlfiles\Case_521_H4_T7_dir0_heavelow_pitchlow_rolllow.yml,4,7.0,5.4264,0,low,low,low,1.0,1.0,100,300.0,150,200,0.534929414358558,1.8232263989517288,0.00038748541082,-0.0144011197842619,0.2944436300634435,-0.0023404027092871,2.0346008033172267,7.413698247207876,-0.0008533205762961,-0.0014202557520761,-1.5805912020157413e-07,2.8115219592902944e-08,0.4761015341012001,0.037481648134107,7.0297831991435295e-06,3.57,0.0,0.0,0.0,0.0,0.0,59.95,0.21,0.0,0.39,0.0,0.0
ymlfiles\Case_522_H4_T7_dir0_heavelinhigh_pitchlinhigh_rolllinhigh.yml,4,7.0,5.4264,0,linhigh,linhigh,linhigh,6.5,1.0,300,300.0,325,200,0.5152154803633573,1.7685931966298338,0.0003664046588288,-0.0173207193342947,0.303946732183962,-0.0023347053711595,1.955731955566116,7.215373328810694,-0.0009261281957002,-0.0015909196409966,-1.358506755886748e-07,2.6640253289435155e-08,0.4573771167934409,0.0368991142903276,6.727031468704215e-06,2.88,0.0,0.0,0.0,0.0,0.0,58.47,0.18,0.0,0.26,0.0,0.0
ymlfiles\Case_523_H4_T7_dir0_heavequadhigh_pitchquadhigh_rollquadhigh.yml,4,7.0,5.4264,0,quadhigh,quadhigh,quadhigh,1.0,4.0,100,1300.0,150,1300,0.5282675209976295,1.8019035827110288,0.0003801310421874,-0.0157512956832425,0.2991597848413931,-0.0023361936973735,2.007642871721804,7.337404690035343,-0.0008762706598813,-0.0014931781696986,-1.841215647601525e-07,2.744556509532485e-08,0.469796793602304,0.0372626249941216,7.359448052543367e-06,3.33,0.0,0.0,0.0,0.0,0.0,59.46,0.2,0.0,0.34,0.0,0.0
ymlfiles\Case_524_H4_T7_dir0_heaveDOFbest_pitchDOFbest_rollDOFbest.yml,4,7.0,5.4264,0,DOFbest,DOFbest,DOFbest,3.3,2.4,233,304.5,248,640,0.5234973728960293,1.7838621803965826,0.000374850383188,-0.0162180811063009,0.3006277558394318,-0.0023469225841763,1.988818595241302,7.269734201209568,-0.000906791789279,-0.0015309963443725,-1.5227275457657973e-07,3.25985155506608e-08,0.4652331989251351,0.0370604108586834,7.158871675045597e-06,3.16,0.0,0.0,0.0,0.0,0.0,59.1,0.18,0.0,0.31,0.0,0.0
ymlfiles\Case_525_H4_T7_dir45_heavelow_pitchlow_rolllow.yml,4,7.0,5.4264,45,low,low,low,1.0,1.0,100,300.0,150,200,0.6309360140340021,2.285358545887379,3.8155517574266735,-0.0313704028234065,0.3546228283581094,0.0988063157224382,2.3877180324823057,9.120369397094883,14.742653774999308,0.0129085007557268,0.0004692637722165,0.0002946314424624,0.5666699171239933,0.0369286680228763,0.0612433162062336,7.76,0.0,0.0,0.0,0.0,0.0,65.91,0.18,20.91,1.52,0.0,0.0
ymlfiles\Case_526_H4_T7_dir45_heavelinhigh_pitchlinhigh_rolllinhigh.yml,4,7.0,5.4264,45,linhigh,linhigh,linhigh,6.5,1.0,300,300.0,325,200,0.6099631521824639,2.176730577512145,3.6278428933946048,-0.0370414169789445,0.3758770778029409,0.0783185282604843,2.300916998946361,8.727143077410936,14.011870057268869,0.0123971332224303,0.0004414325214009,0.0002815737565533,0.5470513287599726,0.0354180306490237,0.0585941931753895,6.76,0.0,0.0,0.0,0.0,0.0,64.77,0.11,18.92,1.2,0.0,0.0
ymlfiles\Case_527_H4_T7_dir45_heavequadhigh_pitchquadhigh_rollquadhigh.yml,4,7.0,5.4264,45,quadhigh,quadhigh,quadhigh,1.0,4.0,100,1300.0,150,1300,0.6225976618971572,2.24489040258688,3.7249981500891054,-0.034724124669681,0.3658856102924862,0.0886555700140004,2.3521851523423885,8.977160522174238,14.387419367766984,0.0126919098680197,0.0004555444246619,0.000289098045597,0.5589520451046023,0.0363622940483909,0.0599628314984572,7.36,0.0,0.0,0.0,0.0,0.0,65.47,0.15,19.95,1.39,0.0,0.0
ymlfiles\Case_528_H4_T7_dir45_heaveDOFbest_pitchDOFbest_rollDOFbest.yml,4,7.0,5.4264,45,DOFbest,DOFbest,DOFbest,3.3,2.4,233,304.5,248,640,0.6184239347532118,2.2078218152026965,3.689053480897386,-0.0351421880661792,0.3687439886816992,0.085144462267904,2.3354541633506773,8.8381935034779,14.250170899212629,0.0125497871848306,0.0004504244742652,0.0002853584917627,0.5550013935993524,0.0358510068011047,0.0594600340403037,7.16,0.0,0.0,0.0,0.0,0.0,65.24,0.13,19.58,1.32,0.0,0.0
ymlfiles\Case_529_H4_T7_dir90_heavelow_pitchlow_rolllow.yml,4,7.0,5.4264,90,low,low,low,1.0,1.0,100,300.0,150,200,0.5823824164473221,1.8208450025445055,2.8713961275416544,-0.0784298307930184,0.4333076651148189,-0.0415090194247713,2.1531275223961632,7.43407214097856,10.933640252478046,0.0069996010351189,-0.0002324939496593,-0.0002757839999537,0.5160478589890597,0.0302110737832062,0.0436419016300332,5.26,0.0,0.0,0.0,0.0,0.0,62.81,0.01,7.8,0.77,0.0,0.0
ymlfiles\Case_530_H4_T7_dir90_heavelinhigh_pitchlinhigh_rolllinhigh.yml,4,7.0,5.4264,90,linhigh,linhigh,linhigh,6.5,1.0,300,300.0,325,200,0.5624363025887061,1.7502999938664077,2.711477650457849,-0.0816805770288235,0.4471768878552858,-0.0499443953649594,2.07249258409406,7.178673265028191,10.317290045585915,0.0066943966126475,-0.0002219734772268,-0.0002621393127272,0.4973748021429655,0.0292315325448416,0.0413975342999774,4.44,0.0,0.0,0.0,0.0,0.0,61.52,0.01,6.31,0.57,0.0,0.0
ymlfiles\Case_531_H4_T7_dir90_heavequadhigh_pitchquadhigh_rollquadhigh.yml,4,7.0,5.4264,90,quadhigh,quadhigh,quadhigh,1.0,4.0,100,1300.0,150,1300,0.5749979380746617,1.8009794198452385,2.813560171592321,-0.08008083785561,0.4383790120926533,-0.0454144062364767,2.122986102804066,7.363053571512149,10.709167129033911,0.0068924420584732,-0.0002288713832987,-0.0002716523565404,0.5092061994943498,0.0299412138675006,0.0428254886181599,4.95,0.0,0.0,0.0,0.0,0.0,62.35,0.01,7.25,0.69,0.0,0.0
ymlfiles\Case_532_H4_T7_dir90_heaveDOFbest_pitchDOFbest_rollDOFbest.yml,4,7.0,5.4264,90,DOFbest,DOFbest,DOFbest,3.3,2.4,233,304.5,248,640,0.5707101078474555,1.7730787750959434,2.7634553483465485,-0.0806495271505593,0.4422359439683521,-0.0473643037736354,2.105892115444359,7.259918326990667,10.518120991507828,0.0067933417727083,-0.0002254635398812,-0.0002665785671604,0.5051491669255387,0.0295453479908845,0.0421300365339549,4.77,0.0,0.0,0.0,0.0,0.0,62.07,0.01,6.79,0.65,0.0,0.0
ymlfiles\Case_533_H4_T7_dir135_heavelow_pitchlow_rolllow.yml,4,7.0,5.4264,135,low,low,low,1.0,1.0,100,300.0,150,200,0.5852503016087006,2.2532671402332447,1.6826956623720348,-0.0864364158708906,0.6220904300292825,0.0243952004828246,2.156801702001977,9.26546430744512,6.452169411787094,0.0054132432408532,-0.0002028308696703,0.0002294296962045,0.5166845636909375,0.0360086159294791,0.0253730500197732,5.29,0.0,0.0,0.0,0.0,0.0,62.85,0.14,0.24,0.78,0.0,0.0
ymlfiles\Case_534_H4_T7_dir135_heavelinhigh_pitchlinhigh_rolllinhigh.yml,4,7.0,5.4264,135,linhigh,linhigh,linhigh,6.5,1.0,300,300.0,325,200,0.5628912711117369,2.142346302904666,1.592681701633938,-0.0934033253526173,0.6285203757990073,0.0113011423953794,2.063373079372039,8.848543842144862,6.097211370398355,0.0051982717295442,-0.000196814732563,0.0002235854538057,0.4952649147380056,0.034449633916676,0.0241243659390294,4.35,0.0,0.0,0.0,0.0,0.0,61.37,0.08,0.14,0.55,0.0,0.0
ymlfiles\Case_535_H4_T7_dir135_heavequadhigh_pitchquadhigh_rollquadhigh.yml,4,7.0,5.4264,135,quadhigh,quadhigh,quadhigh,1.0,4.0,100,1300.0,150,1300,0.5767662622670229,2.212296290343143,1.6650685823231872,-0.0895964189683578,0.6247989434232445,0.0190202098782032,2.120831024226346,9.112492396812636,6.379755878296331,0.005367547823418,-0.0002021444764411,0.0002266821568903,0.5085915558993299,0.0354332177146456,0.0251220746339336,4.93,0.0,0.0,0.0,0.0,0.0,62.3,0.11,0.22,0.69,0.0,0.0
ymlfiles\Case_536_H4_T7_dir135_heaveDOFbest_pitchDOFbest_rollDOFbest.yml,4,7.0,5.4264,135,DOFbest,DOFbest,DOFbest,3.3,2.4,233,304.5,248,640,0.5718335847411204,2.1742483349799,1.6212425695859989,-0.0909590952370888,0.626245916715118,0.0153321142082626,2.1004675656581613,8.969035230005293,6.21037832224527,0.0052640760845813,-0.0001987609392476,0.0002252216122757,0.503839750543914,0.0348997920577182,0.024521255875034,4.72,0.0,0.0,0.0,0.0,0.0,61.98,0.09,0.17,0.64,0.0,0.0
ymlfiles\Case_537_H4_T7_dir180_heavelow_pitchlow_rolllow.yml,4,7.0,5.4264,180,low,low,low,1.0,1.0,100,300.0,150,200,0.6591602549562757,5.518770023941381,0.0004811547944345,-0.0909669669196303,0.7385334137369333,-0.0023821671155614,2.4372214453385146,21.95255858296928,-0.0005371874916587,0.0148107626509267,1.1022719461758336e-05,2.7702079747791143e-08,0.5948641711131093,0.0909765336115436,7.81355479977162e-06,9.28,0.0,0.0,0.0,0.0,0.0,67.43,20.47,0.0,2.08,0.0,0.0
ymlfiles\Case_538_H4_T7_dir180_heavelinhigh_pitchlinhigh_rolllinhigh.yml,4,7.0,5.4264,180,linhigh,linhigh,linhigh,6.5,1.0,300,300.0,325,200,0.6359373868940376,5.304086364637533,0.0004357535022139,-0.1058821109564829,0.7374975412410283,-0.0024045334054761,2.3329142844235013,21.14074395103534,-0.0007337214663957,0.014110302255705,1.1255232940371903e-05,3.5912602768161836e-08,0.5727671838333073,0.0880780593917262,7.145039252344772e-06,8.08,0.0,0.0,0.0,0.0,0.0,66.25,19.02,0.0,1.64,0.0,0.0
ymlfiles\Case_539_H4_T7_dir180_heavequadhigh_pitchquadhigh_rollquadhigh.yml,4,7.0,5.4264,180,quadhigh,quadhigh,quadhigh,1.0,4.0,100,1300.0,150,1300,0.6494098450150302,5.331769429605269,0.0005517431731307,-0.1020546135815409,0.741359825920784,-0.0024055404559838,2.3885166053737823,21.245992063076145,-0.0002902664348071,0.0141670924222789,1.1227639802269124e-05,3.7882534228230334e-08,0.5852023858525851,0.0884368426011075,9.395968686646929e-06,8.75,0.0,0.0,0.0,0.0,0.0,66.92,19.2,0.0,1.88,0.0,0.0
ymlfiles\Case_540_H4_T7_dir180_heaveDOFbest_pitchDOFbest_rollDOFbest.yml,4,7.0,5.4264,180,DOFbest,DOFbest,DOFbest,3.3,2.4,233,304.5,248,640,0.6449328896571102,5.323099357763621,0.0004331849267786,-0.1029328251754662,0.7395496722951829,-0.0023889437477704,2.3704686877019867,21.21168947336501,-0.0007276180987235,0.0141632886785998,1.1228724713951492e-05,3.964795918813781e-08,0.5810862681696971,0.0883235377201466,7.3326257167061455e-06,8.53,0.0,0.0,0.0,0.0,0.0,66.7,19.14,0.0,1.8,0.0,0.0
ymlfiles\Case_541_H4_T8_dir0_heavelow_pitchlow_rolllow.yml,4,8.0,6.2016,0,low,low,low,1.0,1.0,100,300.0,150,200,0.6403498887556062,2.360040670213248,0.0005157086722302,-0.0132910916405377,0.2970248838899116,-0.002328677347675,2.423890843455541,9.380241846143935,-0.0003571684851975,-0.0020113782396453,5.221566224601392e-06,6.229206811590891e-08,0.5199335879366659,0.0384527221219592,9.26004584328148e-06,5.44,0.0,0.0,0.0,0.0,0.0,63.06,0.27,0.0,0.82,0.0,0.0
ymlfiles\Case_542_H4_T8_dir0_heavelinhigh_pitchlinhigh_rolllinhigh.yml,4,8.0,6.2016,0,linhigh,linhigh,linhigh,6.5,1.0,300,300.0,325,200,0.6223921849664116,2.271179055078741,0.0005396478662938,-0.0145996892837698,0.3046257104089645,-0.0023291838226391,2.3531777810776613,9.054374085044335,-0.0002644579079503,-0.0019107043884272,5.122337949235879e-06,5.81947871123127e-08,0.5038270321381908,0.0374188442069728,1.0938670001742015e-05,4.72,0.0,0.0,0.0,0.0,0.0,61.98,0.2,0.0,0.64,0.0,0.0
ymlfiles\Case_543_H4_T8_dir0_heavequadhigh_pitchquadhigh_rollquadhigh.yml,4,8.0,6.2016,0,quadhigh,quadhigh,quadhigh,1.0,4.0,100,1300.0,150,1300,0.6338818368129958,2.324776422630946,0.0006155255229966,-0.013926947401146,0.3007780102035872,-0.0023280560697514,2.3985182148936595,9.250103427485003,2.3198505746778102e-05,-0.0019736608577885,5.149798704546946e-06,5.7971776535274324e-08,0.5141298061643657,0.0380443808430745,1.136837876072151e-05,5.18,0.0,0.0,0.0,0.0,0.0,62.68,0.24,0.0,0.75,0.0,0.0
ymlfiles\Case_544_H4_T8_dir0_heaveDOFbest_pitchDOFbest_rollDOFbest.yml,4,8.0,6.2016,0,DOFbest,DOFbest,DOFbest,3.3,2.4,233,304.5,248,640,0.629774992388714,2.295306333439945,0.0005110311855543,-0.014092432445785,0.3021285610109741,-0.0023212365465031,2.3824855328262053,9.141607467586915,-0.0003659087961349,-0.0019311472821919,5.124967324873826e-06,5.1589746330230266e-08,0.5104023127075827,0.0376996071460499,9.409456189542765e-06,5.01,0.0,0.0,0.0,0.0,0.0,62.43,0.22,0.0,0.71,0.0,0.0
ymlfiles\Case_545_H4_T8_dir45_heavelow_pitchlow_rolllow.yml,4,8.0,6.2016,45,low,low,low,1.0,1.0,100,300.0,150,200,0.7371757595554193,2.7378520733904725,4.447033710001639,-0.0298327339358304,0.3360506224805454,0.0301173516927263,2.7776634930880704,10.75584435365539,16.975597991188657,0.0063040288695157,0.0001487712457375,6.474546239751522e-05,0.6062235335261089,0.039790285471181,0.0644705714534159,9.9,0.0,0.0,0.0,0.0,0.0,68.01,0.37,23.28,2.33,0.0,0.0
ymlfiles\Case_546_H4_T8_dir45_heavelinhigh_pitchlinhigh_rolllinhigh.yml,4,8.0,6.2016,45,linhigh,linhigh,linhigh,6.5,1.0,300,300.0,325,200,0.7181762306796824,2.6128485159019554,4.204542540275723,-0.0337921318103253,0.3544966012334869,0.0098415083172445,2.701077675445468,10.305396715751248,16.03904227839556,0.0064109147662668,0.0001367180493212,6.063014064855598e-05,0.589028294683234,0.0380802653050808,0.0612273790491107,8.96,0.0,0.0,0.0,0.0,0.0,67.13,0.24,20.9,1.96,0.0,0.0
ymlfiles\Case_547_H4_T8_dir45_heavequadhigh_pitchquadhigh_rollquadhigh.yml,4,8.0,6.2016,45,quadhigh,quadhigh,quadhigh,1.0,4.0,100,1300.0,150,1300,0.7290844602384613,2.6922409930729554,4.324795015932311,-0.0323087613648053,0.3458004993133479,0.0188938416604554,2.744372165495427,10.593524765743274,16.500178539619913,0.0063701694466292,0.0001427865796313,6.286574398324231e-05,0.5988953249841744,0.0391582332934714,0.062834417923276,9.5,0.0,0.0,0.0,0.0,0.0,67.64,0.32,22.09,2.17,0.0,0.0
ymlfiles\Case_548_H4_T8_dir45_heaveDOFbest_pitchDOFbest_rollDOFbest.yml,4,8.0,6.2016,45,DOFbest,DOFbest,DOFbest,3.3,2.4,233,304.5,248,640,0.7255831341112792,2.6476811113669685,4.283318489491589,-0.0323578989298869,0.3478602482067157,0.016948648997955,2.730853234879402,10.429937663390334,16.343325888807954,0.0063780396197089,0.0001406408713671,6.207458917555828e-05,0.5956854325651089,0.0385552621409764,0.0622829295883716,9.32,0.0,0.0,0.0,0.0,0.0,67.47,0.28,21.68,2.1,0.0,0.0
ymlfiles\Case_549_H4_T8_dir90_heavelow_pitchlow_rolllow.yml,4,8.0,6.2016,90,low,low,low,1.0,1.0,100,300.0,150,200,0.6981494524254338,1.8487018008319556,3.784717520961637,-0.056172309667474,0.4501373817540318,-0.0049658410240755,2.6015235075900205,7.517975712877874,14.365732298338791,0.0029886557079241,-0.0001486349344286,-0.0001700993762689,0.5660814904080915,0.0283378278391094,0.052377238422358,7.73,0.0,0.0,0.0,0.0,0.0,65.88,0.0,14.19,1.51,0.0,0.0
ymlfiles\Case_550_H4_T8_dir90_heavelinhigh_pitchlinhigh_rolllinhigh.yml,4,8.0,6.2016,90,linhigh,linhigh,linhigh,6.5,1.0,300,300.0,325,200,0.6794495410574892,1.7530374957513406,3.576773777709792,-0.0592679463975411,0.4600712407463311,-0.0192587617896666,2.526344086935598,7.164625177226506,13.568127739889093,0.0031384008153663,-0.0001461180851965,-0.0001636048883068,0.5493228161850015,0.0270691342067306,0.0495792042043939,6.87,0.0,0.0,0.0,0.0,0.0,64.9,0.0,12.08,1.23,0.0,0.0
ymlfiles\Case_551_H4_T8_dir90_heavequadhigh_pitchquadhigh_rollquadhigh.yml,4,8.0,6.2016,90,quadhigh,quadhigh,quadhigh,1.0,4.0,100,1300.0,150,1300,0.6905625832505842,1.8220623633885025,3.698918595960335,-0.0582412854718108,0.4547350516287327,-0.0131381592240224,2.570443519300212,7.421366020839057,14.03177861203234,0.0030435249142529,-0.0001483323423687,-0.0001684623637887,0.559344581378273,0.0279937190405455,0.0512213560008475,7.38,0.0,0.0,0.0,0.0,0.0,65.49,0.0,13.32,1.4,0.0,0.0
ymlfiles\Case_552_H4_T8_dir90_heaveDOFbest_pitchDOFbest_rollDOFbest.yml,4,8.0,6.2016,90,DOFbest,DOFbest,DOFbest,3.3,2.4,233,304.5,248,640,0.6868689711250243,1.784618158659666,3.643077229880495,-0.0584275562118263,0.4569621968729425,-0.0147790092616783,2.5559392302219432,7.281050558503655,13.823067441559902,0.0030898003438642,-0.0001471795959465,-0.0001658852214789,0.5559601080458186,0.0274868444475289,0.0504727322948241,7.21,0.0,0.0,0.0,0.0,0.0,65.29,0.0,12.75,1.34,0.0,0.0
ymlfiles\Case_553_H4_T8_dir135_heavelow_pitchlow_rolllow.yml,4,8.0,6.2016,135,low,low,low,1.0,1.0,100,300.0,150,200,0.690501192489371,2.755840764951609,2.2122633284010496,-0.0924137835924937,0.5745645990487638,0.0626161888298505,2.5364222329367765,11.07216012933273,8.461357255948826,0.0026122361830515,-0.0002787913866597,0.0001189180836445,0.5535748493133363,0.0400310475980607,0.0302985362395246,7.08,0.0,0.0,0.0,0.0,0.0,65.15,0.39,1.11,1.3,0.0,0.0
ymlfiles\Case_554_H4_T8_dir135_heavelinhigh_pitchlinhigh_rolllinhigh.yml,4,8.0,6.2016,135,linhigh,linhigh,linhigh,6.5,1.0,300,300.0,325,200,0.6710830964823878,2.6117046536807886,2.090770310430466,-0.0984824258976741,0.5845293021497315,0.0475026941329218,2.455417967779681,10.53598183770443,7.986216803668752,0.0027462405894325,-0.0002719794756048,0.0001239166288741,0.5360265853862272,0.0380470569487339,0.0286877204175781,6.21,0.0,0.0,0.0,0.0,0.0,64.09,0.24,0.73,1.03,0.0,0.0
ymlfiles\Case_555_H4_T8_dir135_heavequadhigh_pitchquadhigh_rollquadhigh.yml,4,8.0,6.2016,135,quadhigh,quadhigh,quadhigh,1.0,4.0,100,1300.0,150,1300,0.6827660012622631,2.6991735259311387,2.1860228528365493,-0.0955377376719989,0.5790246720654562,0.0570860185697985,2.503721434762369,10.86076239132482,8.356206503945646,0.0026939702611309,-0.0002787096178282,0.0001194031707054,0.5465988085052976,0.0392539356309525,0.0299503122946012,6.73,0.0,0.0,0.0,0.0,0.0,64.74,0.33,1.02,1.19,0.0,0.0
ymlfiles\Case_556_H4_T8_dir135_heaveDOFbest_pitchDOFbest_rollDOFbest.yml,4,8.0,6.2016,135,DOFbest,DOFbest,DOFbest,3.3,2.4,233,304.5,248,640,0.678736941658456,2.651218465692748,2.129038592002372,-0.0966294525685783,0.5816096922049927,0.0524195035341106,2.4869093336887,10.682151171970172,8.136034248879035,0.0027145532213702,-0.0002742197368096,0.0001221485590004,0.5429184995939452,0.038593287795064,0.0291940345573006,6.55,0.0,0.0,0.0,0.0,0.0,64.52,0.28,0.84,1.13,0.0,0.0
ymlfiles\Case_557_H4_T8_dir180_heavelow_pitchlow_rolllow.yml,4,8.0,6.2016,180,low,low,low,1.0,1.0,100,300.0,150,200,0.7603832855681127,6.153327001537238,0.000483273717845,-0.0935920165763316,0.574258381360084,-0.0023886709861745,2.803558965382033,24.06864196170039,-0.0005432960476304,0.0067503059369398,-1.219419196920396e-05,1.877741981402278e-07,0.6325220393764047,0.0921023736453709,7.30777646361479e-06,11.39,0.0,0.0,0.0,0.0,0.0,69.27,21.03,0.0,2.97,0.0,0.0
ymlfiles\Case_558_H4_T8_dir180_heavelinhigh_pitchlinhigh_rolllinhigh.yml,4,8.0,6.2016,180,linhigh,linhigh,linhigh,6.5,1.0,300,300.0,325,200,0.740400358375461,5.865404937478154,0.0005512557826912,-0.1034620261495824,0.5765033021762255,-0.0023796843477934,2.7168656037690324,22.97993028513572,-0.0002749152571618,0.0068778211310287,-1.1321167354929142e-05,1.668588205371392e-07,0.6130955168699646,0.0882772787125386,9.237754953394684e-06,10.29,0.0,0.0,0.0,0.0,0.0,68.34,19.12,0.0,2.49,0.0,0.0
ymlfiles\Case_559_H4_T8_dir180_heavequadhigh_pitchquadhigh_rollquadhigh.yml,4,8.0,6.2016,180,quadhigh,quadhigh,quadhigh,1.0,4.0,100,1300.0,150,1300,0.7516844928939973,5.907588934726527,0.0004630499450858,-0.1013402685347176,0.5793117280206419,-0.0023906770725673,2.7623890025685918,23.139652327529404,-0.0006233594004582,0.0067923271244876,-1.1367446348148004e-05,1.7603395303785153e-07,0.6229533603094397,0.088834291901679,7.058380072759816e-06,10.84,0.0,0.0,0.0,0.0,0.0,68.82,19.4,0.0,2.73,0.0,0.0
ymlfiles\Case_560_H4_T8_dir180_heaveDOFbest_pitchDOFbest_rollDOFbest.yml,4,8.0,6.2016,180,DOFbest,DOFbest,DOFbest,3.3,2.4,233,304.5,248,640,0.7480433261513537,5.892899877708032,0.0005838204360939,-0.1016921128368547,0.5780162583817052,-0.0023990275004494,2.748026607265298,23.0843634092738,-0.0001694033656373,0.0068358055364109,-1.1385665319474849e-05,1.9845422633499813e-07,0.6198151760460022,0.0886387191139638,9.49077499933974e-06,10.67,0.0,0.0,0.0,0.0,0.0,68.67,19.3,0.0,2.65,0.0,0.0
ymlfiles\Case_561_H4_T8p5_dir0_heavelow_pitchlow_rolllow.yml,4,8.5,6.5891,0,low,low,low,1.0,1.0,100,300.0,150,200,0.6729464007168404,2.535392477911277,0.0005535752697026,-0.0153397936011881,0.3033595540097958,-0.0023224802259892,2.5382081221533346,10.008631596152918,-0.0002119041642914,-0.0045535407343892,-1.911906705944501e-06,8.241011402018237e-08,0.5249906967727723,0.0384658207014576,8.98346915383467e-06,5.68,0.0,0.0,0.0,0.0,0.0,63.39,0.27,0.0,0.88,0.0,0.0
ymlfiles\Case_562_H4_T8p5_dir0_heavelinhigh_pitchlinhigh_rolllinhigh.yml,4,8.5,6.5891,0,linhigh,linhigh,linhigh,6.5,1.0,300,300.0,325,200,0.6562073168640427,2.443121763355557,0.0004827522042649,-0.0163248553937701,0.3099233293819078,-0.0022951459440161,2.4731874760696866,9.668260262086,-0.0004501667890763,-0.0042004204829171,-1.7202689536664887e-06,6.989265812558442e-08,0.5101313911276858,0.0373773355023293,8.577888337410601e-06,5.0,0.0,0.0,0.0,0.0,0.0,62.41,0.2,0.0,0.7,0.0,0.0
ymlfiles\Case_563_H4_T8p5_dir0_heavequadhigh_pitchquadhigh_rollquadhigh.yml,4,8.5,6.5891,0,quadhigh,quadhigh,quadhigh,1.0,4.0,100,1300.0,150,1300,0.6668487982752015,2.499201854123454,0.0006140477116128,-0.0159082285484889,0.3070485907183523,-0.002309330001793,2.514367204474373,9.87721480612233,3.2262774911730185e-05,-0.0044204134601356,-1.846964613086396e-06,8.003003433810867e-08,0.5195482398604926,0.0380419013558357,1.0005963398991416e-05,5.43,0.0,0.0,0.0,0.0,0.0,63.04,0.24,0.0,0.81,0.0,0.0
ymlfiles\Case_564_H4_T8p5_dir0_heaveDOFbest_pitchDOFbest_rollDOFbest.yml,4,8.5,6.5891,0,DOFbest,DOFbest,DOFbest,3.3,2.4,233,304.5,248,640,0.663066470359769,2.4681077157644435,0.0005613829402372,-0.0159936599565545,0.3081453528292389,-0.0023065285664315,2.4999301967737364,9.760508074193048,-0.0001651583389254,-0.0042899338622316,-1.7810328545476662e-06,7.403043442315497e-08,0.5161576412306299,0.0376734626725784,1.0178766386496076e-05,5.27,0.0,0.0,0.0,0.0,0.0,62.81,0.22,0.0,0.77,0.0,0.0
ymlfiles\Case_565_H4_T8p5_dir45_heavelow_pitchlow_rolllow.yml,4,8.5,6.5891,45,low,low,low,1.0,1.0,100,300.0,150,200,0.7656095515215872,2.767808898367901,4.48653321197128,-0.0293884356521596,0.3334575018576352,-0.0343954398995287,2.879213861773298,10.846972743901532,17.017276010568413,0.0015617566022844,9.84853408992167e-06,3.611100064612383e-06,0.6063498584327905,0.0386960208474334,0.0627363748385789,9.91,0.0,0.0,0.0,0.0,0.0,68.01,0.29,22.01,2.33,0.0,0.0
ymlfiles\Case_566_H4_T8p5_dir45_heavelinhigh_pitchlinhigh_rolllinhigh.yml,4,8.5,6.5891,45,linhigh,linhigh,linhigh,6.5,1.0,300,300.0,325,200,0.7477676212764343,2.6484658176169686,4.243595764251133,-0.0323402101824441,0.3477105334939155,-0.0466326159441223,2.8064434816218045,10.408915263682935,16.087416081080704,0.002118278007681,5.979407497175251e-06,1.956201488193132e-06,0.5900223443393869,0.0370898590869823,0.0595606674008159,9.01,0.0,0.0,0.0,0.0,0.0,67.18,0.19,19.65,1.98,0.0,0.0
ymlfiles\Case_567_H4_T8p5_dir45_heavequadhigh_pitchquadhigh_rollquadhigh.yml,4,8.5,6.5891,45,quadhigh,quadhigh,quadhigh,1.0,4.0,100,1300.0,150,1300,0.7579625978657107,2.7259046429616896,4.367561773614892,-0.0314433812492077,0.3413180994000064,-0.0409523782171083,2.847814207555328,10.694601629818507,16.560229688820918,0.0018127457000125,7.66070380750975e-06,2.332334327337965e-06,0.5992643899139527,0.0381247508761912,0.0611775167787353,9.52,0.0,0.0,0.0,0.0,0.0,67.65,0.25,20.86,2.18,0.0,0.0
ymlfiles\Case_568_H4_T8p5_dir45_heaveDOFbest_pitchDOFbest_rollDOFbest.yml,4,8.5,6.5891,45,DOFbest,DOFbest,DOFbest,3.3,2.4,233,304.5,248,640,0.7546778371378748,2.68225519799281,4.321852922648395,-0.0314383930237245,0.3431070560888045,-0.0422698240827023,2.8347557689749565,10.533724967126698,16.386829453224628,0.0019462287898445,7.2183139960763e-06,2.6275944596286123e-06,0.5962436869709397,0.0375438978211681,0.0605851212527121,9.35,0.0,0.0,0.0,0.0,0.0,67.5,0.21,20.42,2.11,0.0,0.0
ymlfiles\Case_569_H4_T8p5_dir90_heavelow_pitchlow_rolllow.yml,4,8.5,6.5891,90,low,low,low,1.0,1.0,100,300.0,150,200,0.7314339502112395,1.7815425628257724,3.9533091384702246,-0.0442002400995891,0.4587465813623788,-0.0030271661032708,2.732428543664632,7.257645438122177,14.97213237704262,-0.0008491900100795,-0.0001268833513998,-0.0001106777876917,0.5705517688899243,0.0266282632283812,0.0527171700319163,7.97,0.0,0.0,0.0,0.0,0.0,66.13,0.0,14.45,1.6,0.0,0.0
ymlfiles\Case_570_H4_T8p5_dir90_heavelinhigh_pitchlinhigh_rolllinhigh.yml,4,8.5,6.5891,90,linhigh,linhigh,linhigh,6.5,1.0,300,300.0,325,200,0.7137966707168393,1.6862032458037088,3.743441341963725,-0.046749501479967,0.464857011428296,-0.0140852724081213,2.6623694322772997,6.901136141905118,14.16838107966251,-0.0003150291825831,-0.0001276853494222,-0.0001083907766801,0.5547394512821436,0.0253856571536763,0.0499536261857802,7.14,0.0,0.0,0.0,0.0,0.0,65.22,0.0,12.36,1.32,0.0,0.0
ymlfiles\Case_571_H4_T8p5_dir90_heavequadhigh_pitchquadhigh_rollquadhigh.yml,4,8.5,6.5891,90,quadhigh,quadhigh,quadhigh,1.0,4.0,100,1300.0,150,1300,0.7242281950950061,1.755591300425453,3.867227688640749,-0.0460163604838427,0.462061264129628,-0.009601967016903,2.7031200774671778,7.162239052505612,14.64026249906617,-0.0006358924662655,-0.0001279913433933,-0.0001103802354352,0.5640983393009696,0.0262986205599869,0.0515801380475716,7.63,0.0,0.0,0.0,0.0,0.0,65.76,0.0,13.59,1.48,0.0,0.0
ymlfiles\Case_572_H4_T8p5_dir90_heaveDOFbest_pitchDOFbest_rollDOFbest.yml,4,8.5,6.5891,90,DOFbest,DOFbest,DOFbest,3.3,2.4,233,304.5,248,640,0.7207583488237856,1.7179808176275504,3.810394114625289,-0.0460491891085987,0.4629501817974416,-0.0102387242522317,2.689491854395007,7.019588342589525,14.422786693412352,-0.0004835679476123,-0.0001276152197506,-0.0001092182207247,0.5609218639005793,0.0257984307578323,0.0508356820560819,7.46,0.0,0.0,0.0,0.0,0.0,65.58,0.0,13.02,1.42,0.0,0.0
ymlfiles\Case_573_H4_T8p5_dir135_heavelow_pitchlow_rolllow.yml,4,8.5,6.5891,135,low,low,low,1.0,1.0,100,300.0,150,200,0.7212008559063642,2.743930168274429,2.3408494276756078,-0.0963131474510003,0.5588270389581751,0.0699434476838025,2.6414728540700008,10.988015594192078,8.93518689755757,0.0006149907113644,-0.000293849047514,7.338810923044578e-05,0.5538377879659709,0.0386619054994759,0.0308218916875901,7.1,0.0,0.0,0.0,0.0,0.0,65.17,0.28,1.26,1.3,0.0,0.0
ymlfiles\Case_574_H4_T8p5_dir135_heavelinhigh_pitchlinhigh_rolllinhigh.yml,4,8.5,6.5891,135,linhigh,linhigh,linhigh,6.5,1.0,300,300.0,325,200,0.7035846561195926,2.6056558596406085,2.214305216539522,-0.1009276790645804,0.5685467199369623,0.0540570196834348,2.569018024059901,10.476679890625952,8.440951477857615,0.0009473519337397,-0.000287154067836,8.446052075901017e-05,0.5381650059135615,0.0367680920003879,0.029186504543918,6.31,0.0,0.0,0.0,0.0,0.0,64.23,0.17,0.84,1.06,0.0,0.0
ymlfiles\Case_575_H4_T8p5_dir135_heavequadhigh_pitchquadhigh_rollquadhigh.yml,4,8.5,6.5891,135,quadhigh,quadhigh,quadhigh,1.0,4.0,100,1300.0,150,1300,0.714203160820433,2.690392015291589,2.312512265987656,-0.0988589282091018,0.5633726097492171,0.0636023353694473,2.6118027838787565,10.79011786525276,8.821996696100735,0.0007476485141084,-0.0002939190126472,7.63809961894232e-05,0.5476154482132318,0.0379317122885712,0.0304583778042912,6.78,0.0,0.0,0.0,0.0,0.0,64.8,0.24,1.16,1.2,0.0,0.0
ymlfiles\Case_576_H4_T8p5_dir135_heaveDOFbest_pitchDOFbest_rollDOFbest.yml,4,8.5,6.5891,135,DOFbest,DOFbest,DOFbest,3.3,2.4,233,304.5,248,640,0.7106221880319228,2.644026554935897,2.2541786368280485,-0.0994875467168019,0.5656886676147489,0.0592637862658675,2.59744349201326,10.61821382868898,8.596725728091998,0.0008579919128855,-0.0002893435485103,8.090727745323107e-05,0.5443886748807215,0.0372954425461715,0.0297004088994433,6.62,0.0,0.0,0.0,0.0,0.0,64.61,0.2,0.96,1.15,0.0,0.0
ymlfiles\Case_577_H4_T8p5_dir180_heavelow_pitchlow_rolllow.yml,4,8.5,6.5891,180,low,low,low,1.0,1.0,100,300.0,150,200,0.789197723809774,6.002892426453727,0.000465604847715,-0.0947225614104599,0.4882648961351322,-0.0023971593802551,2.904102370436597,23.35631572173867,-0.0006230882174902,0.0021183043524245,3.8771164626271605e-06,2.6033613292648375e-07,0.6315776652623585,0.0871910833735689,7.396406196433976e-06,11.33,0.0,0.0,0.0,0.0,0.0,69.22,18.57,0.0,2.95,0.0,0.0
ymlfiles\Case_578_H4_T8p5_dir180_heavelinhigh_pitchlinhigh_rolllinhigh.yml,4,8.5,6.5891,180,linhigh,linhigh,linhigh,6.5,1.0,300,300.0,325,200,0.7710634685573203,5.719424485155436,0.0004253214002,-0.1020399691134901,0.4973677759135885,-0.0024934097988364,2.8271329416173265,22.2887232050114,-0.0008746525157892,0.0027400861751529,3.415933921763289e-06,3.238442327814198e-07,0.6134407725220594,0.0834590017454921,6.375196937576433e-06,10.31,0.0,0.0,0.0,0.0,0.0,68.36,16.68,0.0,2.5,0.0,0.0
ymlfiles\Case_579_H4_T8p5_dir180_heavequadhigh_pitchquadhigh_rollquadhigh.yml,4,8.5,6.5891,180,quadhigh,quadhigh,quadhigh,1.0,4.0,100,1300.0,150,1300,0.7815133409420859,5.773033155159596,0.0004299983834261,-0.1002394444267457,0.4978261935264916,-0.0023720484783747,2.8692353303633245,22.49556791052679,-0.0007335674244003,0.0025679929299437,3.593748323472748e-06,2.2359329605296478e-07,0.6226155620252997,0.0841625816149868,6.410654036902581e-06,10.82,0.0,0.0,0.0,0.0,0.0,68.8,17.04,0.0,2.72,0.0,0.0
ymlfiles\Case_580_H4_T8p5_dir180_heaveDOFbest_pitchDOFbest_rollDOFbest.yml,4,8.5,6.5891,180,DOFbest,DOFbest,DOFbest,3.3,2.4,233,304.5,248,640,0.7781474481867339,5.752009485042414,0.0004189110297785,-0.1004915168115616,0.497374883314152,-0.0024409546972237,2.8560438522679155,22.41394465587968,-0.0008453359758221,0.0026440930897949,3.5316251541354293e-06,2.874096063017474e-07,0.6197010863923541,0.0838830353401922,6.201926717686089e-06,10.66,0.0,0.0,0.0,0.0,0.0,68.66,16.9,0.0,2.65,0.0,0.0
ymlfiles\Case_581_H4_T9_dir0_heavelow_pitchlow_rolllow.yml,4,9.0,6.9767,0,low,low,low,1.0,1.0,100,300.0,150,200,0.7048498336391613,2.648649439957873,0.0005548156558829,-0.0167583167525852,0.3061593865967587,-0.0022864095931259,2.6515761391704404,10.408500311655942,-0.0001666811036423,-0.0075728911480462,-2.084100597811193e-06,8.56041944731828e-08,0.5285091267762451,0.0378939188020255,1.0401317593510927e-05,5.85,0.0,0.0,0.0,0.0,0.0,63.62,0.23,0.0,0.93,0.0,0.0
ymlfiles\Case_582_H4_T9_dir0_heavelinhigh_pitchlinhigh_rolllinhigh.yml,4,9.0,6.9767,0,linhigh,linhigh,linhigh,6.5,1.0,300,300.0,325,200,0.6893111745874532,2.557180312897237,0.0007293805916426,-0.0177548003785329,0.312331535255437,-0.0024138184492302,2.590345683258927,10.073661133893935,0.0003526043289627,-0.0070026770821679,-1.990762714037201e-06,1.525819451294459e-07,0.5147832499630016,0.03681346557789,1.0344995599609304e-05,5.21,0.0,0.0,0.0,0.0,0.0,62.72,0.17,0.0,0.76,0.0,0.0
ymlfiles\Case_583_H4_T9_dir0_heavequadhigh_pitchquadhigh_rollquadhigh.yml,4,9.0,6.9767,0,quadhigh,quadhigh,quadhigh,1.0,4.0,100,1300.0,150,1300,0.699119174250694,2.61336587830484,0.0005735085971544,-0.0172668538558274,0.3096712116663122,-0.0023119148397144,2.629087502695781,10.27886127604166,-0.0001248988809187,-0.0073620256293946,-2.0429129166095184e-06,1.0289665563118095e-07,0.5233593022634752,0.0374780873494219,1.019732530582592e-05,5.6,0.0,0.0,0.0,0.0,0.0,63.29,0.21,0.0,0.86,0.0,0.0
ymlfiles\Case_584_H4_T9_dir0_heaveDOFbest_pitchDOFbest_rollDOFbest.yml,4,9.0,6.9767,0,DOFbest,DOFbest,DOFbest,3.3,2.4,233,304.5,248,640,0.6956660893461813,2.5821097975655656,0.0005504770856975,-0.0173904719170364,0.3105738438412289,-0.0023082090936085,2.6156082995277057,10.163806627835386,-0.0002073457906138,-0.0071525568777976,-2.035285027668052e-06,9.6055522901269e-08,0.5202933535846186,0.0371078193897666,9.847433467499566e-06,5.46,0.0,0.0,0.0,0.0,0.0,63.09,0.19,0.0,0.82,0.0,0.0
ymlfiles\Case_585_H4_T9_dir45_heavelow_pitchlow_rolllow.yml,4,9.0,6.9767,45,low,low,low,1.0,1.0,100,300.0,150,200,0.7929582392447813,2.746639731090928,4.443365233471536,-0.0303824356934043,0.3355743317077795,-0.0987727829543109,2.972949644928339,10.74274256940849,16.751654741622353,-0.0028741041393738,-8.549608387671231e-05,-6.180889121728597e-05,0.6049016043101132,0.0370865310619771,0.060226128247159,9.83,0.0,0.0,0.0,0.0,0.0,67.94,0.19,20.15,2.3,0.0,0.0
ymlfiles\Case_586_H4_T9_dir45_heavelinhigh_pitchlinhigh_rolllinhigh.yml,4,9.0,6.9767,45,linhigh,linhigh,linhigh,6.5,1.0,300,300.0,325,200,0.7763500226066959,2.637038619742801,4.211212255683145,-0.0324803577770848,0.3462068013022438,-0.1033576014906858,2.9068436892363976,10.338621482736572,15.869193185700572,-0.0019530531550549,-8.421349220530264e-05,-6.091872055873429e-05,0.5895197509676094,0.0356301123641869,0.0572418704309142,8.98,0.0,0.0,0.0,0.0,0.0,67.15,0.12,17.9,1.97,0.0,0.0
ymlfiles\Case_587_H4_T9_dir45_heavequadhigh_pitchquadhigh_rollquadhigh.yml,4,9.0,6.9767,45,quadhigh,quadhigh,quadhigh,1.0,4.0,100,1300.0,150,1300,0.7857866059392836,2.7104101168773407,4.333219240425448,-0.0318920069683563,0.341743761572837,-0.1024510398264881,2.9436395456832343,10.61218183624723,16.33199552515154,-0.0024791046372789,-8.460716867248647e-05,-6.175914763628131e-05,0.5981094404129617,0.0365979190209029,0.0588036057347393,9.45,0.0,0.0,0.0,0.0,0.0,67.6,0.16,19.08,2.15,0.0,0.0
ymlfiles\Case_588_H4_T9_dir45_heaveDOFbest_pitchDOFbest_rollDOFbest.yml,4,9.0,6.9767,45,DOFbest,DOFbest,DOFbest,3.3,2.4,233,304.5,248,640,0.7827449209480677,2.6694229289427875,4.285133196673949,-0.0317733507729229,0.3426670737150064,-0.1024226992177936,2.9317622991589034,10.458331331610363,16.150500083618947,-0.0022302903941788,-8.409061497605695e-05,-6.06999608756439e-05,0.5952897951752867,0.0360580922648971,0.05819198258453,9.3,0.0,0.0,0.0,0.0,0.0,67.45,0.14,18.62,2.09,0.0,0.0
ymlfiles\Case_589_H4_T9_dir90_heavelow_pitchlow_rolllow.yml,4,9.0,6.9767,90,low,low,low,1.0,1.0,100,300.0,150,200,0.761579196476708,1.7031166358756795,4.030700314464009,-0.0363058061908294,0.4714256159093054,-0.007695365801426,2.84662848913837,6.959232843669877,15.233502532663948,-0.0050595351337094,-0.0001116596300013,-8.527307652358747e-05,0.57168726489331,0.024959585798933,0.0519459542412871,8.03,0.0,0.0,0.0,0.0,0.0,66.19,0.0,13.87,1.62,0.0,0.0
ymlfiles\Case_590_H4_T9_dir90_heavelinhigh_pitchlinhigh_rolllinhigh.yml,4,9.0,6.9767,90,linhigh,linhigh,linhigh,6.5,1.0,300,300.0,325,200,0.7451122544311336,1.6113661258373155,3.829133240907382,-0.0382250903449188,0.4734406216442528,-0.0169501236013563,2.7820730411235037,6.612034723351131,14.462066660364664,-0.0041546785143373,-0.000114909377321,-8.491045637543561e-05,0.5568582355345653,0.0237770140225243,0.0493365003034173,7.25,0.0,0.0,0.0,0.0,0.0,65.35,0.0,11.9,1.35,0.0,0.0
ymlfiles\Case_591_H4_T9_dir90_heavequadhigh_pitchquadhigh_rollquadhigh.yml,4,9.0,6.9767,90,quadhigh,quadhigh,quadhigh,1.0,4.0,100,1300.0,150,1300,0.7548560887619999,1.6789163547075012,3.9495018572208784,-0.0376668035183569,0.4728689664516872,-0.0137658640861586,2.819663091540799,6.868176696855006,14.919576620530416,-0.0046946668029872,-0.0001137306774954,-8.563364077553208e-05,0.565578938562701,0.024655147068923,0.0508893308173802,7.7,0.0,0.0,0.0,0.0,0.0,65.85,0.0,13.06,1.51,0.0,0.0
ymlfiles\Case_592_H4_T9_dir90_heaveDOFbest_pitchDOFbest_rollDOFbest.yml,4,9.0,6.9767,90,DOFbest,DOFbest,DOFbest,3.3,2.4,233,304.5,248,640,0.7516121569502143,1.6424348539911204,3.892995649313415,-0.0376841718498661,0.4727557780380389,-0.0140820575185098,2.8073702612718794,6.729098620229977,14.705606506757114,-0.0044354446720136,-0.000114090831429,-8.517188019841237e-05,0.5626181771926433,0.0241755705987434,0.0501625302031521,7.55,0.0,0.0,0.0,0.0,0.0,65.68,0.0,12.52,1.45,0.0,0.0
ymlfiles\Case_593_H4_T9_dir135_heavelow_pitchlow_rolllow.yml,4,9.0,6.9767,135,low,low,low,1.0,1.0,100,300.0,150,200,0.7521880443987992,2.635849633840904,2.4168717414040817,-0.0994864019516096,0.5539066843183991,0.0678177143580661,2.7478942998011924,10.556531194299785,9.204644299154817,-0.0014816119506078,-0.000314630460436,3.304252865929776e-05,0.553420932656877,0.0362373930024767,0.0306858821368765,7.08,0.0,0.0,0.0,0.0,0.0,65.15,0.15,1.22,1.3,0.0,0.0
ymlfiles\Case_594_H4_T9_dir135_heavelinhigh_pitchlinhigh_rolllinhigh.yml,4,9.0,6.9767,135,linhigh,linhigh,linhigh,6.5,1.0,300,300.0,325,200,0.7361556674568105,2.5147703392259886,2.294534652470336,-0.1027074864218738,0.5618448678882407,0.0540742721769521,2.68323326681638,10.105969717321983,8.726495534156522,-0.0010025691420369,-0.0003082492456282,4.815626812626231e-05,0.5393653930556126,0.0345668005811579,0.0291377922169657,6.37,0.0,0.0,0.0,0.0,0.0,64.3,0.08,0.83,1.08,0.0,0.0
ymlfiles\Case_595_H4_T9_dir135_heavequadhigh_pitchquadhigh_rollquadhigh.yml,4,9.0,6.9767,135,quadhigh,quadhigh,quadhigh,1.0,4.0,100,1300.0,150,1300,0.7458330174856681,2.5916467914203234,2.3896055769132176,-0.1012385965242004,0.5572927749783697,0.0622131688653669,2.721780370540181,10.393193883293986,9.095463079921975,-0.0013287712095805,-0.0003145158859953,3.760633259825377e-05,0.5478530027534234,0.0356273982741865,0.0303441868273301,6.8,0.0,0.0,0.0,0.0,0.0,64.82,0.12,1.12,1.21,0.0,0.0
ymlfiles\Case_596_H4_T9_dir135_heaveDOFbest_pitchDOFbest_rollDOFbest.yml,4,9.0,6.9767,135,DOFbest,DOFbest,DOFbest,3.3,2.4,233,304.5,248,640,0.7425944446411329,2.5496290707503277,2.333293236361995,-0.1017023383043449,0.5595091812714582,0.058797960943337,2.709058452530238,10.235930837523586,8.877711134328278,-0.0011397686774469,-0.0003104746230021,4.338760013696961e-05,0.5449647360722772,0.0350487619061525,0.0296263446757821,6.65,0.0,0.0,0.0,0.0,0.0,64.64,0.1,0.94,1.16,0.0,0.0
ymlfiles\Case_597_H4_T9_dir180_heavelow_pitchlow_rolllow.yml,4,9.0,6.9767,180,low,low,low,1.0,1.0,100,300.0,150,200,0.8192874629061873,5.721844357473636,0.0004268436047688,-0.0964350896774199,0.4264350177883355,-0.0023758566965724,3.0069467620801085,22.187547212055943,-0.0007520185052727,-0.0012859563922399,-2.748060038858553e-06,2.744782257096529e-07,0.6291026416144663,0.0811743349692504,6.309482030616307e-06,11.19,0.0,0.0,0.0,0.0,0.0,69.11,15.52,0.0,2.88,0.0,0.0
ymlfiles\Case_598_H4_T9_dir180_heavelinhigh_pitchlinhigh_rolllinhigh.yml,4,9.0,6.9767,180,linhigh,linhigh,linhigh,6.5,1.0,300,300.0,325,200,0.8025574265118579,5.4596908091882606,0.0004050775376853,-0.1024024731432564,0.4409771978280603,-0.0023692681299861,2.937119949152538,21.20816253492328,-0.000829624949532,-0.0003722933813748,-2.574546988965391e-06,2.4876460810035784e-07,0.6121658428762673,0.077746307339776,5.820920737146092e-06,10.24,0.0,0.0,0.0,0.0,0.0,68.3,13.78,0.0,2.47,0.0,0.0
ymlfiles\Case_599_H4_T9_dir180_heavequadhigh_pitchquadhigh_rollquadhigh.yml,4,9.0,6.9767,180,quadhigh,quadhigh,quadhigh,1.0,4.0,100,1300.0,150,1300,0.8122151483814283,5.522349529020014,0.0004214682831485,-0.1005348028976317,0.4381545760827895,-0.0023831951561099,2.975728915999189,21.44370362055758,-0.0007811741864675,-0.0006341459098217,-2.6274125784878627e-06,2.675595031675586e-07,0.6207133189938494,0.0785605955177086,6.049421131466807e-06,10.72,0.0,0.0,0.0,0.0,0.0,68.71,14.19,0.0,2.67,0.0,0.0
ymlfiles\Case_600_H4_T9_dir180_heaveDOFbest_pitchDOFbest_rollDOFbest.yml,4,9.0,6.9767,180,DOFbest,DOFbest,DOFbest,3.3,2.4,233,304.5,248,640,0.8091280301107596,5.495553896290912,0.0004245295385574,-0.1009049828095318,0.4391504017292779,-0.0023796705713128,2.9636662800294,21.342775985091897,-0.0007656070952221,-0.000521008442978,-2.587394634262148e-06,2.639372145218704e-07,0.6180138894461998,0.078208615492407,6.217088679972885e-06,10.56,0.0,0.0,0.0,0.0,0.0,68.58,14.01,0.0,2.61,0.0,0.0
ymlfiles\Case_601_H4_T9p5_dir0_heavelow_pitchlow_rolllow.yml,4,9.5,7.3643,0,low,low,low,1.0,1.0,100,300.0,150,200,0.7302597707867912,2.647062773409004,0.0006330921760366,-0.0177026209324038,0.3117396324714482,-0.0022855148302777,2.7391226547012306,10.37838503012114,0.0001343732813961,-0.0099753750681303,-3.220051306105948e-06,9.887275948623909e-08,0.5272457340351827,0.0363175354213928,1.3476502129695607e-05,5.79,0.0,0.0,0.0,0.0,0.0,63.54,0.15,0.0,0.91,0.0,0.0
ymlfiles\Case_602_H4_T9p5_dir0_heavelinhigh_pitchlinhigh_rolllinhigh.yml,4,9.5,7.3643,0,linhigh,linhigh,linhigh,6.5,1.0,300,300.0,325,200,0.7158425772731549,2.5623146933170067,0.0005678883146645,-0.0186241461714174,0.3159193632995284,-0.002321523115968,2.6825497272707834,10.06849958011457,-0.0001571090142823,-0.0092841509194244,-2.943863672230132e-06,1.1554625954918476e-07,0.5144712979918045,0.0353131819687446,1.052161077538762e-05,5.19,0.0,0.0,0.0,0.0,0.0,62.7,0.11,0.0,0.75,0.0,0.0
ymlfiles\Case_603_H4_T9p5_dir0_heavequadhigh_pitchquadhigh_rollquadhigh.yml,4,9.5,7.3643,0,quadhigh,quadhigh,quadhigh,1.0,4.0,100,1300.0,150,1300,0.7248923023284579,2.615767903647068,0.0006499080182626,-0.0181030042299003,0.3143860613619503,-0.0023554027978302,2.7183048364465887,10.264491426200468,0.000109193378009,-0.0097314770722858,-3.1555050833273727e-06,1.3973785285187604e-07,0.5223448331375588,0.0359471010381697,1.064846988207808e-05,5.56,0.0,0.0,0.0,0.0,0.0,63.22,0.13,0.0,0.85,0.0,0.0
ymlfiles\Case_604_H4_T9p5_dir0_heaveDOFbest_pitchDOFbest_rollDOFbest.yml,4,9.5,7.3643,0,DOFbest,DOFbest,DOFbest,3.3,2.4,233,304.5,248,640,0.7217258631581621,2.586249232288849,0.0005714029399275,-0.0182626638339229,0.3148156197284041,-0.0023150402019996,2.705578864962293,10.156059645772435,-0.0001384030668135,-0.0094737166439014,-3.047102868884902e-06,1.1777935597248017e-07,0.5195600052597513,0.0355970451774911,1.0090037965972746e-05,5.43,0.0,0.0,0.0,0.0,0.0,63.04,0.12,0.0,0.81,0.0,0.0
ymlfiles\Case_605_H4_T9p5_dir45_heavelow_pitchlow_rolllow.yml,4,9.5,7.3643,45,low,low,low,1.0,1.0,100,300.0,150,200,0.812259580712865,2.650172381397451,4.27501142138431,-0.0312820593132126,0.3479548181083088,-0.1483811739993354,3.0361390398096364,10.372641295248316,16.035769898140924,-0.0058404827733314,-0.0001475239416171,-9.054433741554514e-05,0.5973202930738228,0.0348282581655225,0.0566211201545197,9.41,0.0,0.0,0.0,0.0,0.0,67.56,0.09,17.43,2.13,0.0,0.0
ymlfiles\Case_606_H4_T9p5_dir45_heavelinhigh_pitchlinhigh_rolllinhigh.yml,4,9.5,7.3643,45,linhigh,linhigh,linhigh,6.5,1.0,300,300.0,325,200,0.7968148998529592,2.552027993768593,4.064580768769055,-0.0326666394291249,0.3545555258068689,-0.1474230790682362,2.975586517939852,10.00693899367531,15.245880102187137,-0.0047576594921857,-0.0001438073182776,-8.981708274778747e-05,0.582897894898853,0.0335307673404563,0.0539370123366039,8.62,0.0,0.0,0.0,0.0,0.0,66.8,0.06,15.38,1.83,0.0,0.0
ymlfiles\Case_607_H4_T9p5_dir45_heavequadhigh_pitchquadhigh_rollquadhigh.yml,4,9.5,7.3643,45,quadhigh,quadhigh,quadhigh,1.0,4.0,100,1300.0,150,1300,0.8056528216485703,2.619584212620952,4.180972740832292,-0.0321114835641803,0.3515528161776294,-0.1490149538582327,3.010359817942428,10.261617677106278,15.682536862953429,-0.0054074466850414,-0.0001457652953074,-9.04071613469848e-05,0.5909628143026546,0.0344157345277493,0.0554136059367418,9.06,0.0,0.0,0.0,0.0,0.0,67.23,0.08,16.51,2.0,0.0,0.0
ymlfiles\Case_608_H4_T9p5_dir45_heaveDOFbest_pitchDOFbest_rollDOFbest.yml,4,9.5,7.3643,45,DOFbest,DOFbest,DOFbest,3.3,2.4,233,304.5,248,640,0.8027965440117886,2.5816506273726696,4.131758048996651,-0.0321392892150669,0.3523599012198618,-0.1479371804154791,2.9990342881715564,10.117317998407689,15.498939602966429,-0.0050923832275606,-0.0001447784581218,-8.979487526918297e-05,0.5883044957327065,0.0339194968322172,0.0547934674890052,8.92,0.0,0.0,0.0,0.0,0.0,67.09,0.07,16.04,1.94,0.0,0.0
ymlfiles\Case_609_H4_T9p5_dir90_heavelow_pitchlow_rolllow.yml,4,9.5,7.3643,90,low,low,low,1.0,1.0,100,300.0,150,200,0.7821858988744634,1.6071639230965806,3.9749903782561455,-0.0292396308039124,0.475239538564951,-0.0172175353703204,2.924112930262747,6.592899612349164,14.981213220137194,-0.0084018975524318,-0.0001192743675118,-6.147141005580643e-05,0.5659452507642602,0.0232885528840897,0.0497639502715111,7.72,0.0,0.0,0.0,0.0,0.0,65.87,0.0,12.22,1.51,0.0,0.0
ymlfiles\Case_610_H4_T9p5_dir90_heavelinhigh_pitchlinhigh_rolllinhigh.yml,4,9.5,7.3643,90,linhigh,linhigh,linhigh,6.5,1.0,300,300.0,325,200,0.7669525531115259,1.5224132193048188,3.791089847215465,-0.0309919132938573,0.4750598475589441,-0.0234798732729541,2.863862408602993,6.271536145095452,14.278611705980598,-0.0072791851723948,-0.0001227077758185,-6.296293271861701e-05,0.5521309223870292,0.0222023326329813,0.0474108518624326,7.01,0.0,0.0,0.0,0.0,0.0,65.07,0.0,10.47,1.28,0.0,0.0
ymlfiles\Case_611_H4_T9p5_dir90_heavequadhigh_pitchquadhigh_rollquadhigh.yml,4,9.5,7.3643,90,quadhigh,quadhigh,quadhigh,1.0,4.0,100,1300.0,150,1300,0.7759403726206242,1.5853032383336474,3.903348619404495,-0.0305996569850451,0.4759804911855126,-0.022477382047009,2.8988410976418053,6.510427996271628,14.70563474194456,-0.0079684054982096,-0.0001217237735817,-6.242478567259716e-05,0.5601908798439696,0.0230186514761881,0.0488421744718907,7.42,0.0,0.0,0.0,0.0,0.0,65.54,0.0,11.53,1.41,0.0,0.0
ymlfiles\Case_612_H4_T9p5_dir90_heaveDOFbest_pitchDOFbest_rollDOFbest.yml,4,9.5,7.3643,90,DOFbest,DOFbest,DOFbest,3.3,2.4,233,304.5,248,640,0.7729477956829264,1.5513608619541857,3.849007451596388,-0.0305936476026932,0.4752560951483908,-0.0217143821886913,2.8870585237999284,6.381375102109093,14.4997029437978,-0.007631066204977,-0.0001220693223534,-6.271354000121357e-05,0.5574436846393858,0.0225729753610137,0.0481516291500374,7.28,0.0,0.0,0.0,0.0,0.0,65.38,0.0,11.02,1.36,0.0,0.0
ymlfiles\Case_613_H4_T9p5_dir135_heavelow_pitchlow_rolllow.yml,4,9.5,7.3643,135,low,low,low,1.0,1.0,100,300.0,150,200,0.7762510689031714,2.460588025847937,2.4014990345363945,-0.1015752316104438,0.5593537441069442,0.0585204021703993,2.8291999095069773,9.879542382394492,9.11413046399243,-0.0031965337034919,-0.0003189389816758,2.370364028840417e-05,0.5487532253446675,0.033269248174039,0.0295587105678304,6.84,0.0,0.0,0.0,0.0,0.0,64.87,0.05,0.93,1.22,0.0,0.0
ymlfiles\Case_614_H4_T9p5_dir135_heavelinhigh_pitchlinhigh_rolllinhigh.yml,4,9.5,7.3643,135,linhigh,linhigh,linhigh,6.5,1.0,300,300.0,325,200,0.7613301302788481,2.357141221385372,2.289263921146357,-0.1047403688237106,0.5661039461679448,0.0444667522466479,2.7687294425377744,9.494946457839257,8.67786207987632,-0.0026164022180653,-0.0003156529280916,3.903482351232313e-05,0.5357840915509837,0.031826656019035,0.0281650986818828,6.2,0.0,0.0,0.0,0.0,0.0,64.08,0.03,0.63,1.03,0.0,0.0
ymlfiles\Case_615_H4_T9p5_dir135_heavequadhigh_pitchquadhigh_rollquadhigh.yml,4,9.5,7.3643,135,quadhigh,quadhigh,quadhigh,1.0,4.0,100,1300.0,150,1300,0.7703747373999036,2.4252974656140114,2.3765257188572524,-0.1030407963615144,0.5618741929098428,0.0515871817295117,2.805383997732553,9.749382732507486,9.0135542498791,-0.0030341111514895,-0.0003194451928999,2.867636467503225e-05,0.5436487070676839,0.032775136038097,0.0292542045656898,6.59,0.0,0.0,0.0,0.0,0.0,64.56,0.04,0.86,1.14,0.0,0.0
ymlfiles\Case_616_H4_T9p5_dir135_heaveDOFbest_pitchDOFbest_rollDOFbest.yml,4,9.5,7.3643,135,DOFbest,DOFbest,DOFbest,3.3,2.4,233,304.5,248,640,0.76733361769828,2.3874794809166566,2.3244112162292034,-0.1038187444024396,0.564199221322292,0.0483477119112647,2.7929613420562123,9.608928099318192,8.814795333635674,-0.0027864213086232,-0.0003171239599503,3.41953791399456e-05,0.5409518353965742,0.0322518009411765,0.0285999357327204,6.45,0.0,0.0,0.0,0.0,0.0,64.4,0.03,0.72,1.1,0.0,0.0
ymlfiles\Case_617_H4_T9p5_dir180_heavelow_pitchlow_rolllow.yml,4,9.5,7.3643,180,low,low,low,1.0,1.0,100,300.0,150,200,0.8417056925874237,5.345119510252927,0.0004350764014603,-0.0975906895888634,0.3995647257569299,-0.0023874686217841,3.0822721505061565,20.69875166079467,-0.000735505172681,-0.002802951287681,7.399341981488153e-06,2.876213308952762e-07,0.6195151296756918,0.0747504097805771,6.158482187145999e-06,10.65,0.0,0.0,0.0,0.0,0.0,68.65,12.27,0.0,2.65,0.0,0.0
ymlfiles\Case_618_H4_T9p5_dir180_heavelinhigh_pitchlinhigh_rolllinhigh.yml,4,9.5,7.3643,180,linhigh,linhigh,linhigh,6.5,1.0,300,300.0,325,200,0.8261676724706721,5.107322456084487,0.0004292441337071,-0.1031508844666909,0.4167226432851916,-0.0024582293309826,3.0166175692209336,19.816793213640945,-0.000831127037815,-0.0018526149123158,6.5789870606043e-06,3.365406237656371e-07,0.6038266425928177,0.0716413171622193,5.777094172644973e-06,9.77,0.0,0.0,0.0,0.0,0.0,67.89,10.73,0.0,2.28,0.0,0.0
ymlfiles\Case_619_H4_T9p5_dir180_heavequadhigh_pitchquadhigh_rollquadhigh.yml,4,9.5,7.3643,180,quadhigh,quadhigh,quadhigh,1.0,4.0,100,1300.0,150,1300,0.8351879426612756,5.176577904477926,0.0004076970701672,-0.1009826211623171,0.4117704009575628,-0.00237387415882,3.0542610399004757,20.07189235107301,-0.0008261075631683,-0.0021628340662761,6.980162915182287e-06,2.5990272986694864e-07,0.6118955386097665,0.0725402496078839,5.598932549090242e-06,10.22,0.0,0.0,0.0,0.0,0.0,68.29,11.17,0.0,2.46,0.0,0.0
ymlfiles\Case_620_H4_T9p5_dir180_heaveDOFbest_pitchDOFbest_rollDOFbest.yml,4,9.5,7.3643,180,DOFbest,DOFbest,DOFbest,3.3,2.4,233,304.5,248,640,0.8322985561245306,5.14514063193606,0.0003941280283214,-0.1015707325614369,0.4137595130875209,-0.0023698638632917,3.0422302724316963,19.955485274539708,-0.0008738417880144,-0.0020247410488489,6.757950174363704e-06,2.548039645471589e-07,0.6093290054761219,0.0721272194412463,5.393666391001168e-06,10.08,0.0,0.0,0.0,0.0,0.0,68.16,10.97,0.0,2.4,0.0,0.0
ymlfiles\Case_621_H4_T10_dir0_heavelow_pitchlow_rolllow.yml,4,10.0,7.7519,0,low,low,low,1.0,1.0,100,300.0,150,200,0.7484665159495959,2.5606310641493284,0.0006608655233164,-0.0161473650291152,0.3098374780135324,-0.0023381996602635,2.800940078599317,10.0268946035275,0.000176048395198,-0.0112161451080747,5.170552279820066e-06,1.3052616945633854e-07,0.5219295313098492,0.0340733383173229,1.2449378031724783e-05,5.54,0.0,0.0,0.0,0.0,0.0,63.19,0.07,0.0,0.84,0.0,0.0
ymlfiles\Case_622_H4_T10_dir0_heavelinhigh_pitchlinhigh_rolllinhigh.yml,4,10.0,7.7519,0,linhigh,linhigh,linhigh,6.5,1.0,300,300.0,325,200,0.7349415527948193,2.4836577978454466,0.0005896629229677,-0.0172114166104508,0.3133535327001091,-0.0023013780606055,2.74798423914082,9.740265326262188,-4.8616647319062525e-05,-0.0105228656843432,4.959362541638545e-06,1.0540010761361333e-07,0.5097259707263896,0.0331555606475909,1.1889255736536496e-05,4.98,0.0,0.0,0.0,0.0,0.0,62.38,0.05,0.0,0.7,0.0,0.0
ymlfiles\Case_623_H4_T10_dir0_heavequadhigh_pitchquadhigh_rollquadhigh.yml,4,10.0,7.7519,0,quadhigh,quadhigh,quadhigh,1.0,4.0,100,1300.0,150,1300,0.7434009244589049,2.532937468261917,0.0005831685861841,-0.0165164339290252,0.3120411792283605,-0.0023136186725015,2.781339162054328,9.92550060444022,-9.030126948404412e-05,-0.0109812156625107,5.099319617090079e-06,1.204106694108552e-07,0.5171512029069846,0.0337432166715483,1.0958104533994527e-05,5.32,0.0,0.0,0.0,0.0,0.0,62.88,0.06,0.0,0.78,0.0,0.0
ymlfiles\Case_624_H4_T10_dir0_heaveDOFbest_pitchDOFbest_rollDOFbest.yml,4,10.0,7.7519,0,DOFbest,DOFbest,DOFbest,3.3,2.4,233,304.5,248,640,0.7404509828440309,2.505733766684989,0.0006139914252487,-0.0167675569443078,0.3124280462238078,-0.0023206848999609,2.7698202683164928,9.82165439599606,1.9241493564049143e-05,-0.0107211799653336,4.993265187952784e-06,1.2174205168283694e-07,0.514536084700266,0.0334183204099542,1.2545776319323112e-05,5.2,0.0,0.0,0.0,0.0,0.0,62.71,0.06,0.0,0.75,0.0,0.0
ymlfiles\Case_625_H4_T10_dir45_heavelow_pitchlow_rolllow.yml,4,10.0,7.7519,45,low,low,low,1.0,1.0,100,300.0,150,200,0.8231779052880984,2.5128041183114065,4.02870280143745,-0.0267061269311575,0.3420523597767287,-0.1718767218706212,3.072497073843429,9.839420074103488,15.07508030920879,-0.0069892073049601,-0.0001570407653844,-0.000113381574331,0.5847504547707864,0.0323543893711619,0.0526497584044725,8.72,0.0,0.0,0.0,0.0,0.0,66.9,0.04,14.4,1.87,0.0,0.0
ymlfiles\Case_626_H4_T10_dir45_heavelinhigh_pitchlinhigh_rolllinhigh.yml,4,10.0,7.7519,45,linhigh,linhigh,linhigh,6.5,1.0,300,300.0,325,200,0.808735632426438,2.424864795924456,3.842971310598365,-0.0276990451976393,0.3464285100351106,-0.1683543805112994,3.016234018992539,9.511929052124492,14.376474599492632,-0.0059636880278552,-0.0001545440352413,-0.000111913141744,0.5710960137048635,0.031183312761866,0.0502570268321328,7.99,0.0,0.0,0.0,0.0,0.0,66.16,0.02,12.59,1.61,0.0,0.0
ymlfiles\Case_627_H4_T10_dir45_heavequadhigh_pitchquadhigh_rollquadhigh.yml,4,10.0,7.7519,45,quadhigh,quadhigh,quadhigh,1.0,4.0,100,1300.0,150,1300,0.8170835417464772,2.4862352115226147,3.950283634804644,-0.0272241586103336,0.3446219302900181,-0.1708430511288095,3.0490342195766424,9.742090282864575,14.78014024980968,-0.0065988399233297,-0.0001559492243236,-0.0001130592593793,0.5788201927286597,0.0319953482268806,0.0516371360680137,8.41,0.0,0.0,0.0,0.0,0.0,66.58,0.03,13.63,1.75,0.0,0.0
ymlfiles\Case_628_H4_T10_dir45_heaveDOFbest_pitchDOFbest_rollDOFbest.yml,4,10.0,7.7519,45,DOFbest,DOFbest,DOFbest,3.3,2.4,233,304.5,248,640,0.8143637459457095,2.4517892716391776,3.902215424373182,-0.0272609179780924,0.3450250161939056,-0.1692729118306681,3.0382143373565365,9.611781665115046,14.60297659883239,-0.006287395538844,-0.0001553343606347,-0.0001122663917556,0.5762429957385139,0.0315397215419672,0.0510203851681468,8.27,0.0,0.0,0.0,0.0,0.0,66.44,0.03,13.16,1.7,0.0,0.0
ymlfiles\Case_629_H4_T10_dir90_heavelow_pitchlow_rolllow.yml,4,10.0,7.7519,90,low,low,low,1.0,1.0,100,300.0,150,200,0.794440179459432,1.5109315257162603,3.810153404458107,-0.0201366759282859,0.459712996086262,-0.0162657212259194,2.9706946285304765,6.210021522409149,14.338851445251914,-0.0102131217691964,-0.0001260956459156,-6.0215674307517645e-05,0.5554372524865039,0.0218461945231833,0.046658012939296,7.18,0.0,0.0,0.0,0.0,0.0,65.26,0.0,9.92,1.33,0.0,0.0
ymlfiles\Case_630_H4_T10_dir90_heavelinhigh_pitchlinhigh_rolllinhigh.yml,4,10.0,7.7519,90,linhigh,linhigh,linhigh,6.5,1.0,300,300.0,325,200,0.7803468416415781,1.4324074504641633,3.647844108892865,-0.0215747105231207,0.4582542857338283,-0.0202356555532992,2.9153339776130256,5.908905851456311,13.71773773382128,-0.0090742064890282,-0.000127819801016,-6.070553816281323e-05,0.5424432877863036,0.0208269227059825,0.0445781953651983,6.53,0.0,0.0,0.0,0.0,0.0,64.49,0.0,8.44,1.13,0.0,0.0
ymlfiles\Case_631_H4_T10_dir90_heavequadhigh_pitchquadhigh_rollquadhigh.yml,4,10.0,7.7519,90,quadhigh,quadhigh,quadhigh,1.0,4.0,100,1300.0,150,1300,0.7887082716046879,1.49129861639943,3.748723253306073,-0.0213592763102973,0.4601631582529117,-0.0206291612681214,2.9478930976141275,6.1360332754808535,14.102220005497651,-0.009787114578813,-0.0001280109338122,-6.087679777405857e-05,0.5500476511426989,0.0216024578769119,0.0458689172750139,6.91,0.0,0.0,0.0,0.0,0.0,64.95,0.0,9.35,1.24,0.0,0.0
ymlfiles\Case_632_H4_T10_dir90_heaveDOFbest_pitchDOFbest_rollDOFbest.yml,4,10.0,7.7519,90,DOFbest,DOFbest,DOFbest,3.3,2.4,233,304.5,248,640,0.7859375410410655,1.4598337332018074,3.698777316529776,-0.0212285415680448,0.4588422710584377,-0.0192109781836029,2.937068053479915,6.014407761804495,13.911396959839117,-0.009433200004682,-0.0001275644011834,-6.0718094319398615e-05,0.5474709699332657,0.0211826894900015,0.0452311313494446,6.78,0.0,0.0,0.0,0.0,0.0,64.79,0.0,8.9,1.2,0.0,0.0
ymlfiles\Case_633_H4_T10_dir135_heavelow_pitchlow_rolllow.yml,4,10.0,7.7519,135,low,low,low,1.0,1.0,100,300.0,150,200,0.7921391633761184,2.2718998038918143,2.31470755829829,-0.1014898560520137,0.5636422278848976,0.0486013946228343,2.880142065052334,9.17288735002086,8.76488775841024,-0.0042126289941321,-0.0003213596207563,2.702179497142705e-05,0.5399988684365096,0.0304082570390597,0.0278254036164497,6.4,0.0,0.0,0.0,0.0,0.0,64.34,0.01,0.57,1.09,0.0,0.0
ymlfiles\Case_634_H4_T10_dir135_heavelinhigh_pitchlinhigh_rolllinhigh.yml,4,10.0,7.7519,135,linhigh,linhigh,linhigh,6.5,1.0,300,300.0,325,200,0.7782384333216933,2.181581183338872,2.2169198817502243,-0.1042020921576319,0.5689804220800959,0.0369332383386127,2.823718321897888,8.834649872481194,8.386460409021273,-0.0036243029931531,-0.0003192723888172,4.055697542947256e-05,0.5278420872371821,0.029119349293087,0.0266191930869883,5.82,0.0,0.0,0.0,0.0,0.0,63.58,0.01,0.39,0.92,0.0,0.0
ymlfiles\Case_635_H4_T10_dir135_heavequadhigh_pitchquadhigh_rollquadhigh.yml,4,10.0,7.7519,135,quadhigh,quadhigh,quadhigh,1.0,4.0,100,1300.0,150,1300,0.7867031510798458,2.243070113978223,2.2935078765050405,-0.1027170523722441,0.5656353655196116,0.042182476395896,2.8581025842382624,9.06563189014432,8.680667398123513,-0.0040568521533384,-0.0003221060380259,3.1439527310144695e-05,0.5352704278749929,0.0299981734169933,0.0275716676467232,6.17,0.0,0.0,0.0,0.0,0.0,64.05,0.01,0.53,1.02,0.0,0.0
ymlfiles\Case_636_H4_T10_dir135_heaveDOFbest_pitchDOFbest_rollDOFbest.yml,4,10.0,7.7519,135,DOFbest,DOFbest,DOFbest,3.3,2.4,233,304.5,248,640,0.7838629059022943,2.209086246111589,2.247821653596413,-0.103292772237067,0.567259297466045,0.0403812781068212,2.846490877379982,8.936249561331138,8.50629298112012,-0.0038030588825072,-0.0003202897268277,3.6273488873734006e-05,0.5327221566062659,0.0295136494897321,0.0269976810959523,6.05,0.0,0.0,0.0,0.0,0.0,63.89,0.01,0.44,0.98,0.0,0.0
ymlfiles\Case_637_H4_T10_dir180_heavelow_pitchlow_rolllow.yml,4,10.0,7.7519,180,low,low,low,1.0,1.0,100,300.0,150,200,0.8540647140659364,4.959687562054347,0.0004039445708964,-0.0908734175838601,0.3829231991548247,-0.0024474923061246,3.1266882914950016,19.220498597807648,-0.0009146909667315,-0.0030746683857641,-9.137162409412297e-06,3.284437724158416e-07,0.6048381137130836,0.0688166738288635,5.46858799733668e-06,9.83,0.0,0.0,0.0,0.0,0.0,67.94,9.36,0.0,2.3,0.0,0.0
ymlfiles\Case_638_H4_T10_dir180_heavelinhigh_pitchlinhigh_rolllinhigh.yml,4,10.0,7.7519,180,linhigh,linhigh,linhigh,6.5,1.0,300,300.0,325,200,0.839415022802478,4.749895984148621,0.0004168192155836,-0.0948498216679879,0.3971870249438217,-0.0023732525139498,3.0656712464466414,18.43796833472812,-0.0007915952270884,-0.002301199559686,-8.616916181909185e-06,2.395565152723384e-07,0.5900935954154405,0.0659981278440659,5.883100880266355e-06,9.01,0.0,0.0,0.0,0.0,0.0,67.18,8.04,0.0,1.98,0.0,0.0
ymlfiles\Case_639_H4_T10_dir180_heavequadhigh_pitchquadhigh_rollquadhigh.yml,4,10.0,7.7519,180,quadhigh,quadhigh,quadhigh,1.0,4.0,100,1300.0,150,1300,0.8479047041653324,4.820462757733448,0.0004442228932516,-0.0931301657682434,0.3928179542040825,-0.002455998718357,3.100664474101236,18.70349236596839,-0.000771415098947,-0.0025690330704478,-8.700379757165321e-06,3.271360725674643e-07,0.597827930834357,0.066955001437588,6.223013594311443e-06,9.44,0.0,0.0,0.0,0.0,0.0,67.58,8.48,0.0,2.14,0.0,0.0
ymlfiles\Case_640_H4_T10_dir180_heaveDOFbest_pitchDOFbest_rollDOFbest.yml,4,10.0,7.7519,180,DOFbest,DOFbest,DOFbest,3.3,2.4,233,304.5,248,640,0.8451714024728202,4.786937936562143,0.0003929636207381,-0.093597711110367,0.3945041150905712,-0.0024079716941113,3.0895283704597856,18.57504621628948,-0.0009173039928417,-0.0024495551960021,-8.678268941412211e-06,2.757094023788841e-07,0.5953421050663524,0.0664952342566331,5.239748213138951e-06,9.3,0.0,0.0,0.0,0.0,0.0,67.45,8.27,0.0,2.09,0.0,0.0
ymlfiles\Case_641_H4_T11_dir0_heavelow_pitchlow_rolllow.yml,4,11.0,8.5271,0,low,low,low,1.0,1.0,100,300.0,150,200,0.7871952264372143,2.3924443132605475,0.0007171025213948,-0.0119637211102761,0.2887106818434902,-0.002366647734538,2.936115719140381,9.333971334771238,0.0003510032883592,-0.0121071767044178,-6.225932010640864e-07,1.4067806587024873e-07,0.5121492319564213,0.0302416629250846,1.3412518171945632e-05,5.09,0.0,0.0,0.0,0.0,0.0,62.55,0.01,0.0,0.73,0.0,0.0
ymlfiles\Case_642_H4_T11_dir0_heavelinhigh_pitchlinhigh_rolllinhigh.yml,4,11.0,8.5271,0,linhigh,linhigh,linhigh,6.5,1.0,300,300.0,325,200,0.7752822274977684,2.325503963923725,0.0007355880903093,-0.0131020726943104,0.2904246193027192,-0.0023153105629632,2.888680684197543,9.086270666539484,0.0004905395873307,-0.0114548866053191,-5.528458046665863e-07,1.1146502434951717e-07,0.501238078106547,0.0294291554538584,1.6873801188800514e-05,4.6,0.0,0.0,0.0,0.0,0.0,61.79,0.01,0.0,0.61,0.0,0.0
ymlfiles\Case_643_H4_T11_dir0_heavequadhigh_pitchquadhigh_rollquadhigh.yml,4,11.0,8.5271,0,quadhigh,quadhigh,quadhigh,1.0,4.0,100,1300.0,150,1300,0.7828104861422283,2.369942515344767,0.0007382697038828,-0.0122555680313566,0.2901826654890946,-0.0023262619816138,2.9190258472160964,9.252636559208234,0.0004847491199748,-0.011905838417517,-6.142467185666424e-07,1.3080792838268117e-07,0.507840031843998,0.0299694441214975,1.5005215839758175e-05,4.89,0.0,0.0,0.0,0.0,0.0,62.25,0.01,0.0,0.68,0.0,0.0
ymlfiles\Case_644_H4_T11_dir0_heaveDOFbest_pitchDOFbest_rollDOFbest.yml,4,11.0,8.5271,0,DOFbest,DOFbest,DOFbest,3.3,2.4,233,304.5,248,640,0.7801702094972777,2.345649595921929,0.000714848706036,-0.0125309382295376,0.2900111213428801,-0.002326320239326,2.90773227969681,9.163025253960535,0.0003939041298049,-0.0116543895681315,-5.87490366559564e-07,1.2963197443070274e-07,0.5055249815157201,0.0296707508922619,1.5642599157844236e-05,4.79,0.0,0.0,0.0,0.0,0.0,62.09,0.01,0.0,0.65,0.0,0.0
ymlfiles\Case_645_H4_T11_dir45_heavelow_pitchlow_rolllow.yml,4,11.0,8.5271,45,low,low,low,1.0,1.0,100,300.0,150,200,0.8506430695199334,2.2806990797137714,3.61845080228004,-0.0236395379421533,0.3448795730542001,-0.179608798740169,3.1636855054027966,8.946905194973253,13.480387620771875,-0.0077604935162629,-0.0001787315965123,-0.0001208368957631,0.5629234435059326,0.0284906476188685,0.0463561967338744,7.57,0.0,0.0,0.0,0.0,0.0,65.7,0.01,9.7,1.46,0.0,0.0
ymlfiles\Case_646_H4_T11_dir45_heavelinhigh_pitchlinhigh_rolllinhigh.yml,4,11.0,8.5271,45,linhigh,linhigh,linhigh,6.5,1.0,300,300.0,325,200,0.8379738728993986,2.2060937384620734,3.463954588760847,-0.0238625092998195,0.3451617439197659,-0.1750740561202726,3.115390594485654,8.662933529185043,12.906102231304509,-0.0069017956471369,-0.0001761470887462,-0.0001198824502824,0.5510264371618653,0.0274682331871439,0.044316579684153,6.96,0.0,0.0,0.0,0.0,0.0,65.0,0.0,8.26,1.26,0.0,0.0
ymlfiles\Case_647_H4_T11_dir45_heavequadhigh_pitchquadhigh_rollquadhigh.yml,4,11.0,8.5271,45,quadhigh,quadhigh,quadhigh,1.0,4.0,100,1300.0,150,1300,0.8455105863845856,2.260968697740823,3.5608056541109137,-0.023607631106855,0.3449413873860863,-0.1783074074136477,3.1440821474026195,8.871572709298887,13.264073087322986,-0.0074689189716766,-0.0001772204042801,-0.0001204024944413,0.5579366308532442,0.0282144156137439,0.0455949052713532,7.31,0.0,0.0,0.0,0.0,0.0,65.41,0.0,9.16,1.37,0.0,0.0
ymlfiles\Case_648_H4_T11_dir45_heaveDOFbest_pitchDOFbest_rollDOFbest.yml,4,11.0,8.5271,45,DOFbest,DOFbest,DOFbest,3.3,2.4,233,304.5,248,640,0.8430044113653095,2.22995177408883,3.512985708660431,-0.0237060132169432,0.345137625061393,-0.1766703517372756,3.134594426921662,8.754797016763606,13.088920496952284,-0.0071770761630235,-0.000176938691725,-0.0001201302634059,0.555587895628617,0.0277942281363736,0.0449657180862059,7.19,0.0,0.0,0.0,0.0,0.0,65.27,0.0,8.71,1.33,0.0,0.0
ymlfiles\Case_649_H4_T11_dir90_heavelow_pitchlow_rolllow.yml,4,11.0,8.5271,90,low,low,low,1.0,1.0,100,300.0,150,200,0.8221867472411193,1.3544911189664792,3.521550165123027,-0.0130003484531555,0.4434513388981332,-0.0117446592087631,3.066917496984059,5.597762612989014,13.2234229792861,-0.0120504952776008,-0.000162414018618,-3.836087822288269e-05,0.5367541012308997,0.0195119089604458,0.0416369694777762,6.25,0.0,0.0,0.0,0.0,0.0,64.14,0.0,6.47,1.04,0.0,0.0
ymlfiles\Case_650_H4_T11_dir90_heavelinhigh_pitchlinhigh_rolllinhigh.yml,4,11.0,8.5271,90,linhigh,linhigh,linhigh,6.5,1.0,300,300.0,325,200,0.8098395427086472,1.283946067063702,3.38685240607616,-0.0139413002726302,0.4412610973609286,-0.0124356286424983,3.01894206281237,5.328813593931912,12.714946796906442,-0.0110057863704406,-0.0001611889134625,-3.949860335248059e-05,0.5252524611115649,0.0185852824684414,0.0398807672561532,5.69,0.0,0.0,0.0,0.0,0.0,63.41,0.0,5.38,0.89,0.0,0.0
ymlfiles\Case_651_H4_T11_dir90_heavequadhigh_pitchquadhigh_rollquadhigh.yml,4,11.0,8.5271,90,quadhigh,quadhigh,quadhigh,1.0,4.0,100,1300.0,150,1300,0.8173372732381035,1.3386908850098918,3.475261974276074,-0.0137614570284776,0.4433410607890654,-0.0143660871034788,3.0477942666913886,5.537526932154639,13.046834992116016,-0.0116957420240867,-0.0001629553547627,-3.904320404268521e-05,0.5320615857902159,0.0193125910047286,0.0410336253660476,6.02,0.0,0.0,0.0,0.0,0.0,63.84,0.0,6.08,0.98,0.0,0.0
ymlfiles\Case_652_H4_T11_dir90_heaveDOFbest_pitchDOFbest_rollDOFbest.yml,4,11.0,8.5271,90,DOFbest,DOFbest,DOFbest,3.3,2.4,233,304.5,248,640,0.8148059775285496,1.3087375490494504,3.4288950823739754,-0.0137107299582942,0.4421420136421317,-0.0125541576772111,3.038363347540656,5.423576206394538,12.874384577283212,-0.01133867331709,-0.0001618806900832,-3.925247812873073e-05,0.5297173093834237,0.0189112701756008,0.0404287059269952,5.91,0.0,0.0,0.0,0.0,0.0,63.7,0.0,5.71,0.94,0.0,0.0
ymlfiles\Case_653_H4_T11_dir135_heavelow_pitchlow_rolllow.yml,4,11.0,8.5271,135,low,low,low,1.0,1.0,100,300.0,150,200,0.8258820241658429,2.002228442478562,2.163242605480159,-0.1073855818083288,0.5843811792650818,0.0374195004534588,2.986370714173817,8.16384513343259,8.16513960838464,-0.0052343525084155,-0.0003258820816442,5.317815494785558e-05,0.525137781086815,0.026388736932419,0.0250749057012403,5.69,0.0,0.0,0.0,0.0,0.0,63.4,0.0,0.22,0.88,0.0,0.0
ymlfiles\Case_654_H4_T11_dir135_heavelinhigh_pitchlinhigh_rolllinhigh.yml,4,11.0,8.5271,135,linhigh,linhigh,linhigh,6.5,1.0,300,300.0,325,200,0.8136502061589835,1.9237763580951128,2.0809265498290874,-0.1103750554920821,0.5894546210960462,0.027461789650739,2.935790329722737,7.867438606782765,7.846867238538341,-0.0046578054349741,-0.0003261647751163,6.398039364409736e-05,0.5144384914007752,0.0252520609862988,0.0240564162890766,5.19,0.0,0.0,0.0,0.0,0.0,62.7,0.0,0.14,0.75,0.0,0.0
ymlfiles\Case_655_H4_T11_dir135_heavequadhigh_pitchquadhigh_rollquadhigh.yml,4,11.0,8.5271,135,quadhigh,quadhigh,quadhigh,1.0,4.0,100,1300.0,150,1300,0.8212833810201069,1.9806391000053207,2.1463830316500228,-0.1085505511351073,0.586128797347422,0.032491671133011,2.967585222912477,8.082659285596282,8.096867105247577,-0.0050963762462885,-0.0003268636577236,5.64716884945382e-05,0.5210950453195553,0.0260786473253893,0.0248768990405387,5.5,0.0,0.0,0.0,0.0,0.0,63.14,0.0,0.2,0.83,0.0,0.0
ymlfiles\Case_656_H4_T11_dir135_heaveDOFbest_pitchDOFbest_rollDOFbest.yml,4,11.0,8.5271,135,DOFbest,DOFbest,DOFbest,3.3,2.4,233,304.5,248,640,0.8186687985394889,1.949093710184279,2.106983953696075,-0.1093083749899306,0.5877517779632024,0.0307974484104934,2.956636874494792,7.962893825021662,7.947153328885708,-0.0048428697021194,-0.0003263306593043,6.033873252974189e-05,0.5187759647663778,0.0256205278749381,0.0243743237269467,5.39,0.0,0.0,0.0,0.0,0.0,62.99,0.0,0.16,0.8,0.0,0.0
ymlfiles\Case_657_H4_T11_dir180_heavelow_pitchlow_rolllow.yml,4,11.0,8.5271,180,low,low,low,1.0,1.0,100,300.0,150,200,0.8823995060916348,4.392023686364928,0.0004000144833116,-0.0857254570885135,0.3773000961390397,-0.0023685112662649,3.222063595134374,17.04384352293363,-0.0008516740595175,-0.0034689772541296,-4.020976115146863e-06,2.2594096056932402e-07,0.5796158323390178,0.0600480057081304,5.801531473836889e-06,8.45,0.0,0.0,0.0,0.0,0.0,66.62,5.47,0.0,1.77,0.0,0.0
ymlfiles\Case_658_H4_T11_dir180_heavelinhigh_pitchlinhigh_rolllinhigh.yml,4,11.0,8.5271,180,linhigh,linhigh,linhigh,6.5,1.0,300,300.0,325,200,0.8695646209788689,4.209050657739408,0.0003835067066629,-0.0885632396395199,0.3891760511920252,-0.0023698834264956,3.1700791467361347,16.365543488460197,-0.000917102600638,-0.0028425272972357,-3.97895186692454e-06,2.122351328520826e-07,0.5669284795641716,0.0575324692164818,5.291933653000858e-06,7.78,0.0,0.0,0.0,0.0,0.0,65.92,4.49,0.0,1.53,0.0,0.0
ymlfiles\Case_659_H4_T11_dir180_heavequadhigh_pitchquadhigh_rollquadhigh.yml,4,11.0,8.5271,180,quadhigh,quadhigh,quadhigh,1.0,4.0,100,1300.0,150,1300,0.8771720832413106,4.285533031193944,0.0003954818051142,-0.0870877437007585,0.3847829756694667,-0.0023687789479223,3.2004807479646296,16.648087780640978,-0.0008703231585152,-0.0031099627264376,-4.009483984498488e-06,2.045761798247821e-07,0.5739285618202323,0.0585900128272427,5.357100439792626e-06,8.14,0.0,0.0,0.0,0.0,0.0,66.31,4.89,0.0,1.66,0.0,0.0
ymlfiles\Case_660_H4_T11_dir180_heaveDOFbest_pitchDOFbest_rollDOFbest.yml,4,11.0,8.5271,180,DOFbest,DOFbest,DOFbest,3.3,2.4,233,304.5,248,640,0.8746656830246167,4.247037305198015,0.0003899164894357,-0.0875052075973347,0.3865643014395473,-0.0023730485176833,3.1904614057658667,16.50545072176339,-0.0008957755812768,-0.0029850005737269,-3.982033728286937e-06,2.0480863693892365e-07,0.5716002196351253,0.058053589311448,5.359234691519285e-06,8.02,0.0,0.0,0.0,0.0,0.0,66.18,4.69,0.0,1.61,0.0,0.0
ymlfiles\Case_661_H4_T12_dir0_heavelow_pitchlow_rolllow.yml,4,12.0,9.3023,0,low,low,low,1.0,1.0,100,300.0,150,200,0.824363113449835,2.2135871335475623,0.0006854448813063,-0.0132062368445378,0.2695473015587323,-0.0023396182584886,3.0607611112374955,8.619318989054275,0.0002663631801667,-0.0112658798467101,8.690455152472151e-07,1.2300051856583466e-07,0.501409741230064,0.0271764936756551,1.2846671137328702e-05,4.61,0.0,0.0,0.0,0.0,0.0,61.81,0.0,0.0,0.61,0.0,0.0
ymlfiles\Case_662_H4_T12_dir0_heavelinhigh_pitchlinhigh_rolllinhigh.yml,4,12.0,9.3023,0,linhigh,linhigh,linhigh,6.5,1.0,300,300.0,325,200,0.8138396277490169,2.1536913410483534,0.0008930304991553,-0.0142710796614844,0.2695195346621946,-0.0023262441855995,3.0185627889558444,8.393350433858274,0.0010716723467528,-0.0106869536230097,6.86745681423425e-07,1.0340369450008333e-07,0.4915421570809421,0.0264208757633955,1.776645573767292e-05,4.19,0.0,0.0,0.0,0.0,0.0,61.1,0.0,0.0,0.52,0.0,0.0
ymlfiles\Case_663_H4_T12_dir0_heavequadhigh_pitchquadhigh_rollquadhigh.yml,4,12.0,9.3023,0,quadhigh,quadhigh,quadhigh,1.0,4.0,100,1300.0,150,1300,0.8204893164647166,2.1947498271773656,0.0006210352459474,-0.0133436485480548,0.270182789092564,-0.0023222954254702,3.04596803110748,8.548425105641286,3.9060466515816045e-05,-0.0111023373165273,8.438524311542799e-07,1.0499020349380497e-07,0.4974049809099963,0.0269374473285599,1.3393411882526912e-05,4.44,0.0,0.0,0.0,0.0,0.0,61.52,0.0,0.0,0.57,0.0,0.0
ymlfiles\Case_664_H4_T12_dir0_heaveDOFbest_pitchDOFbest_rollDOFbest.yml,4,12.0,9.3023,0,DOFbest,DOFbest,DOFbest,3.3,2.4,233,304.5,248,640,0.8181544148065115,2.1720963815122567,0.0006466799796191,-0.013723462043292,0.2698722486615433,-0.0023104488538822,3.0356131772385666,8.461248899595038,0.0001573087508319,-0.0108717573005522,7.557679325622702e-07,1.0112034850172105e-07,0.4953724042024057,0.026650649897359,1.3917467988064256e-05,4.35,0.0,0.0,0.0,0.0,0.0,61.38,0.0,0.0,0.55,0.0,0.0
ymlfiles\Case_665_H4_T12_dir45_heavelow_pitchlow_rolllow.yml,4,12.0,9.3023,45,low,low,low,1.0,1.0,100,300.0,150,200,0.877318359171961,2.071322648638628,3.263719237899262,-0.0207804498041948,0.339832377841847,-0.1682654248568682,3.251546071800713,8.139218044111592,12.1523062649133,-0.0072122883745554,-0.0001761074825175,-0.0001170175572826,0.5417389595320651,0.0252535155808539,0.0411684916694281,6.49,0.0,0.0,0.0,0.0,0.0,64.45,0.0,6.17,1.11,0.0,0.0
ymlfiles\Case_666_H4_T12_dir45_heavelinhigh_pitchlinhigh_rolllinhigh.yml,4,12.0,9.3023,45,linhigh,linhigh,linhigh,6.5,1.0,300,300.0,325,200,0.8663621551073754,2.006287942674553,3.1300407522871767,-0.0207200082566043,0.3383132031491743,-0.1636441677346205,3.209630801089982,7.893251013944022,11.649614970660744,-0.0064861537155637,-0.0001740811812638,-0.0001158548091684,0.5313781713313486,0.0243413374786656,0.0393631293877377,5.98,0.0,0.0,0.0,0.0,0.0,63.8,0.0,5.07,0.97,0.0,0.0
ymlfiles\Case_667_H4_T12_dir45_heavequadhigh_pitchquadhigh_rollquadhigh.yml,4,12.0,9.3023,45,quadhigh,quadhigh,quadhigh,1.0,4.0,100,1300.0,150,1300,0.8729780284837108,2.05548798115453,3.218884636027884,-0.0204461961029172,0.3390300512951996,-0.1665986742419878,3.235468014201826,8.07879165142209,11.986093857714543,-0.0069961074270991,-0.0001751536104186,-0.0001166675670865,0.5374556480811299,0.0250232561450222,0.040560601356776,6.28,0.0,0.0,0.0,0.0,0.0,64.18,0.0,5.79,1.05,0.0,0.0
ymlfiles\Case_668_H4_T12_dir45_heaveDOFbest_pitchDOFbest_rollDOFbest.yml,4,12.0,9.3023,45,DOFbest,DOFbest,DOFbest,3.3,2.4,233,304.5,248,640,0.870755739577504,2.027525784893456,3.172384427775226,-0.0205256720897642,0.3386656410378822,-0.1649657892317328,3.2268772601218547,7.971787809159664,11.810816108929693,-0.0067257495899553,-0.0001746535924156,-0.0001161748439431,0.5353693266095185,0.0246364643074593,0.0399369459688754,6.18,0.0,0.0,0.0,0.0,0.0,64.05,0.0,5.41,1.02,0.0,0.0
ymlfiles\Case_669_H4_T12_dir90_heavelow_pitchlow_rolllow.yml,4,12.0,9.3023,90,low,low,low,1.0,1.0,100,300.0,150,200,0.8499715477037875,1.219553986374707,3.2408200886844107,-0.0108241753217209,0.4255230977405246,-0.0054760176352967,3.158411993248226,5.064114909768469,12.148156767491106,-0.0118595491582966,-0.0001843122198465,-3.073588828685733e-05,0.5190325291051813,0.0175870840268664,0.0373115604442893,5.4,0.0,0.0,0.0,0.0,0.0,63.0,0.0,3.92,0.81,0.0,0.0
ymlfiles\Case_670_H4_T12_dir90_heavelinhigh_pitchlinhigh_rolllinhigh.yml,4,12.0,9.3023,90,linhigh,linhigh,linhigh,6.5,1.0,300,300.0,325,200,0.8391861762093218,1.1551455469976473,3.126213480730931,-0.011618297419081,0.4240512481725031,-0.0055177146764034,3.1165390319139625,4.818535377961834,11.710914826319089,-0.0109385503966099,-0.0001817729148953,-3.1303155743745417e-05,0.5088491658750423,0.0167319244244573,0.0357767880051222,4.94,0.0,0.0,0.0,0.0,0.0,62.32,0.0,3.15,0.69,0.0,0.0
ymlfiles\Case_671_H4_T12_dir90_heavequadhigh_pitchquadhigh_rollquadhigh.yml,4,12.0,9.3023,90,quadhigh,quadhigh,quadhigh,1.0,4.0,100,1300.0,150,1300,0.8458205397899262,1.20635606269461,3.204194709239624,-0.0113322752526387,0.4257019993514915,-0.0073753185552971,3.1422088921768108,5.014324391132175,12.008150186869036,-0.0115704870635001,-0.0001840600444076,-3.113053946901397e-05,0.5148573956759066,0.017415878288695,0.0368212236083722,5.21,0.0,0.0,0.0,0.0,0.0,62.73,0.0,3.67,0.76,0.0,0.0
ymlfiles\Case_672_H4_T12_dir90_heaveDOFbest_pitchDOFbest_rollDOFbest.yml,4,12.0,9.3023,90,DOFbest,DOFbest,DOFbest,3.3,2.4,233,304.5,248,640,0.8435544555127384,1.1782543214703098,3.1615460064599783,-0.0113638438344202,0.4246792486310644,-0.0059471507127558,3.13351146218702,4.90618142777993,11.844408339790077,-0.0112321190952391,-0.0001827696960602,-3.123122506505981e-05,0.5127791677053898,0.0170380627986226,0.0362504394796932,5.12,0.0,0.0,0.0,0.0,0.0,62.59,0.0,3.38,0.73,0.0,0.0
ymlfiles\Case_673_H4_T12_dir135_heavelow_pitchlow_rolllow.yml,4,12.0,9.3023,135,low,low,low,1.0,1.0,100,300.0,150,200,0.8563216184230291,1.7959947487882335,2.0293928079104213,-0.1085836814498851,0.5921135819244581,0.0294570771047882,3.0843253464808877,7.384715892386798,7.639921800182332,-0.0050382121089921,-0.0003224911109124,7.878307565992256e-05,0.5087593468224145,0.0233257349293882,0.0229005557793242,4.93,0.0,0.0,0.0,0.0,0.0,62.31,0.0,0.08,0.69,0.0,0.0
ymlfiles\Case_674_H4_T12_dir135_heavelinhigh_pitchlinhigh_rolllinhigh.yml,4,12.0,9.3023,135,linhigh,linhigh,linhigh,6.5,1.0,300,300.0,325,200,0.8457289274912113,1.7268876675277562,1.958116835531408,-0.1112949403472873,0.5971206443279716,0.0228157801272783,3.040372569220192,7.12655279884021,7.364598910075522,-0.0045138655898148,-0.0003234190342313,8.754670566204664e-05,0.4994565690696173,0.0223095369637913,0.0220013945122101,4.53,0.0,0.0,0.0,0.0,0.0,61.67,0.0,0.05,0.59,0.0,0.0
ymlfiles\Case_675_H4_T12_dir135_heavequadhigh_pitchquadhigh_rollquadhigh.yml,4,12.0,9.3023,135,quadhigh,quadhigh,quadhigh,1.0,4.0,100,1300.0,150,1300,0.8524433733907745,1.778673927146628,2.0155772579793987,-0.1095586547668467,0.5937929528521207,0.0263150660037766,3.068231850446338,7.32051774761787,7.585920205555615,-0.0049199129764394,-0.0003234033821427,8.128771905959788e-05,0.5052941236138325,0.023073762894422,0.0227374718673045,4.78,0.0,0.0,0.0,0.0,0.0,62.08,0.0,0.07,0.65,0.0,0.0
ymlfiles\Case_676_H4_T12_dir135_heaveDOFbest_pitchDOFbest_rollDOFbest.yml,4,12.0,9.3023,135,DOFbest,DOFbest,DOFbest,3.3,2.4,233,304.5,248,640,0.8501133266632557,1.7497065135155547,1.9800322778605968,-0.1103303884154867,0.5953826115609744,0.0245228391916447,3.058554851682207,7.211457682669225,7.450346724022187,-0.004679808805961,-0.0003233399592541,8.458521803246241e-05,0.5032422527118235,0.0226473779367606,0.0222744989903569,4.69,0.0,0.0,0.0,0.0,0.0,61.93,0.0,0.06,0.63,0.0,0.0
ymlfiles\Case_677_H4_T12_dir180_heavelow_pitchlow_rolllow.yml,4,12.0,9.3023,180,low,low,low,1.0,1.0,100,300.0,150,200,0.9071912187731058,3.923519845462784,0.0003767079872112,-0.0810164885845567,0.3758107736696686,-0.0023618058301388,3.305040205056549,15.24607126410564,-0.0009334572425892,-0.0031365439524266,5.414552203865118e-07,1.7173086685118834e-07,0.5547950418469989,0.052900590340526,5.161602068079079e-06,7.15,0.0,0.0,0.0,0.0,0.0,65.23,2.92,0.0,1.32,0.0,0.0
ymlfiles\Case_678_H4_T12_dir180_heavelinhigh_pitchlinhigh_rolllinhigh.yml,4,12.0,9.3023,180,linhigh,linhigh,linhigh,6.5,1.0,300,300.0,325,200,0.8961465275847663,3.76058437953128,0.0003791759232313,-0.0837396434261623,0.3867300729479216,-0.0023556928587701,3.259952238598624,14.643206860737672,-0.0009199840528391,-0.0025803019015058,4.027477170927711e-07,1.5749822067599058e-07,0.5439155251645287,0.0506474598994493,5.133494337889983e-06,6.6,0.0,0.0,0.0,0.0,0.0,64.58,2.27,0.0,1.15,0.0,0.0
ymlfiles\Case_679_H4_T12_dir180_heavequadhigh_pitchquadhigh_rollquadhigh.yml,4,12.0,9.3023,180,quadhigh,quadhigh,quadhigh,1.0,4.0,100,1300.0,150,1300,0.9027999394196696,3.8369122294665847,0.0003971395420232,-0.082454078186135,0.3822435635977083,-0.0023549072429925,3.287212332413585,14.92577825293031,-0.0008500496364184,-0.0028403389441824,4.261178763882709e-07,1.6221006515816693e-07,0.5501150750461367,0.0517132339371762,5.562043667434464e-06,6.91,0.0,0.0,0.0,0.0,0.0,64.95,2.57,0.0,1.24,0.0,0.0
ymlfiles\Case_680_H4_T12_dir180_heaveDOFbest_pitchDOFbest_rollDOFbest.yml,4,12.0,9.3023,180,DOFbest,DOFbest,DOFbest,3.3,2.4,233,304.5,248,640,0.9005919513553634,3.7971931684814906,0.0003701150216199,-0.0828423546906592,0.384219479091772,-0.0023540445235256,3.277898254177067,14.778722057393722,-0.0009516675041099,-0.00271394068296,4.00594747459092e-07,1.6263356702767025e-07,0.5480230334769953,0.0511566396772415,5.16571455385679e-06,6.8,0.0,0.0,0.0,0.0,0.0,64.83,2.41,0.0,1.21,0.0,0.0
ymlfiles\Case_681_H6_T9_dir0_heavelow_pitchlow_rolllow.yml,6,9.0,6.9767,0,low,low,low,1.0,1.0,100,300.0,150,200,0.9460979168001404,4.092133645467345,0.0008285182027604,-0.0068542517343646,-0.0384611588589883,-0.002319991525357,3.569494082054692,15.515199831605608,0.0008354956793332,-0.0016189107296499,-3.443469079233039e-06,1.7798209803816174e-07,0.7232581820288599,0.0571039391906878,1.6701374549596702e-05,16.68,0.0,0.0,0.0,0.0,0.0,72.96,4.33,0.0,5.73,0.0,0.0
ymlfiles\Case_682_H6_T9_dir0_heavelinhigh_pitchlinhigh_rolllinhigh.yml,6,9.0,6.9767,0,linhigh,linhigh,linhigh,6.5,1.0,300,300.0,325,200,0.9264201964513123,3.9725428815380126,0.0008310313331128,-0.0065554355175521,-0.0225234447863072,-0.0023015461283637,3.4946340361994923,15.09096844317344,0.0008715401149774,-0.0004980287836566,-3.386760336750525e-06,1.381638794581695e-07,0.7043039656803339,0.0556510286605938,1.8856299167346543e-05,15.57,0.0,0.0,0.0,0.0,0.0,72.26,3.81,0.0,5.09,0.0,0.0
ymlfiles\Case_683_H6_T9_dir0_heavequadhigh_pitchquadhigh_rollquadhigh.yml,6,9.0,6.9767,0,quadhigh,quadhigh,quadhigh,1.0,4.0,100,1300.0,150,1300,0.9352209271764352,4.02327018411994,0.0008757240270573,-0.0060231259189429,-0.0257743351605724,-0.00235642646791,3.5288181893357438,15.272292455249804,0.0009708807808491,-0.000945992223993,-3.3829608536440786e-06,2.130387394075117e-07,0.7114496234065745,0.056263888448533,1.5271329171421047e-05,15.98,0.0,0.0,0.0,0.0,0.0,72.53,4.03,0.0,5.33,0.0,0.0
ymlfiles\Case_684_H6_T9_dir0_heaveDOFbest_pitchDOFbest_rollDOFbest.yml,6,9.0,6.9767,0,DOFbest,DOFbest,DOFbest,3.3,2.4,233,304.5,248,640,0.9327801295140106,3.995979458483455,0.0009660607193295,-0.0062399428499977,-0.0257542443224466,-0.0023292999145901,3.519180752315465,15.173110895993831,0.0013442023842884,-0.0007366724364719,-3.407265936669937e-06,1.8595711013556122e-07,0.7096496740412621,0.0559358830666982,1.948285218199713e-05,15.88,0.0,0.0,0.0,0.0,0.0,72.46,3.91,0.0,5.27,0.0,0.0
ymlfiles\Case_685_H6_T9_dir45_heavelow_pitchlow_rolllow.yml,6,9.0,6.9767,45,low,low,low,1.0,1.0,100,300.0,150,200,1.068232929096367,4.086200370874483,6.695742139878591,-0.0181830459382596,0.0752909210598206,-0.0341743956529832,4.024704955361377,15.548240336670984,25.369841162854343,0.0086820845651411,-0.0002075149005697,-0.0001186074610477,0.8355971854457694,0.055752484742105,0.0915938856853038,23.14,0.0,0.03,0.0,0.0,0.0,76.48,3.85,40.1,9.99,0.0,0.0
ymlfiles\Case_686_H6_T9_dir45_heavelinhigh_pitchlinhigh_rolllinhigh.yml,6,9.0,6.9767,45,linhigh,linhigh,linhigh,6.5,1.0,300,300.0,325,200,1.0484203454794472,3.962031050184768,6.404091874130219,-0.0177645073339806,0.0849648291347133,-0.0379042897346169,3.948631037809488,15.090126279590992,24.26714206714254,0.010057319111731,-0.0001926902617717,-0.000109116478232,0.815264288126677,0.0539763026795811,0.0877512746243617,22.0,0.0,0.01,0.0,0.0,0.0,75.91,3.25,38.07,9.17,0.0,0.0
ymlfiles\Case_687_H6_T9_dir45_heavequadhigh_pitchquadhigh_rollquadhigh.yml,6,9.0,6.9767,45,quadhigh,quadhigh,quadhigh,1.0,4.0,100,1300.0,150,1300,1.0559613631236002,4.027551247928806,6.491912775796884,-0.0170586178306809,0.0822735864050652,-0.0377504830660283,3.979385798481903,15.33312046850134,24.59420639930857,0.0095341782639456,-0.0001955944757422,-0.0001135171081765,0.8216791375008067,0.0548621510393712,0.0888752425586167,22.36,0.0,0.02,0.0,0.0,0.0,76.09,3.55,38.68,9.42,0.0,0.0
ymlfiles\Case_688_H6_T9_dir45_heaveDOFbest_pitchDOFbest_rollDOFbest.yml,6,9.0,6.9767,45,DOFbest,DOFbest,DOFbest,3.3,2.4,233,304.5,248,640,1.0541585709376995,3.9896384089160586,6.497853292465956,-0.0174120157077162,0.0829343911033633,-0.0379634588705707,3.97134367962236,15.190219374900684,24.61909489415221,0.0096775822569887,-0.000196040313152,-0.0001102694279458,0.8206416988346223,0.0543711218597578,0.0889820281750705,22.3,0.0,0.02,0.0,0.0,0.0,76.06,3.38,38.73,9.38,0.0,0.0
ymlfiles\Case_689_H6_T9_dir90_heavelow_pitchlow_rolllow.yml,6,9.0,6.9767,90,low,low,low,1.0,1.0,100,300.0,150,200,1.022674348906955,2.7031513802220117,6.122545508555,-0.0069113683109289,0.3428544910915469,0.1671530390496503,3.861236795217477,10.634628074231824,23.311880807883327,0.0010471144316028,0.0001234774998221,8.650798220847762e-06,0.7855792454944922,0.0390442013756204,0.0797734012259382,20.3,0.0,0.0,0.0,0.0,0.0,75.03,0.31,33.49,8.01,0.0,0.0
ymlfiles\Case_690_H6_T9_dir90_heavelinhigh_pitchlinhigh_rolllinhigh.yml,6,9.0,6.9767,90,linhigh,linhigh,linhigh,6.5,1.0,300,300.0,325,200,1.002968466901504,2.5857116963131928,5.866846118190344,-0.0068420349283445,0.3371357414994108,0.155695151335808,3.785522836953716,10.183697729137943,22.337486454421988,0.0027530857499925,9.492756036567616e-05,1.3414241698664792e-06,0.7659962925862293,0.0375171641007826,0.0763731037706428,19.17,0.0,0.0,0.0,0.0,0.0,74.41,0.21,31.38,7.26,0.0,0.0
ymlfiles\Case_691_H6_T9_dir90_heavequadhigh_pitchquadhigh_rollquadhigh.yml,6,9.0,6.9767,90,quadhigh,quadhigh,quadhigh,1.0,4.0,100,1300.0,150,1300,1.011323315456341,2.6554340026977794,5.968638960513155,-0.0070665057530172,0.3416244709290277,0.1546734525698182,3.8175192432716902,10.451722529326666,22.7200868640953,0.0020878872081959,0.0001008709591906,3.0121076984370297e-06,0.7733663938585842,0.0384255322146327,0.0777011406077458,19.6,0.0,0.0,0.0,0.0,0.0,74.65,0.27,32.22,7.54,0.0,0.0
ymlfiles\Case_692_H6_T9_dir90_heaveDOFbest_pitchDOFbest_rollDOFbest.yml,6,9.0,6.9767,90,DOFbest,DOFbest,DOFbest,3.3,2.4,233,304.5,248,640,1.0090689428622386,2.6183411600824638,5.94783893244492,-0.0069060505617963,0.3400292211033701,0.158447601923575,3.8087352935712993,10.309868960413397,22.645223113680583,0.0022558467927821,0.0001023367484693,3.0666486737431925e-06,0.771644648113789,0.0379380756860303,0.0774464767288978,19.5,0.0,0.0,0.0,0.0,0.0,74.6,0.24,32.06,7.48,0.0,0.0
ymlfiles\Case_693_H6_T9_dir135_heavelow_pitchlow_rolllow.yml,6,9.0,6.9767,135,low,low,low,1.0,1.0,100,300.0,150,200,1.004032349888626,4.029394585540367,3.584890414135807,-0.0419465723601419,0.3979025612551286,0.2328336624283194,3.756312712626598,15.670338213324264,13.77169680040926,0.0019506839516684,-0.0006038700000416,0.0002267750795814,0.7402294325283466,0.0547737616902685,0.045921934696283,17.67,0.0,0.0,0.0,0.0,0.0,73.56,3.52,9.39,6.32,0.0,0.0
ymlfiles\Case_694_H6_T9_dir135_heavelinhigh_pitchlinhigh_rolllinhigh.yml,6,9.0,6.9767,135,linhigh,linhigh,linhigh,6.5,1.0,300,300.0,325,200,0.9843192345064103,3.856753705896591,3.4400195503011712,-0.0474576875350563,0.4093046734458725,0.1936248575284204,3.675005009852093,15.032784383777864,13.184632977777976,0.0032432515163917,-0.0006064578777781,0.0002492279843738,0.722819701812438,0.0524577468351021,0.044072793472969,16.65,0.0,0.0,0.0,0.0,0.0,72.94,2.78,8.09,5.71,0.0,0.0
ymlfiles\Case_695_H6_T9_dir135_heavequadhigh_pitchquadhigh_rollquadhigh.yml,6,9.0,6.9767,135,quadhigh,quadhigh,quadhigh,1.0,4.0,100,1300.0,150,1300,0.993304048095872,3.9322005730316967,3.536095231687552,-0.0460029281852155,0.4037375837594972,0.2068454451687544,3.711466080291464,15.310145208094577,13.561426437632845,0.0026672083347561,-0.0006124894993061,0.0002380389861505,0.7306199571610975,0.0534803247020607,0.0453016354171821,17.11,0.0,0.0,0.0,0.0,0.0,73.22,3.1,8.95,5.98,0.0,0.0
ymlfiles\Case_696_H6_T9_dir135_heaveDOFbest_pitchDOFbest_rollDOFbest.yml,6,9.0,6.9767,135,DOFbest,DOFbest,DOFbest,3.3,2.4,233,304.5,248,640,0.9908591158201212,3.893286543762304,3.4858866947072364,-0.0461651575226559,0.4065890163802464,0.202661829811433,3.701850440216752,15.167035154313918,13.367622936586878,0.0029308251877946,-0.0006078001540648,0.0002430270143476,0.7284260701966929,0.0529537618637125,0.0446617713936423,16.98,0.0,0.0,0.0,0.0,0.0,73.14,2.93,8.5,5.91,0.0,0.0
ymlfiles\Case_697_H6_T9_dir180_heavelow_pitchlow_rolllow.yml,6,9.0,6.9767,180,low,low,low,1.0,1.0,100,300.0,150,200,1.1116473530648123,8.501289589632366,0.0008303212818988,-0.0607712874778407,0.3090570055805091,-0.0024206779619381,4.148242062590045,32.614690025685306,0.0007454707548383,0.0120180514094224,-1.839012517648088e-06,5.968032086426093e-07,0.8917451271403941,0.1197588063460236,1.427087926061719e-05,26.21,0.0,0.0,0.0,0.0,0.0,77.92,33.53,0.0,12.31,0.12,0.0
ymlfiles\Case_698_H6_T9_dir180_heavelinhigh_pitchlinhigh_rolllinhigh.yml,6,9.0,6.9767,180,linhigh,linhigh,linhigh,6.5,1.0,300,300.0,325,200,1.0908151103089812,8.186186081113531,0.0007687476065703,-0.0626585266259248,0.3142462206273469,-0.0024026713521165,4.066141961945473,31.43032846854252,0.0005305556242279,0.0130895067228742,-1.6540649851206843e-06,5.095003046450544e-07,0.8680777166879623,0.1155366560161863,1.299949126648319e-05,24.93,0.0,0.0,0.0,0.0,0.0,77.34,31.79,0.0,11.32,0.08,0.0
ymlfiles\Case_699_H6_T9_dir180_heavequadhigh_pitchquadhigh_rollquadhigh.yml,6,9.0,6.9767,180,quadhigh,quadhigh,quadhigh,1.0,4.0,100,1300.0,150,1300,1.0985443467153957,8.161271917514618,0.0007632872408713,-0.060605152831216,0.318790829436581,-0.0024198923163504,4.098348717220197,31.34017315775545,0.0004864081475449,0.0129507443691209,-1.7320373326004784e-06,5.322821277196013e-07,0.8729193538153027,0.1151740205922763,1.2715544860878012e-05,25.2,0.0,0.0,0.0,0.0,0.0,77.46,31.64,0.0,11.52,0.08,0.0
ymlfiles\Case_700_H6_T9_dir180_heaveDOFbest_pitchDOFbest_rollDOFbest.yml,6,9.0,6.9767,180,DOFbest,DOFbest,DOFbest,3.3,2.4,233,304.5,248,640,1.096932304019939,8.187485362853565,0.0006948428170492,-0.0614784804284773,0.3174503921293892,-0.0023994915982955,4.091372394120748,31.43847127167173,0.0002494472772687,0.012985084646803,-1.6939454298271996e-06,4.920839148544606e-07,0.8728243715941948,0.1155483467003177,1.1678694386406325e-05,25.19,0.0,0.0,0.0,0.0,0.0,77.46,31.8,0.0,11.52,0.08,0.0
ymlfiles\Case_701_H6_T9p5_dir0_heavelow_pitchlow_rolllow.yml,6,9.5,7.3643,0,low,low,low,1.0,1.0,100,300.0,150,200,0.9966280564074304,4.09266632470805,0.0008782262214975,-0.0100483904557264,-0.0316146634131793,-0.0022995943492873,3.7480620418374,15.484971348049802,0.0010482719478477,-0.0064386313438637,-5.315575577323862e-06,1.4449157436173038e-07,0.737209764966664,0.0548682870824616,1.80888353455093e-05,17.5,0.0,0.0,0.0,0.0,0.0,73.45,3.55,0.0,6.22,0.0,0.0
ymlfiles\Case_702_H6_T9p5_dir0_heavelinhigh_pitchlinhigh_rolllinhigh.yml,6,9.5,7.3643,0,linhigh,linhigh,linhigh,6.5,1.0,300,300.0,325,200,0.977609362085885,3.981789404078096,0.0009590874386097,-0.0098017100930345,-0.0164867988164973,-0.0022680398293223,3.6755303016609298,15.085279437076618,0.0013975817912845,-0.0050425901185221,-4.955383620440936e-06,1.6040323381161486e-07,0.7182631746556802,0.0535252573401634,2.259720027593465e-05,16.38,0.0,0.0,0.0,0.0,0.0,72.78,3.11,0.0,5.56,0.0,0.0
ymlfiles\Case_703_H6_T9p5_dir0_heavequadhigh_pitchquadhigh_rollquadhigh.yml,6,9.5,7.3643,0,quadhigh,quadhigh,quadhigh,1.0,4.0,100,1300.0,150,1300,0.9855208015298628,4.031709360579609,0.0009512781943223,-0.0091444589854914,-0.0181034914092618,-0.0023343208730702,3.7068686612428903,15.26898418603716,0.0012740775748525,-0.0056482743733056,-5.189068496770241e-06,2.119509408410544e-07,0.724556135064599,0.0541255162219655,1.826026120196363e-05,16.75,0.0,0.0,0.0,0.0,0.0,73.01,3.3,0.0,5.77,0.0,0.0
ymlfiles\Case_704_H6_T9p5_dir0_heaveDOFbest_pitchDOFbest_rollDOFbest.yml,6,9.5,7.3643,0,DOFbest,DOFbest,DOFbest,3.3,2.4,233,304.5,248,640,0.983486250737246,4.004735482445778,0.0008577155180784,-0.0094219500988314,-0.0189911706924004,-0.0023536316009633,3.6984924116023374,15.16980285004145,0.0009028999631438,-0.0053487134832358,-5.054573472020047e-06,2.2766605303090098e-07,0.7231943196192125,0.0538031417168167,1.5468943811290564e-05,16.67,0.0,0.0,0.0,0.0,0.0,72.96,3.2,0.0,5.73,0.0,0.0
ymlfiles\Case_705_H6_T9p5_dir45_heavelow_pitchlow_rolllow.yml,6,9.5,7.3643,45,low,low,low,1.0,1.0,100,300.0,150,200,1.1134405088558617,3.936405771797364,6.410581244116588,-0.0186422178389393,0.093185080118065,-0.0954089653567891,4.183312624812318,14.96936387978492,24.18265407361768,0.0019608881059687,-0.0003150656925693,-0.0001831694357799,0.8427790658887977,0.0521971579945738,0.0859394752508405,23.54,0.0,0.01,0.0,0.0,0.0,76.67,2.71,37.07,10.28,0.0,0.0
ymlfiles\Case_706_H6_T9p5_dir45_heavelinhigh_pitchlinhigh_rolllinhigh.yml,6,9.5,7.3643,45,linhigh,linhigh,linhigh,6.5,1.0,300,300.0,325,200,1.0941836297614291,3.8280709216209305,6.147650932361513,-0.017830818590596,0.0979330105241518,-0.0930311768930622,4.109564496077761,14.564700612543088,23.189265886959348,0.0036853565375267,-0.0002964240342835,-0.0001735966324251,0.8224478382070591,0.050635342258824,0.0824780200934667,22.4,0.0,0.01,0.0,0.0,0.0,76.12,2.27,35.1,9.46,0.0,0.0
ymlfiles\Case_707_H6_T9p5_dir45_heavequadhigh_pitchquadhigh_rollquadhigh.yml,6,9.5,7.3643,45,quadhigh,quadhigh,quadhigh,1.0,4.0,100,1300.0,150,1300,1.101306779224,3.8897907796783646,6.238576774320325,-0.0169310378996425,0.0968166751876963,-0.095525931211355,4.138760720498656,14.79683148219008,23.531124201245227,0.0029633683370034,-0.0003016038224504,-0.0001782120637802,0.8285546337220936,0.0514672731985271,0.0836387376796461,22.75,0.0,0.01,0.0,0.0,0.0,76.29,2.5,35.77,9.7,0.0,0.0
ymlfiles\Case_708_H6_T9p5_dir45_heaveDOFbest_pitchDOFbest_rollDOFbest.yml,6,9.5,7.3643,45,DOFbest,DOFbest,DOFbest,3.3,2.4,233,304.5,248,640,1.0996729370337897,3.853830523169184,6.232328620164727,-0.0174696232184667,0.0971507434105705,-0.0947076474232553,4.131342724270704,14.661267160733429,23.51206959287016,0.0032006063656802,-0.000301110075175,-0.0001750711519012,0.8276185790361574,0.0510032739361003,0.0835870776577928,22.69,0.0,0.01,0.0,0.0,0.0,76.26,2.37,35.74,9.66,0.0,0.0
ymlfiles\Case_709_H6_T9p5_dir90_heavelow_pitchlow_rolllow.yml,6,9.5,7.3643,90,low,low,low,1.0,1.0,100,300.0,150,200,1.0661288169524594,2.584877826837793,5.984158161933249,-0.0067421758577259,0.3645468126328173,0.1437982743271613,4.015056802461091,10.19457901381375,22.72070552590681,-0.0055379326187063,0.0001772193405924,3.9557037529756085e-05,0.7932003370415946,0.0369152069965999,0.0759496700955704,20.74,0.0,0.0,0.0,0.0,0.0,75.26,0.18,31.11,8.3,0.0,0.0
ymlfiles\Case_710_H6_T9p5_dir90_heavelinhigh_pitchlinhigh_rolllinhigh.yml,6,9.5,7.3643,90,linhigh,linhigh,linhigh,6.5,1.0,300,300.0,325,200,1.0471523854255227,2.474997681049472,5.755408608070177,-0.0062882561390654,0.3540955627300949,0.137304894215253,3.942572710416408,9.77376386995778,21.849951818311236,-0.0034364266600452,0.0001539346664116,3.26263468544659e-05,0.7738548169293893,0.0354883792159231,0.0729148994921548,19.63,0.0,0.0,0.0,0.0,0.0,74.67,0.11,29.14,7.56,0.0,0.0
ymlfiles\Case_711_H6_T9p5_dir90_heavequadhigh_pitchquadhigh_rollquadhigh.yml,6,9.5,7.3643,90,quadhigh,quadhigh,quadhigh,1.0,4.0,100,1300.0,150,1300,1.0549487863693596,2.541965501260045,5.854018347410879,-0.0063886893433153,0.3611283497097003,0.1340562867234756,3.972324397658238,10.030386424851596,22.221233663456918,-0.0043010590050964,0.0001581904406432,3.47217714208166e-05,0.7806634339496104,0.036360312938996,0.0741890161250357,20.02,0.0,0.0,0.0,0.0,0.0,74.88,0.15,29.98,7.82,0.0,0.0
ymlfiles\Case_712_H6_T9p5_dir90_heaveDOFbest_pitchDOFbest_rollDOFbest.yml,6,9.5,7.3643,90,DOFbest,DOFbest,DOFbest,3.3,2.4,233,304.5,248,640,1.0528982683251455,2.505648692439544,5.82781468215956,-0.006367426162329,0.3588913608343945,0.138455426298884,3.964384372266924,9.893325981024228,22.125513254329963,-0.0040671861678656,0.000159012198982,3.4016627309619744e-05,0.7791600742797948,0.035884209353166,0.0738688974101021,19.93,0.0,0.0,0.0,0.0,0.0,74.83,0.13,29.77,7.76,0.0,0.0
ymlfiles\Case_713_H6_T9p5_dir135_heavelow_pitchlow_rolllow.yml,6,9.5,7.3643,135,low,low,low,1.0,1.0,100,300.0,150,200,1.0475221821495746,3.8177506262764265,3.6138589147528974,-0.0413719049309301,0.383957705730618,0.2147005589074745,3.909331929125813,14.832287204201888,13.837217565168451,-0.0013166385307977,-0.0006054643355774,0.0001913265445191,0.7424904305873624,0.05077844222093,0.0448190325213735,17.8,0.0,0.0,0.0,0.0,0.0,73.63,2.31,8.61,6.4,0.0,0.0
ymlfiles\Case_714_H6_T9p5_dir135_heavelinhigh_pitchlinhigh_rolllinhigh.yml,6,9.5,7.3643,135,linhigh,linhigh,linhigh,6.5,1.0,300,300.0,325,200,1.0292306123102792,3.6689094068009074,3.4809608726929047,-0.0459615086986239,0.3946373624764585,0.1823353941706577,3.834869253406464,14.281197300659803,13.303148427707066,0.0001528033028735,-0.0006121882349054,0.0002156493403927,0.7263136714117829,0.0487722021950631,0.0431436123206274,16.86,0.0,0.0,0.0,0.0,0.0,73.07,1.8,7.46,5.83,0.0,0.0
ymlfiles\Case_715_H6_T9p5_dir135_heavequadhigh_pitchquadhigh_rollquadhigh.yml,6,9.5,7.3643,135,quadhigh,quadhigh,quadhigh,1.0,4.0,100,1300.0,150,1300,1.0374360254488786,3.737648947311593,3.569858616123758,-0.0448792328563437,0.3893711742244751,0.1911906693932029,3.8675655438149663,14.535321237188471,13.648625454352638,-0.0005561421179201,-0.00061605134067,0.0002040104858377,0.7334167932561702,0.0497139839006228,0.04426768837244,17.27,0.0,0.0,0.0,0.0,0.0,73.32,2.03,8.23,6.08,0.0,0.0
ymlfiles\Case_716_H6_T9p5_dir135_heaveDOFbest_pitchDOFbest_rollDOFbest.yml,6,9.5,7.3643,135,DOFbest,DOFbest,DOFbest,3.3,2.4,233,304.5,248,640,1.0352510107144086,3.701511036669306,3.5225237222731725,-0.0449984197439838,0.3920444737270143,0.1885436563117456,3.858757518036532,14.40124082784857,13.466019863732614,-0.0002154773689033,-0.0006128457163696,0.0002093384828023,0.7314481508856566,0.0492203111708884,0.0436718410273993,17.16,0.0,0.0,0.0,0.0,0.0,73.25,1.91,7.82,6.01,0.0,0.0
ymlfiles\Case_717_H6_T9p5_dir180_heavelow_pitchlow_rolllow.yml,6,9.5,7.3643,180,low,low,low,1.0,1.0,100,300.0,150,200,1.1554931906701902,8.049923263780162,0.0007249838069024,-0.0579173289495565,0.2191842563296616,-0.0023868544094897,4.303485203189098,30.74441208347722,0.0003751025793217,0.0054925397113282,1.0262026885055825e-05,5.287386379611162e-07,0.8911996712030551,0.1112008306667438,1.2598835200722756e-05,26.18,0.0,0.0,0.0,0.0,0.0,77.91,29.94,0.0,12.29,0.05,0.0
ymlfiles\Case_718_H6_T9p5_dir180_heavelinhigh_pitchlinhigh_rolllinhigh.yml,6,9.5,7.3643,180,linhigh,linhigh,linhigh,6.5,1.0,300,300.0,325,200,1.1353892618333887,7.770051317693104,0.0007115092613336,-0.0588278841049047,0.2268565591046012,-0.0024825057165837,4.225227614183486,29.69390323064295,0.0002201699714758,0.0068728248742958,9.376482952310267e-06,7.220580074943449e-07,0.868052299432075,0.1074107501741234,1.1416381356182885e-05,24.93,0.0,0.0,0.0,0.0,0.0,77.33,28.27,0.0,11.32,0.03,0.0
ymlfiles\Case_719_H6_T9p5_dir180_heavequadhigh_pitchquadhigh_rollquadhigh.yml,6,9.5,7.3643,180,quadhigh,quadhigh,quadhigh,1.0,4.0,100,1300.0,150,1300,1.1424469678238456,7.768309445425719,0.000885381259004,-0.0562524076914709,0.2275525732352408,-0.0023835137356349,4.25541301308827,29.68799338989564,0.0009898728966505,0.0066801742355382,9.667278535404596e-06,5.096900928427376e-07,0.8726039635844208,0.1073399568004758,1.4945492564885731e-05,25.18,0.0,0.0,0.0,0.0,0.0,77.45,28.24,0.0,11.51,0.03,0.0
ymlfiles\Case_720_H6_T9p5_dir180_heaveDOFbest_pitchDOFbest_rollDOFbest.yml,6,9.5,7.3643,180,DOFbest,DOFbest,DOFbest,3.3,2.4,233,304.5,248,640,1.1410770211231696,7.779663458329867,0.0006823362786362,-0.0574097677542066,0.2278830772574994,-0.0023634007982705,4.248841061644411,29.731382712254646,0.0002383724098189,0.0067252957195152,9.508944709013436e-06,4.49578228641998e-07,0.8725666030257451,0.1075269780048777,1.1581027286504588e-05,25.18,0.0,0.0,0.0,0.0,0.0,77.45,28.32,0.0,11.51,0.03,0.0
ymlfiles\Case_721_H6_T10_dir0_heavelow_pitchlow_rolllow.yml,6,10.0,7.7519,0,low,low,low,1.0,1.0,100,300.0,150,200,1.0342545281193414,3.958114957109539,0.0009498930488946,-0.0092597904366863,-0.027845116882643,-0.0023264190226742,3.87835846291915,14.945313041402796,0.0012876074532621,-0.0097716326488619,5.525482692620857e-06,1.965686793255382e-07,0.7393143818822159,0.0514667495437258,1.976479479690247e-05,17.62,0.0,0.0,0.0,0.0,0.0,73.52,2.5,0.0,6.29,0.0,0.0
ymlfiles\Case_722_H6_T10_dir0_heavelinhigh_pitchlinhigh_rolllinhigh.yml,6,10.0,7.7519,0,linhigh,linhigh,linhigh,6.5,1.0,300,300.0,325,200,1.0159628118235469,3.861929188213201,0.0011440540593979,-0.0091069524660767,-0.0164803373307607,-0.0023570684163758,3.808359197814976,14.596796096370872,0.0019899777212723,-0.0083236180254464,5.219169740175009e-06,2.629358599370555e-07,0.7204861335782101,0.0502818007158398,2.291140629300012e-05,16.52,0.0,0.0,0.0,0.0,0.0,72.86,2.17,0.0,5.63,0.0,0.0
ymlfiles\Case_723_H6_T10_dir0_heavequadhigh_pitchquadhigh_rollquadhigh.yml,6,10.0,7.7519,0,quadhigh,quadhigh,quadhigh,1.0,4.0,100,1300.0,150,1300,1.023137792945293,3.908218853197635,0.0008755251758943,-0.008224540569985,-0.0162878338169794,-0.0023084025166234,3.837136301020573,14.768925082475151,0.0010176627674033,-0.0089903365841687,5.301176804493304e-06,1.6737373118967908e-07,0.7260351435486189,0.0508445121435895,1.6388595117859363e-05,16.84,0.0,0.0,0.0,0.0,0.0,73.06,2.32,0.0,5.82,0.0,0.0
ymlfiles\Case_724_H6_T10_dir0_heaveDOFbest_pitchDOFbest_rollDOFbest.yml,6,10.0,7.7519,0,DOFbest,DOFbest,DOFbest,3.3,2.4,233,304.5,248,640,1.0213976553343955,3.882978403015986,0.0011433686141647,-0.0086135394754359,-0.0179561549751224,-0.0023291863720832,3.829740993437836,14.673370579096607,0.0020214044905298,-0.0086568011365348,5.252143885193373e-06,2.000421018164089e-07,0.7250287122599902,0.0505399419786604,2.5211216705139893e-05,16.78,0.0,0.0,0.0,0.0,0.0,73.02,2.24,0.0,5.79,0.0,0.0
ymlfiles\Case_725_H6_T10_dir45_heavelow_pitchlow_rolllow.yml,6,10.0,7.7519,45,low,low,low,1.0,1.0,100,300.0,150,200,1.1445879754650052,3.729800263365904,6.034436209161836,-0.0117727456192762,0.0719605690786962,-0.107082489732504,4.293418846165174,14.15339919917225,22.731974989293025,-0.001111522989836,-0.0002977395188821,-0.0002013686858349,0.8359166804720795,0.0483563325210914,0.0801760591824128,23.16,0.0,0.0,0.0,0.0,0.0,76.49,1.7,33.73,10.0,0.0,0.0
ymlfiles\Case_726_H6_T10_dir45_heavelinhigh_pitchlinhigh_rolllinhigh.yml,6,10.0,7.7519,45,linhigh,linhigh,linhigh,6.5,1.0,300,300.0,325,200,1.1262772966875054,3.635489160390901,5.802077502532795,-0.0109435183062603,0.0728692472745966,-0.103097226945733,4.223598851290574,13.79667966290292,21.857720772508834,0.0005532923321354,-0.0002829865477368,-0.0001920978846664,0.8163139347265438,0.0469628856847522,0.0770565761401024,22.06,0.0,0.0,0.0,0.0,0.0,75.94,1.4,31.81,9.21,0.0,0.0
ymlfiles\Case_727_H6_T10_dir45_heavequadhigh_pitchquadhigh_rollquadhigh.yml,6,10.0,7.7519,45,quadhigh,quadhigh,quadhigh,1.0,4.0,100,1300.0,150,1300,1.1329760382159682,3.693522031750972,5.890997431310839,-0.0099368231574467,0.0738322814586363,-0.1084671851825016,4.251322869677633,14.018288426048128,22.18770503024769,-0.0002067111792784,-0.0002862083496829,-0.0001959902082348,0.8221805769587293,0.0477559591110684,0.078220470605415,22.39,0.0,0.0,0.0,0.0,0.0,76.11,1.57,32.54,9.44,0.0,0.0
ymlfiles\Case_728_H6_T10_dir45_heaveDOFbest_pitchDOFbest_rollDOFbest.yml,6,10.0,7.7519,45,DOFbest,DOFbest,DOFbest,3.3,2.4,233,304.5,248,640,1.1314702157814456,3.6595414706989633,5.876609384623229,-0.0105633648766761,0.073790304301839,-0.1058907271078954,4.244266224333569,13.88995685449201,22.137029863535837,7.005545102670227e-05,-0.000286630110024,-0.0001937799519913,0.8212378345409455,0.0473130591536995,0.0780488381465043,22.33,0.0,0.0,0.0,0.0,0.0,76.08,1.47,32.43,9.41,0.0,0.0
ymlfiles\Case_729_H6_T10_dir90_heavelow_pitchlow_rolllow.yml,6,10.0,7.7519,90,low,low,low,1.0,1.0,100,300.0,150,200,1.0974340111236556,2.458669899188149,5.670266457676163,-0.0045776896391066,0.3537107735893225,0.1466817897356087,4.122012408702933,9.70537035065258,21.50751453161828,-0.0089559047711715,0.000165435474696,1.591373079657266e-05,0.7886753674121667,0.0351821641364615,0.0706353197976347,20.48,0.0,0.0,0.0,0.0,0.0,75.13,0.1,27.61,8.13,0.0,0.0
ymlfiles\Case_730_H6_T10_dir90_heavelinhigh_pitchlinhigh_rolllinhigh.yml,6,10.0,7.7519,90,linhigh,linhigh,linhigh,6.5,1.0,300,300.0,325,200,1.0793522624107588,2.35734702124614,5.472570686182912,-0.0041609561675812,0.3435172265745836,0.1439410723833165,4.053213582214381,9.311132652945608,20.75640259730025,-0.006858325517589,0.0001509460164095,1.2687428613477584e-05,0.7699071884796346,0.0338532067288194,0.0679717450157518,19.4,0.0,0.0,0.0,0.0,0.0,74.54,0.07,25.78,7.41,0.0,0.0
ymlfiles\Case_731_H6_T10_dir90_heavequadhigh_pitchquadhigh_rollquadhigh.yml,6,10.0,7.7519,90,quadhigh,quadhigh,quadhigh,1.0,4.0,100,1300.0,150,1300,1.0866137422302755,2.4202533577407355,5.564458186266873,-0.0040462191624331,0.3511695414249963,0.1391048883998364,4.08136499605525,9.558087806317952,21.100115018322587,-0.0077744378896695,0.0001520757648835,1.3257466312908375e-05,0.7762168079700821,0.0346836965462157,0.0691745475956678,19.76,0.0,0.0,0.0,0.0,0.0,74.74,0.09,26.61,7.65,0.0,0.0
ymlfiles\Case_732_H6_T10_dir90_heaveDOFbest_pitchDOFbest_rollDOFbest.yml,6,10.0,7.7519,90,DOFbest,DOFbest,DOFbest,3.3,2.4,233,304.5,248,640,1.0847926918370705,2.386565275583788,5.535308822128423,-0.0041031677692501,0.3480228028127453,0.1439907013659792,4.074215242024881,9.4272399257335,20.99153352247603,-0.0074947034936518,0.0001541301117765,1.3308763538333652e-05,0.7749215592418986,0.0342354858000545,0.0688101806296731,19.69,0.0,0.0,0.0,0.0,0.0,74.7,0.08,26.36,7.6,0.0,0.0
ymlfiles\Case_733_H6_T10_dir135_heavelow_pitchlow_rolllow.yml,6,10.0,7.7519,135,low,low,low,1.0,1.0,100,300.0,150,200,1.0802798682323518,3.566155307529782,3.5453174159113408,-0.0344466442002047,0.3755300991309767,0.208182833355031,4.027884545674434,13.860084338018304,13.55059604605864,-0.003638922476756,-0.0005896500511613,0.0001746819829202,0.7382244782513455,0.0466590561211503,0.0428255385357569,17.55,0.0,0.0,0.0,0.0,0.0,73.49,1.34,7.25,6.25,0.0,0.0
ymlfiles\Case_734_H6_T10_dir135_heavelinhigh_pitchlinhigh_rolllinhigh.yml,6,10.0,7.7519,135,linhigh,linhigh,linhigh,6.5,1.0,300,300.0,325,200,1.0630271587271567,3.4396837437468184,3.426207936653133,-0.0381529026551443,0.3835969418412731,0.1802725595699831,3.9583424164778247,13.391358625967063,13.072130136117098,-0.0021809910642188,-0.0005978636079959,0.0001978453768662,0.7228676557753443,0.0449211024424383,0.0413294592643151,16.65,0.0,0.0,0.0,0.0,0.0,72.95,1.02,6.27,5.72,0.0,0.0
ymlfiles\Case_735_H6_T10_dir135_heavequadhigh_pitchquadhigh_rollquadhigh.yml,6,10.0,7.7519,135,quadhigh,quadhigh,quadhigh,1.0,4.0,100,1300.0,150,1300,1.070757906602535,3.500813064866628,3.5072011902777485,-0.0374958753484384,0.3800836576508828,0.1873096606230628,3.98902851773669,13.617562001267636,13.385492496285227,-0.002909461858766,-0.000600481257701,0.0001869713967983,0.7295839522846974,0.0457853173431737,0.04235318129566,17.05,0.0,0.0,0.0,0.0,0.0,73.19,1.17,6.93,5.95,0.0,0.0
ymlfiles\Case_736_H6_T10_dir135_heaveDOFbest_pitchDOFbest_rollDOFbest.yml,6,10.0,7.7519,135,DOFbest,DOFbest,DOFbest,3.3,2.4,233,304.5,248,640,1.0687275916271195,3.468990873752092,3.463935461141617,-0.0373148797505948,0.3815324404441627,0.1863352974424298,3.98109611754018,13.497961317493523,13.220150945832764,-0.0025588199392697,-0.0005973817523055,0.0001917388923265,0.7277548839963702,0.0453340700309782,0.0418061422946147,16.94,0.0,0.0,0.0,0.0,0.0,73.12,1.09,6.58,5.88,0.0,0.0
ymlfiles\Case_737_H6_T10_dir180_heavelow_pitchlow_rolllow.yml,6,10.0,7.7519,180,low,low,low,1.0,1.0,100,300.0,150,200,1.181880496951908,7.551528066321802,0.0008241297793219,-0.0421807875182349,0.1420519465707908,-0.0023843169241056,4.405937555005957,28.75809754472338,0.0007576196716646,0.0018087405789271,-1.3526124740759984e-05,4.965253371628797e-07,0.8753725035418387,0.1028184656243541,1.415139819803375e-05,25.33,0.0,0.0,0.0,0.0,0.0,77.52,26.18,0.0,11.62,0.02,0.0
ymlfiles\Case_738_H6_T10_dir180_heavelinhigh_pitchlinhigh_rolllinhigh.yml,6,10.0,7.7519,180,linhigh,linhigh,linhigh,6.5,1.0,300,300.0,325,200,1.1628080275491477,7.301686291301221,0.0007429250945443,-0.0429342035714736,0.1481772152406362,-0.0023829384099925,4.331318541643876,27.8174629571732,0.0004423535439584,0.0031501526467782,-1.2783962656165024e-05,4.895426985212737e-07,0.8536545367589846,0.0993535326326317,1.3113970048350302e-05,24.14,0.0,0.0,0.0,0.0,0.0,76.96,24.55,0.0,10.72,0.01,0.0
ymlfiles\Case_739_H6_T10_dir180_heavequadhigh_pitchquadhigh_rollquadhigh.yml,6,10.0,7.7519,180,quadhigh,quadhigh,quadhigh,1.0,4.0,100,1300.0,150,1300,1.1695563769893496,7.315717423119453,0.0007459056774977,-0.0404439671592355,0.1476228386838401,-0.0023816296248871,4.360244952310873,27.87007868134011,0.0004614059406139,0.00294458431305,-1.259882571635648e-05,4.774627982341489e-07,0.8582804781114572,0.0995236754382714,1.280822508977662e-05,24.4,0.0,0.0,0.0,0.0,0.0,77.08,24.63,0.0,10.91,0.01,0.0
ymlfiles\Case_740_H6_T10_dir180_heaveDOFbest_pitchDOFbest_rollDOFbest.yml,6,10.0,7.7519,180,DOFbest,DOFbest,DOFbest,3.3,2.4,233,304.5,248,640,1.1682125033404824,7.3168596203122,0.0006811065422739,-0.0414991911121712,0.1482839968643558,-0.002372205772531,4.353346728526558,27.87359583523776,0.0002233481503698,0.0029953792545385,-1.2735175177448743e-05,4.637628599731442e-07,0.8580646108359158,0.0995572703288199,1.1534948889685788e-05,24.39,0.0,0.0,0.0,0.0,0.0,77.08,24.65,0.0,10.91,0.01,0.0
ymlfiles\Case_741_H6_T11_dir0_heavelow_pitchlow_rolllow.yml,6,11.0,8.5271,0,low,low,low,1.0,1.0,100,300.0,150,200,1.106661152807089,3.7377873970984696,0.0014167888561793,-0.0070797748602031,-0.0588632008454719,-0.0023271066685945,4.132844392915162,14.012480182315397,0.0030545466974103,-0.0125212307018183,-2.182587824879843e-06,1.814976886401333e-07,0.7351601066937825,0.0460820270685693,3.222135141635381e-05,17.38,0.0,0.0,0.0,0.0,0.0,73.38,1.23,0.0,6.14,0.0,0.0
ymlfiles\Case_742_H6_T11_dir0_heavelinhigh_pitchlinhigh_rolllinhigh.yml,6,11.0,8.5271,0,linhigh,linhigh,linhigh,6.5,1.0,300,300.0,325,200,1.089886526394526,3.6562929605687846,0.0010179653391564,-0.0072565352812934,-0.0492973212308502,-0.0023426269545638,4.06696719653988,13.717705594029566,0.0015262422395672,-0.0111585373368696,-1.9837233034458384e-06,2.1660982840449814e-07,0.7176880333554096,0.0450509885243815,2.293990335905907e-05,16.35,0.0,0.0,0.0,0.0,0.0,72.76,1.04,0.0,5.54,0.0,0.0
ymlfiles\Case_743_H6_T11_dir0_heavequadhigh_pitchquadhigh_rollquadhigh.yml,6,11.0,8.5271,0,quadhigh,quadhigh,quadhigh,1.0,4.0,100,1300.0,150,1300,1.0962666558698524,3.700387499916485,0.0009506969560771,-0.0059509845064389,-0.0488678120982471,-0.0023259240651753,4.094282739635187,13.880873851638816,0.0012834259037931,-0.0118752414491488,-2.0978092581482074e-06,2.073113890809285e-07,0.7225622306771271,0.0455932699355887,2.0654695354357047e-05,16.64,0.0,0.0,0.0,0.0,0.0,72.93,1.14,0.0,5.7,0.0,0.0
ymlfiles\Case_744_H6_T11_dir0_heaveDOFbest_pitchDOFbest_rollDOFbest.yml,6,11.0,8.5271,0,DOFbest,DOFbest,DOFbest,3.3,2.4,233,304.5,248,640,1.0947715524077586,3.6760518017410737,0.0012007300744014,-0.006563459881941,-0.0503283397621874,-0.0023220196178217,4.087271507390315,13.790256353213724,0.0022386810859389,-0.0115052790280093,-2.030032455468421e-06,2.0624070044661305e-07,0.7217878967960409,0.0452968472017443,2.7335931352545685e-05,16.59,0.0,0.0,0.0,0.0,0.0,72.91,1.09,0.0,5.68,0.0,0.0
ymlfiles\Case_745_H6_T11_dir45_heavelow_pitchlow_rolllow.yml,6,11.0,8.5271,45,low,low,low,1.0,1.0,100,300.0,150,200,1.2052972532242945,3.3864381161606003,5.424599396069586,-0.0066357467926568,0.0480841081491881,-0.0782945906091427,4.508116093204678,12.797620160807874,20.42192476028352,-0.0043902169574655,-0.0002751922131394,-0.0001930743772219,0.8149439767814479,0.0423579473011071,0.0711155081883755,21.98,0.0,0.0,0.0,0.0,0.0,75.9,0.64,27.94,9.16,0.0,0.0
ymlfiles\Case_746_H6_T11_dir45_heavelinhigh_pitchlinhigh_rolllinhigh.yml,6,11.0,8.5271,45,linhigh,linhigh,linhigh,6.5,1.0,300,300.0,325,200,1.1888208897986774,3.309336278742926,5.225094182400103,-0.0061810934154595,0.0457879890027074,-0.0749792521704192,4.444276699482153,12.50651339770248,19.675660591155943,-0.0029125073624377,-0.0002647267591964,-0.0001869432859517,0.7975456640076926,0.0411696697462983,0.0683601336891137,20.99,0.0,0.0,0.0,0.0,0.0,75.39,0.51,26.05,8.47,0.0,0.0
ymlfiles\Case_747_H6_T11_dir45_heavequadhigh_pitchquadhigh_rollquadhigh.yml,6,11.0,8.5271,45,quadhigh,quadhigh,quadhigh,1.0,4.0,100,1300.0,150,1300,1.1950615541477336,3.361608787698895,5.315226911034189,-0.004992265604057,0.0477927733771233,-0.0795958216870401,4.470557921868171,12.70384936250298,20.008405642845247,-0.0036818953566385,-0.0002676912063089,-0.0001897728709684,0.8030220775690577,0.041909800129222,0.0695783949039728,21.3,0.0,0.0,0.0,0.0,0.0,75.56,0.59,26.89,8.68,0.0,0.0
ymlfiles\Case_748_H6_T11_dir45_heaveDOFbest_pitchDOFbest_rollDOFbest.yml,6,11.0,8.5271,45,DOFbest,DOFbest,DOFbest,3.3,2.4,233,304.5,248,640,1.193619966894939,3.33076105771944,5.2892447154907325,-0.0056344894741445,0.0472791596855996,-0.0772304577387576,4.463942073846103,12.586457680065028,19.91146713100369,-0.0033601393730204,-0.0002672387985042,-0.0001880641105316,0.8020130726851004,0.0414934132969108,0.0692377898734884,21.24,0.0,0.0,0.0,0.0,0.0,75.53,0.54,26.66,8.64,0.0,0.0
ymlfiles\Case_749_H6_T11_dir90_heavelow_pitchlow_rolllow.yml,6,11.0,8.5271,90,low,low,low,1.0,1.0,100,300.0,150,200,1.157979966297102,2.2103451070238798,5.171877878713284,-0.0057449548247631,0.3253218175486094,0.1570753812717611,4.327852739811708,8.739800883694855,19.599513115698237,-0.0123344586116579,0.0001214680663409,1.256587381016916e-05,0.7732316138228547,0.0318886411847826,0.0625350664334021,19.59,0.0,0.0,0.0,0.0,0.0,74.65,0.03,21.87,7.54,0.0,0.0
ymlfiles\Case_750_H6_T11_dir90_heavelinhigh_pitchlinhigh_rolllinhigh.yml,6,11.0,8.5271,90,linhigh,linhigh,linhigh,6.5,1.0,300,300.0,325,200,1.1415389586855915,2.116876877456871,5.01066641258331,-0.0055936555964047,0.3183531494333256,0.1572255345770033,4.264805383470082,8.3762176966766,18.98677904750235,-0.010456278277853,0.0001156472841955,8.926538965534033e-06,0.7560984707337328,0.0306597793440147,0.0602814428981769,18.6,0.0,0.0,0.0,0.0,0.0,74.09,0.02,20.19,6.9,0.0,0.0
ymlfiles\Case_751_H6_T11_dir90_heavequadhigh_pitchquadhigh_rollquadhigh.yml,6,11.0,8.5271,90,quadhigh,quadhigh,quadhigh,1.0,4.0,100,1300.0,150,1300,1.148152149598244,2.1769669725090384,5.09626645976493,-0.0050702729569715,0.3246458625329134,0.1514783992848701,4.2914687288234,8.61246670124928,19.30619524487409,-0.0114173068911254,0.0001142955766193,1.0249943347904954e-05,0.7617900676492753,0.03145429757458,0.0614347409330186,18.93,0.0,0.0,0.0,0.0,0.0,74.28,0.02,21.05,7.11,0.0,0.0
ymlfiles\Case_752_H6_T11_dir90_heaveDOFbest_pitchDOFbest_rollDOFbest.yml,6,11.0,8.5271,90,DOFbest,DOFbest,DOFbest,3.3,2.4,233,304.5,248,640,1.1465109168535554,2.144873235661126,5.062018043264912,-0.0053222017768249,0.322069798499165,0.1566514915282887,4.284516474936507,8.486099484063589,19.181489376890596,-0.0110479896443617,0.0001158027137381,9.73331762236554e-06,0.7605962621646676,0.031026161628852,0.0609892666133878,18.86,0.0,0.0,0.0,0.0,0.0,74.24,0.02,20.72,7.06,0.0,0.0
ymlfiles\Case_753_H6_T11_dir135_heavelow_pitchlow_rolllow.yml,6,11.0,8.5271,135,low,low,low,1.0,1.0,100,300.0,150,200,1.144000241805076,3.165609294275965,3.40371925457215,-0.0377011551960401,0.3949627652802812,0.172027858736762,4.241631074170869,12.347346799489504,12.94314716307675,-0.0060037938811384,-0.0005775902228082,0.0001883845414294,0.728145112108772,0.0404271546864448,0.0393974666535436,16.96,0.0,0.0,0.0,0.0,0.0,73.13,0.43,5.09,5.9,0.0,0.0
ymlfiles\Case_754_H6_T11_dir135_heavelinhigh_pitchlinhigh_rolllinhigh.yml,6,11.0,8.5271,135,linhigh,linhigh,linhigh,6.5,1.0,300,300.0,325,200,1.128590310152711,3.0629634514344195,3.3046472719209783,-0.0408645230132387,0.4021591039094434,0.1524997679781027,4.179716841283078,11.963455018633177,12.548794227162167,-0.0046236817958959,-0.0005900985982446,0.0002081329059857,0.7143848403919193,0.0389760697621106,0.0381375260554953,16.16,0.0,0.0,0.0,0.0,0.0,72.64,0.31,4.37,5.43,0.0,0.0
ymlfiles\Case_755_H6_T11_dir135_heavequadhigh_pitchquadhigh_rollquadhigh.yml,6,11.0,8.5271,135,quadhigh,quadhigh,quadhigh,1.0,4.0,100,1300.0,150,1300,1.135697333075938,3.1173099498076606,3.3733472049152726,-0.0405187302869334,0.4002228089765781,0.1562573567868643,4.207476856845847,12.170243114746668,12.813417476871487,-0.0053553009740642,-0.0005903627224381,0.0001992067257532,0.7204428978535863,0.0397834243130026,0.0390211544021336,16.51,0.0,0.0,0.0,0.0,0.0,72.86,0.37,4.87,5.63,0.0,0.0
ymlfiles\Case_756_H6_T11_dir135_heaveDOFbest_pitchDOFbest_rollDOFbest.yml,6,11.0,8.5271,135,DOFbest,DOFbest,DOFbest,3.3,2.4,233,304.5,248,640,1.13375884459336,3.0879586103692342,3.3350018732157927,-0.0404127561738018,0.4012772502705333,0.1557727985171804,4.200054088291772,12.058896849059726,12.6690571258963,-0.0049860624227694,-0.000589254886274,0.0002031686298723,0.7187588432936018,0.0393495393412081,0.0385274961404411,16.41,0.0,0.0,0.0,0.0,0.0,72.8,0.34,4.59,5.57,0.0,0.0
ymlfiles\Case_757_H6_T11_dir180_heavelow_pitchlow_rolllow.yml,6,11.0,8.5271,180,low,low,low,1.0,1.0,100,300.0,150,200,1.235233361085527,6.820295313389113,0.0007823390548847,-0.0251698565510683,0.0484403354676676,-0.0023346277351728,4.602017654553,25.849373423404245,0.0006479542606705,-0.0032298889713551,-3.395319458381984e-06,3.581872087682376e-07,0.8433242765309482,0.0903010437368583,1.3802569712941292e-05,23.57,0.0,0.0,0.0,0.0,0.0,76.69,20.13,0.0,10.3,0.0,0.0
ymlfiles\Case_758_H6_T11_dir180_heavelinhigh_pitchlinhigh_rolllinhigh.yml,6,11.0,8.5271,180,linhigh,linhigh,linhigh,6.5,1.0,300,300.0,325,200,1.2183696124843562,6.605182356315673,0.0006920955466511,-0.0260355967248356,0.0544172480129174,-0.0023569235747306,4.536223424073146,25.03748510494527,0.0002810969862413,-0.001882805752733,-3.562329863851215e-06,3.845605295471279e-07,0.8247031421768186,0.0872696211897822,1.185002815218244e-05,22.53,0.0,0.0,0.0,0.0,0.0,76.18,18.61,0.0,9.55,0.0,0.0
ymlfiles\Case_759_H6_T11_dir180_heavequadhigh_pitchquadhigh_rollquadhigh.yml,6,11.0,8.5271,180,quadhigh,quadhigh,quadhigh,1.0,4.0,100,1300.0,150,1300,1.2247329506258977,6.638769593439056,0.0008010773759372,-0.0240327571681936,0.0538784912371178,-0.002359216002578,4.563820187957536,25.168106276988823,0.0006922816502108,-0.0021614078325546,-3.586929243580548e-06,4.000159083920305e-07,0.8294578468184314,0.0877314234106589,1.3941174647936017e-05,22.8,0.0,0.0,0.0,0.0,0.0,76.31,18.84,0.0,9.74,0.0,0.0
ymlfiles\Case_760_H6_T11_dir180_heaveDOFbest_pitchDOFbest_rollDOFbest.yml,6,11.0,8.5271,180,DOFbest,DOFbest,DOFbest,3.3,2.4,233,304.5,248,640,1.2233724499632657,6.625803729641087,0.0008068457312808,-0.024997088594393,0.0551550916884387,-0.0024014851466094,4.557172531886588,25.118963488408877,0.0006667545351237,-0.0020542404821694,-3.569585455622426e-06,4.854518047045866e-07,0.8288784832806702,0.0875687939417651,1.3832081783109818e-05,22.76,0.0,0.0,0.0,0.0,0.0,76.29,18.76,0.0,9.71,0.0,0.0
ymlfiles\Case_761_H6_T12_dir0_heavelow_pitchlow_rolllow.yml,6,12.0,9.3023,0,low,low,low,1.0,1.0,100,300.0,150,200,1.1728792245221396,3.498454710082533,0.0012620180804209,-0.0077897520420806,-0.1136886712913681,-0.0023323692654419,4.359659261774434,13.032972385166026,0.002468545351766,-0.0112418867102193,-1.2910190560500117e-06,1.620752358223977e-07,0.7241578125200204,0.0416999602804892,2.6074398756163883e-05,16.73,0.0,0.0,0.0,0.0,0.0,72.99,0.57,0.0,5.76,0.0,0.0
ymlfiles\Case_762_H6_T12_dir0_heavelinhigh_pitchlinhigh_rolllinhigh.yml,6,12.0,9.3023,0,linhigh,linhigh,linhigh,6.5,1.0,300,300.0,325,200,1.157611241049788,3.4289031730385298,0.0008908627967604,-0.008143722182461,-0.1056984047311371,-0.0023500899412116,4.300931468527317,12.781131087639386,0.0010282996807066,-0.0100974372522117,-1.5119015294471076e-06,2.059958568393773e-07,0.7080420807192915,0.0407691854901813,1.7503043192475555e-05,15.78,0.0,0.0,0.0,0.0,0.0,72.4,0.47,0.0,5.21,0.0,0.0
ymlfiles\Case_763_H6_T12_dir0_heavequadhigh_pitchquadhigh_rollquadhigh.yml,6,12.0,9.3023,0,quadhigh,quadhigh,quadhigh,1.0,4.0,100,1300.0,150,1300,1.163177550127333,3.4704041820792746,0.0008231552136586,-0.0065406413913528,-0.10407164433645,-0.0023339747318467,4.324782258685506,12.938747999080352,0.0007942324861306,-0.0107745246136485,-1.3696928367890074e-06,2.161812603211764e-07,0.7121625548884039,0.0412927512901629,1.6920971443347013e-05,16.03,0.0,0.0,0.0,0.0,0.0,72.56,0.52,0.0,5.35,0.0,0.0
ymlfiles\Case_764_H6_T12_dir0_heaveDOFbest_pitchDOFbest_rollDOFbest.yml,6,12.0,9.3023,0,DOFbest,DOFbest,DOFbest,3.3,2.4,233,304.5,248,640,1.1619283741786308,3.4471471329836434,0.0014458738326542,-0.0072753928053268,-0.1057901907995538,-0.0023347086706951,4.319091367476634,12.847242338069451,0.0031510094595999,-0.0104141509225834,-1.446284251232146e-06,1.8797322893177657e-07,0.7116465024636017,0.0410044176249271,3.00547682784274e-05,16.0,0.0,0.0,0.0,0.0,0.0,72.54,0.49,0.0,5.33,0.0,0.0
ymlfiles\Case_765_H6_T12_dir45_heavelow_pitchlow_rolllow.yml,6,12.0,9.3023,45,low,low,low,1.0,1.0,100,300.0,150,200,1.2614012052843595,3.0599675382111435,4.8345865570162605,-0.0091429414145977,0.0242510575291166,-0.0353178752742477,4.691222975472492,11.523767735775522,18.228671188640007,-0.0036725644478622,-0.0002342481144294,-0.0001760496266326,0.7902944440997103,0.0371675650828965,0.0630169366949738,20.57,0.0,0.0,0.0,0.0,0.0,75.17,0.19,22.22,8.19,0.0,0.0
ymlfiles\Case_766_H6_T12_dir45_heavelinhigh_pitchlinhigh_rolllinhigh.yml,6,12.0,9.3023,45,linhigh,linhigh,linhigh,6.5,1.0,300,300.0,325,200,1.246776992848418,2.9940914837663435,4.658982936822095,-0.0089866058981582,0.021797473387202,-0.0325879783710585,4.634613875460846,11.268945937345636,17.560121190539665,-0.0024538565975442,-0.0002280997937206,-0.0001725112373535,0.7749995365969226,0.0361245105325282,0.0605359348438727,19.69,0.0,0.0,0.0,0.0,0.0,74.7,0.14,20.38,7.6,0.0,0.0
ymlfiles\Case_767_H6_T12_dir45_heavequadhigh_pitchquadhigh_rollquadhigh.yml,6,12.0,9.3023,45,quadhigh,quadhigh,quadhigh,1.0,4.0,100,1300.0,150,1300,1.2522584350129025,3.04243783020725,4.748548381863749,-0.007754614618782,0.0234443421528053,-0.03745694912859,4.658542549527423,11.4542986781678,17.89345265675494,-0.0031611192753031,-0.0002291678084987,-0.0001736803083349,0.7797402102857981,0.0368218492433155,0.0617765478486491,19.97,0.0,0.0,0.0,0.0,0.0,74.85,0.17,21.31,7.78,0.0,0.0
ymlfiles\Case_768_H6_T12_dir45_heaveDOFbest_pitchDOFbest_rollDOFbest.yml,6,12.0,9.3023,45,DOFbest,DOFbest,DOFbest,3.3,2.4,233,304.5,248,640,1.2510150240732365,3.0140633550698417,4.71545597523543,-0.008358190990031,0.0226536498905924,-0.03444364062592,4.652331012655515,11.346209913431403,17.771535590348236,-0.0028345541079041,-0.0002287524852276,-0.00017263253602,0.7788550147112335,0.03642930613596,0.0613297287656194,19.92,0.0,0.0,0.0,0.0,0.0,74.82,0.15,20.97,7.75,0.0,0.0
ymlfiles\Case_769_H6_T12_dir90_heavelow_pitchlow_rolllow.yml,6,12.0,9.3023,90,low,low,low,1.0,1.0,100,300.0,150,200,1.2160796900230404,1.9826418784429511,4.680301143304266,-0.0099496791476004,0.2867835938795104,0.1861369617122098,4.521218960675188,7.836728801686879,17.75097922519296,-0.0111991588107481,9.862178672237095e-05,-4.136753646998359e-06,0.7549750050443326,0.0292058891356173,0.0553417101944119,18.53,0.0,0.0,0.0,0.0,0.0,74.05,0.01,16.45,6.86,0.0,0.0
ymlfiles\Case_770_H6_T12_dir90_heavelinhigh_pitchlinhigh_rolllinhigh.yml,6,12.0,9.3023,90,linhigh,linhigh,linhigh,6.5,1.0,300,300.0,325,200,1.201218591171464,1.8947197844685435,4.545862316512361,-0.0099811921891613,0.2829608182123962,0.1863790207290865,4.464251340037574,7.499517297963431,17.24138844841958,-0.009664393307031,9.729709619136715e-05,-6.885462488434488e-06,0.7394130903496671,0.0280565416203422,0.0533757009668662,17.62,0.0,0.0,0.0,0.0,0.0,73.53,0.0,14.95,6.29,0.0,0.0
ymlfiles\Case_771_H6_T12_dir90_heavequadhigh_pitchquadhigh_rollquadhigh.yml,6,12.0,9.3023,90,quadhigh,quadhigh,quadhigh,1.0,4.0,100,1300.0,150,1300,1.206920462291427,1.9539697141656656,4.624905382003703,-0.0090462756990539,0.2872052144410914,0.1812717031726892,4.487367484341644,7.728330463864093,17.533892994217897,-0.0105567669738872,9.561651499002288e-05,-5.602181478962462e-06,0.7441518412817918,0.0288341290741755,0.0544754669488533,17.9,0.0,0.0,0.0,0.0,0.0,73.69,0.01,15.79,6.46,0.0,0.0
ymlfiles\Case_772_H6_T12_dir90_heaveDOFbest_pitchDOFbest_rollDOFbest.yml,6,12.0,9.3023,90,DOFbest,DOFbest,DOFbest,3.3,2.4,233,304.5,248,640,1.2055644909146364,1.9220962112976248,4.589213066995832,-0.0095021178018953,0.2851788172136415,0.1859522124139735,4.481546210634133,7.605290533668609,17.404656120469618,-0.0101596127948709,9.680548799928004e-05,-6.253557887181444e-06,0.7432580049388782,0.0284119306027087,0.0539981472726106,17.85,0.0,0.0,0.0,0.0,0.0,73.66,0.0,15.43,6.43,0.0,0.0
ymlfiles\Case_773_H6_T12_dir135_heavelow_pitchlow_rolllow.yml,6,12.0,9.3023,135,low,low,low,1.0,1.0,100,300.0,150,200,1.2030603879273625,2.848012571674018,3.233958031293946,-0.0382067883176532,0.4010587145479708,0.1371349764815342,4.444144894553428,11.137542201161734,12.241988800912235,-0.0057751092045042,-0.0005525614754936,0.0002265612361503,0.7150431037230562,0.035470364121515,0.0362582139630398,16.2,0.0,0.0,0.0,0.0,0.0,72.66,0.11,3.39,5.45,0.0,0.0
ymlfiles\Case_774_H6_T12_dir135_heavelinhigh_pitchlinhigh_rolllinhigh.yml,6,12.0,9.3023,135,linhigh,linhigh,linhigh,6.5,1.0,300,300.0,325,200,1.189171572729677,2.7638427244141712,3.149570372128041,-0.0407107524070648,0.4064088277733653,0.1238462096291198,4.387723376577166,10.82135746955862,11.90825394603193,-0.0045642918074547,-0.0005620828026503,0.0002411415520464,0.7025987314437557,0.0342451424221108,0.0351601624967864,15.47,0.0,0.0,0.0,0.0,0.0,72.2,0.08,2.87,5.03,0.0,0.0
ymlfiles\Case_775_H6_T12_dir135_heavequadhigh_pitchquadhigh_rollquadhigh.yml,6,12.0,9.3023,135,quadhigh,quadhigh,quadhigh,1.0,4.0,100,1300.0,150,1300,1.1955491511345522,2.813376680794854,3.210030714623461,-0.0400995275762911,0.4047170134768577,0.1262558293503694,4.413644943046554,11.010016071949646,12.143879867645046,-0.0052510227814457,-0.0005619320980387,0.0002342202883434,0.7078782682855359,0.0349985966448885,0.0359506304104769,15.78,0.0,0.0,0.0,0.0,0.0,72.4,0.1,3.24,5.21,0.0,0.0
ymlfiles\Case_776_H6_T12_dir135_heaveDOFbest_pitchDOFbest_rollDOFbest.yml,6,12.0,9.3023,135,DOFbest,DOFbest,DOFbest,3.3,2.4,233,304.5,248,640,1.1937986735281936,2.786287499011494,3.175416993163675,-0.040171552222817,0.4057446847821874,0.1260278140230858,4.406117985701626,10.907102452639224,12.00946269554134,-0.0048946287437085,-0.0005615351149014,0.000237494963036,0.7064443222217545,0.0345887368653956,0.0354970218354574,15.69,0.0,0.0,0.0,0.0,0.0,72.34,0.09,3.02,5.16,0.0,0.0
ymlfiles\Case_777_H6_T12_dir180_heavelow_pitchlow_rolllow.yml,6,12.0,9.3023,180,low,low,low,1.0,1.0,100,300.0,150,200,1.2843969586816744,6.148813551737964,0.0007043875041638,-0.0191127129795452,0.0099172606503833,-0.0023638802172365,4.767952704758815,23.235532733875967,0.0003185712597709,-0.0039880941369126,4.586537222419468e-06,3.958512954179385e-07,0.8124845293616321,0.0797241102084806,1.1789012191028513e-05,21.84,0.0,0.0,0.0,0.0,0.0,75.83,14.78,0.0,9.06,0.0,0.0
ymlfiles\Case_778_H6_T12_dir180_heavelinhigh_pitchlinhigh_rolllinhigh.yml,6,12.0,9.3023,180,linhigh,linhigh,linhigh,6.5,1.0,300,300.0,325,200,1.2694327642058707,5.962550862739197,0.0006744639947371,-0.019741017829204,0.0146393534918347,-0.0023805161849137,4.710236245747721,22.526580733754937,0.000188231661732,-0.0028064952128736,4.2810632189046775e-06,4.162731318307753e-07,0.7963380228107292,0.0770440189833151,1.233904806081627e-05,20.92,0.0,0.0,0.0,0.0,0.0,75.36,13.42,0.0,8.42,0.0,0.0
ymlfiles\Case_779_H6_T12_dir180_heavequadhigh_pitchquadhigh_rollquadhigh.yml,6,12.0,9.3023,180,quadhigh,quadhigh,quadhigh,1.0,4.0,100,1300.0,150,1300,1.2750839538196947,6.0076089368434165,0.0007100366225404,-0.0178738860355353,0.0120069413178491,-0.002390099803559,4.733821249738142,22.69534509027244,0.0003098489967278,-0.0031618622586286,4.3639913333614805e-06,4.222213980083819e-07,0.8007334389262192,0.077667782268012,1.2044875900802264e-05,21.17,0.0,0.0,0.0,0.0,0.0,75.49,13.74,0.0,8.59,0.0,0.0
ymlfiles\Case_780_H6_T12_dir180_heaveDOFbest_pitchDOFbest_rollDOFbest.yml,6,12.0,9.3023,180,DOFbest,DOFbest,DOFbest,3.3,2.4,233,304.5,248,640,1.273830295835869,5.987345156156475,0.0006485816945112,-0.0186721505255016,0.0136813076953859,-0.002381730943866,4.728351135582259,22.619234917493145,8.734276865640699e-05,-0.0030128136280399,4.320746197883581e-06,4.0524947683094113e-07,0.8000917867468829,0.0773975620736962,1.1093961464361782e-05,21.14,0.0,0.0,0.0,0.0,0.0,75.47,13.6,0.0,8.57,0.0,0.0
ymlfiles\Case_781_H8_T9_dir0_heavelow_pitchlow_rolllow.yml,8,9.0,6.9767,0,low,low,low,1.0,1.0,100,300.0,150,200,1.1961969662320997,5.355754519355004,0.0015787863508827,-0.0556020215798484,-0.5358184695899787,-0.0023036067596751,4.46187000073947,19.786313726650427,0.0037240688819435,0.0159728540760178,-4.013495220863402e-06,1.3378067208695725e-07,0.952854066698911,0.0744436218782313,3.08520938762074e-05,29.4,0.0,0.0,0.0,0.0,0.0,79.3,12.12,0.0,14.9,0.0,0.0
ymlfiles\Case_782_H8_T9_dir0_heavelinhigh_pitchlinhigh_rolllinhigh.yml,8,9.0,6.9767,0,linhigh,linhigh,linhigh,6.5,1.0,300,300.0,325,200,1.171078233257745,5.227390715979034,0.0013303425454527,-0.0538310362621866,-0.5017040637169805,-0.0023041531920169,4.3680399353246,19.342580060665945,0.0027836793513106,0.0176875434833153,-4.028005329518784e-06,1.9221703878881024e-07,0.9243770194032472,0.0728140868451369,3.0211070941478297e-05,27.93,0.0,0.0,0.0,0.0,0.0,78.68,11.3,0.0,13.69,0.0,0.0
ymlfiles\Case_783_H8_T9_dir0_heavequadhigh_pitchquadhigh_rollquadhigh.yml,8,9.0,6.9767,0,quadhigh,quadhigh,quadhigh,1.0,4.0,100,1300.0,150,1300,1.1757583073625486,5.264122523508937,0.0018098930171394,-0.0522165976413685,-0.5004780924619803,-0.0023024279454246,4.387569685592176,19.4791429684439,0.0046071640445804,0.0173789825305422,-4.045492631888669e-06,1.755195863264187e-07,0.9251495598543223,0.0732712005473776,3.750729451861416e-05,27.97,0.0,0.0,0.0,0.0,0.0,78.7,11.53,0.0,13.72,0.0,0.0
ymlfiles\Case_784_H8_T9_dir0_heaveDOFbest_pitchDOFbest_rollDOFbest.yml,8,9.0,6.9767,0,DOFbest,DOFbest,DOFbest,3.3,2.4,233,304.5,248,640,1.1760952604615642,5.244581193329815,0.001554826442355,-0.0531679362108094,-0.5046114076650058,-0.0023145560685463,4.387890717149942,19.399785381271265,0.0036229121487714,0.0174460359776497,-4.045831959654932e-06,1.6393442211876676e-07,0.9276481436748732,0.0730358509142705,3.242212844874555e-05,28.1,0.0,0.0,0.0,0.0,0.0,78.75,11.41,0.0,13.83,0.0,0.0
ymlfiles\Case_785_H8_T9_dir45_heavelow_pitchlow_rolllow.yml,8,9.0,6.9767,45,low,low,low,1.0,1.0,100,300.0,150,200,1.3419882335463214,5.095843876296064,8.709658328832454,-0.0609488104364336,-0.2119026045041777,0.1892320948092928,5.014405135911602,19.1027730880532,33.25303168644249,0.037201321792569,-0.0004587760448608,-0.0001983101878695,1.0984615681529022,0.0714194775391628,0.121434069439559,36.26,0.0,0.61,0.0,0.0,0.0,82.0,10.62,52.64,21.07,0.0,0.0
ymlfiles\Case_786_H8_T9_dir45_heavelinhigh_pitchlinhigh_rolllinhigh.yml,8,9.0,6.9767,45,linhigh,linhigh,linhigh,6.5,1.0,300,300.0,325,200,1.3172966921611895,4.974994560449139,8.377635710191717,-0.0585577872436556,-0.2020945363285743,0.1874182655140669,4.922052320666371,18.65053233534007,32.00060009969214,0.0387415260409884,-0.0004209370792248,-0.0001774278708014,1.0686688638966502,0.0695219052644428,0.1169226489542789,34.94,0.0,0.44,0.0,0.0,0.0,81.5,9.7,51.06,19.82,0.0,0.0
ymlfiles\Case_787_H8_T9_dir45_heavequadhigh_pitchquadhigh_rollquadhigh.yml,8,9.0,6.9767,45,quadhigh,quadhigh,quadhigh,1.0,4.0,100,1300.0,150,1300,1.320154427323335,5.033589444486713,8.41270041475878,-0.0556901648592585,-0.2020425006107841,0.1858070187301933,4.936541483391685,18.874651538958407,32.127221701573674,0.0384351285150715,-0.0004199093473269,-0.0001832136440957,1.068570336003794,0.070300260685111,0.1173195880885745,34.94,0.0,0.45,0.0,0.0,0.0,81.5,10.07,51.2,19.82,0.0,0.0
ymlfiles\Case_788_H8_T9_dir45_heaveDOFbest_pitchDOFbest_rollDOFbest.yml,8,9.0,6.9767,45,DOFbest,DOFbest,DOFbest,3.3,2.4,233,304.5,248,640,1.32103308242744,4.996759245599503,8.486362102748611,-0.0577444368300472,-0.2006064140037396,0.1842095920030002,4.9378098907437264,18.73550184084802,32.40364608114335,0.0384360648159357,-0.0004317084979524,-0.0001811349731646,1.0721165865261346,0.0698650646008587,0.1183720593955398,35.1,0.0,0.49,0.0,0.0,0.0,81.56,9.86,51.58,19.97,0.0,0.0
ymlfiles\Case_789_H8_T9_dir90_heavelow_pitchlow_rolllow.yml,8,9.0,6.9767,90,low,low,low,1.0,1.0,100,300.0,150,200,1.2824398299813091,3.7178500524737847,7.815562760649908,-0.0558926401504568,0.3277297763055647,0.4127290587036216,4.79132076826277,14.485567960546218,29.970527104133964,0.019756858648978,0.0005986996593496,0.0002328865999866,1.0357139932440718,0.0544277242955406,0.1039293395272443,33.43,0.0,0.13,0.0,0.0,0.0,80.93,3.4,45.92,18.43,0.0,0.0
ymlfiles\Case_790_H8_T9_dir90_heavelinhigh_pitchlinhigh_rolllinhigh.yml,8,9.0,6.9767,90,linhigh,linhigh,linhigh,6.5,1.0,300,300.0,325,200,1.257960650178814,3.574975731658761,7.53691325478189,-0.0536550108996694,0.3102625731337937,0.4016870260028093,4.698657947060351,13.927335214744264,28.908779652360543,0.0222764553415493,0.0005438415140856,0.0002162061204938,1.006853831973296,0.0524973440203419,0.1000844839367237,32.06,0.0,0.09,0.0,0.0,0.0,80.39,2.8,44.21,17.21,0.0,0.0
ymlfiles\Case_791_H8_T9_dir90_heavequadhigh_pitchquadhigh_rollquadhigh.yml,8,9.0,6.9767,90,quadhigh,quadhigh,quadhigh,1.0,4.0,100,1300.0,150,1300,1.2624201666368784,3.6404127377727407,7.608904271917685,-0.0525044772714365,0.3165275886516614,0.3922965016110736,4.718512477553983,14.179478955111694,29.170106915923224,0.0217907130719346,0.0005500119342242,0.0002196394431563,1.0088365001832726,0.0533423727903591,0.1010124329580879,32.16,0.0,0.1,0.0,0.0,0.0,80.43,3.05,44.63,17.29,0.0,0.0
ymlfiles\Case_792_H8_T9_dir90_heaveDOFbest_pitchDOFbest_rollDOFbest.yml,8,9.0,6.9767,90,DOFbest,DOFbest,DOFbest,3.3,2.4,233,304.5,248,640,1.2623866586301722,3.6044280050875415,7.627966273728012,-0.0534412342053787,0.316599726960568,0.4018990196032582,4.716654654911664,14.044533111223345,29.250223001004905,0.0216704429571244,0.0005604626087203,0.000219820164969,1.010821882442396,0.0528832951511747,0.1013149675016334,32.25,0.0,0.1,0.0,0.0,0.0,80.47,2.91,44.77,17.37,0.0,0.0
ymlfiles\Case_793_H8_T9_dir135_heavelow_pitchlow_rolllow.yml,8,9.0,6.9767,135,low,low,low,1.0,1.0,100,300.0,150,200,1.2310082898086627,5.256353728535311,4.774023981243316,-0.0258529325912556,0.3432161040054287,0.514116487576278,4.628256295049053,20.2555594974485,18.552025945969245,0.0088249533712153,-0.0008973423587745,0.0005266745516571,0.9222867040594324,0.0716232473007678,0.061971182855279,27.82,0.0,0.0,0.0,0.0,0.0,78.63,10.72,21.45,13.6,0.0,0.0
ymlfiles\Case_794_H8_T9_dir135_heavelinhigh_pitchlinhigh_rolllinhigh.yml,8,9.0,6.9767,135,linhigh,linhigh,linhigh,6.5,1.0,300,300.0,325,200,1.208264827583299,5.059578540170426,4.614380177928447,-0.0279474421376594,0.3497133429489624,0.4719087966693849,4.538661229749482,19.516624574785425,17.902739062264587,0.0112288213908724,-0.0009087369572349,0.0005511505654195,0.9006108528514202,0.068924602582229,0.0598218857643473,26.68,0.0,0.0,0.0,0.0,0.0,78.13,9.41,19.85,12.68,0.0,0.0
ymlfiles\Case_795_H8_T9_dir135_heavequadhigh_pitchquadhigh_rollquadhigh.yml,8,9.0,6.9767,135,quadhigh,quadhigh,quadhigh,1.0,4.0,100,1300.0,150,1300,1.2147275350592015,5.114779200897748,4.706469822978382,-0.0270933324670589,0.345443573579783,0.4834190932052145,4.5652096726899485,19.72250170206849,18.268064310321297,0.0105710196366764,-0.0009159203791244,0.0005430182076526,0.9057324086736492,0.0696815464293355,0.0610201722866161,26.96,0.0,0.0,0.0,0.0,0.0,78.25,9.77,20.74,12.9,0.0,0.0
ymlfiles\Case_796_H8_T9_dir135_heaveDOFbest_pitchDOFbest_rollDOFbest.yml,8,9.0,6.9767,135,DOFbest,DOFbest,DOFbest,3.3,2.4,233,304.5,248,640,1.2139080503012103,5.087943340878453,4.668839000259633,-0.0273010320077018,0.3490741254800254,0.479756476011301,4.561650756760452,19.62343810520113,18.11827459769633,0.0107726726521742,-0.0009111237589512,0.0005446761363687,0.9053245570979882,0.069326136692317,0.0605482975687361,26.93,0.0,0.0,0.0,0.0,0.0,78.24,9.6,20.39,12.88,0.0,0.0
ymlfiles\Case_797_H8_T9_dir180_heavelow_pitchlow_rolllow.yml,8,9.0,6.9767,180,low,low,low,1.0,1.0,100,300.0,150,200,1.3832223298743005,10.879773298207777,0.0011368960259394,-0.0779171970336399,0.3458432024452237,-0.0023773075561273,5.15567486631312,41.68152242479936,0.0019682748144669,0.0436532358870912,-1.5439599499061514e-06,6.53035517553044e-07,1.16383437267321,0.1540354582901447,2.074493786348691e-05,39.02,0.0,0.0,0.0,0.0,0.0,82.99,45.38,0.0,23.74,1.19,0.0
ymlfiles\Case_798_H8_T9_dir180_heavelinhigh_pitchlinhigh_rolllinhigh.yml,8,9.0,6.9767,180,linhigh,linhigh,linhigh,6.5,1.0,300,300.0,325,200,1.3573019617631294,10.538161551804096,0.0010419411449824,-0.076567089378665,0.3380522669607048,-0.0024925545349218,5.057558870300772,40.37584106633545,0.0014796322323182,0.0444088475576944,-1.1427462380959429e-06,1.1041108345005622e-06,1.1313008104060316,0.1493097831549271,1.765659356176473e-05,37.67,0.0,0.0,0.0,0.0,0.0,82.51,43.96,0.0,22.42,0.95,0.0
ymlfiles\Case_799_H8_T9_dir180_heavequadhigh_pitchquadhigh_rollquadhigh.yml,8,9.0,6.9767,180,quadhigh,quadhigh,quadhigh,1.0,4.0,100,1300.0,150,1300,1.3604274899393278,10.417468691303554,0.0008722954630928,-0.0714415915137994,0.3463582367566969,-0.0023956953290921,5.075068910224525,39.92962009157943,0.0009337041483786,0.0442241016736704,-1.2274960105980174e-06,6.304603405684175e-07,1.1278863426432113,0.1475806479007569,1.4876272656785944e-05,37.53,0.0,0.0,0.0,0.0,0.0,82.46,43.43,0.0,22.28,0.86,0.0
ymlfiles\Case_800_H8_T9_dir180_heaveDOFbest_pitchDOFbest_rollDOFbest.yml,8,9.0,6.9767,180,DOFbest,DOFbest,DOFbest,3.3,2.4,233,304.5,248,640,1.3616940434277027,10.499822489386146,0.0008991249253875,-0.0742163837888096,0.3446908328998226,-0.0023762518070698,5.076804393435926,40.23884576683333,0.0010578176546888,0.0442890039200753,-1.2035489510158317e-06,5.544806624892474e-07,1.132909695199777,0.1487677872585054,1.6656923096833033e-05,37.74,0.0,0.0,0.0,0.0,0.0,82.53,43.8,0.0,22.49,0.92,0.0
ymlfiles\Case_801_H8_T9p5_dir0_heavelow_pitchlow_rolllow.yml,8,9.5,7.3643,0,low,low,low,1.0,1.0,100,300.0,150,200,1.271246131135369,5.29821646035581,0.0014192270768776,-0.0618205531029286,-0.5334608572310817,-0.0023184463624388,4.727105358597909,19.53246621293797,0.0030849213901901,0.0098271001173609,-7.040279590491023e-06,2.3790367117481514e-07,0.9786121322149316,0.0709593947738851,2.8642109475880985e-05,30.68,0.0,0.0,0.0,0.0,0.0,79.84,10.39,0.0,16.0,0.0,0.0
ymlfiles\Case_802_H8_T9p5_dir0_heavelinhigh_pitchlinhigh_rolllinhigh.yml,8,9.5,7.3643,0,linhigh,linhigh,linhigh,6.5,1.0,300,300.0,325,200,1.24630846232594,5.186229070678051,0.0020888252929126,-0.0601298861886319,-0.5006460028423303,-0.0023239359398716,4.633202681999863,19.15058951156362,0.0056365234127457,0.0118499112466002,-6.665457191949743e-06,2.396410294103809e-07,0.9494720579807148,0.0695223448124878,4.112056550310716e-05,29.22,0.0,0.0,0.0,0.0,0.0,79.23,9.7,0.0,14.76,0.0,0.0
ymlfiles\Case_803_H8_T9p5_dir0_heavequadhigh_pitchquadhigh_rollquadhigh.yml,8,9.5,7.3643,0,quadhigh,quadhigh,quadhigh,1.0,4.0,100,1300.0,150,1300,1.249807161090997,5.224956326373042,0.0022609559690294,-0.058141570623404,-0.4954451367494421,-0.0022771452769716,4.649470665949544,19.296201267913013,0.0063744213787304,0.0113460211917925,-6.8705297710841885e-06,8.403176464604285e-08,0.9490223013928376,0.0700014158149331,4.5701160145561405e-05,29.2,0.0,0.0,0.0,0.0,0.0,79.22,9.93,0.0,14.74,0.0,0.0
ymlfiles\Case_804_H8_T9p5_dir0_heaveDOFbest_pitchDOFbest_rollDOFbest.yml,8,9.5,7.3643,0,DOFbest,DOFbest,DOFbest,3.3,2.4,233,304.5,248,640,1.2507125813767044,5.203390044664504,0.0023938014094726,-0.0592932646806516,-0.5016569846982983,-0.0023505416566412,4.651453482717397,19.21145479525744,0.006754399417693,0.0115224949589743,-6.769956600203782e-06,2.2597277643208735e-07,0.9521143024991956,0.0697438810743548,4.412932159752073e-05,29.36,0.0,0.0,0.0,0.0,0.0,79.29,9.8,0.0,14.87,0.0,0.0
ymlfiles\Case_805_H8_T9p5_dir45_heavelow_pitchlow_rolllow.yml,8,9.5,7.3643,45,low,low,low,1.0,1.0,100,300.0,150,200,1.4145319550403015,4.828416410869695,8.218246124658172,-0.0670737685972779,-0.212867663788091,0.1399881709709814,5.266879317383009,18.053501300278352,31.29385754942965,0.0266051535387279,-0.0005281401372282,-0.0002701409782479,1.117851492681236,0.066051240464269,0.1133746944220546,37.1,0.0,0.33,0.0,0.0,0.0,82.3,8.07,49.75,21.87,0.0,0.0
ymlfiles\Case_806_H8_T9p5_dir45_heavelinhigh_pitchlinhigh_rolllinhigh.yml,8,9.5,7.3643,45,linhigh,linhigh,linhigh,6.5,1.0,300,300.0,325,200,1.3901848215512853,4.724949846550977,7.9210077571866035,-0.0651185955298511,-0.2070577631779115,0.1423396212388113,5.175515162504201,17.6649330269505,30.17259844233937,0.0285455284655645,-0.0005008184845032,-0.0002564368934652,1.0878566020369749,0.0643781163485731,0.1092834306650688,35.8,0.0,0.23,0.0,0.0,0.0,81.82,7.31,48.15,20.62,0.0,0.0
ymlfiles\Case_807_H8_T9p5_dir45_heavequadhigh_pitchquadhigh_rollquadhigh.yml,8,9.5,7.3643,45,quadhigh,quadhigh,quadhigh,1.0,4.0,100,1300.0,150,1300,1.3923203694482018,4.783373399999894,7.969722263002089,-0.0619317267627563,-0.2046542222123579,0.1366359794529563,5.187963305791735,17.88735475979487,30.348396809929223,0.0280228891408175,-0.0005034661852693,-0.0002629714468964,1.0870974764927075,0.0651584175240189,0.1098681945968135,35.76,0.0,0.24,0.0,0.0,0.0,81.81,7.66,48.38,20.59,0.0,0.0
ymlfiles\Case_808_H8_T9p5_dir45_heaveDOFbest_pitchDOFbest_rollDOFbest.yml,8,9.5,7.3643,45,DOFbest,DOFbest,DOFbest,3.3,2.4,233,304.5,248,640,1.3936084748267543,4.746897381231615,8.018807786486484,-0.0640398250925497,-0.2044276984504645,0.1379295300141121,5.190106711806146,17.7505790284428,30.534160226942586,0.0281029496811283,-0.0005096501048007,-0.0002593567782627,1.0908632352468877,0.0647237675012248,0.1105942886734237,35.93,0.0,0.26,0.0,0.0,0.0,81.87,7.46,48.67,20.75,0.0,0.0
ymlfiles\Case_809_H8_T9p5_dir90_heavelow_pitchlow_rolllow.yml,8,9.5,7.3643,90,low,low,low,1.0,1.0,100,300.0,150,200,1.3510111337585402,3.519110003480941,7.48999296303695,-0.0620786728149748,0.3500303321298362,0.3890994904057457,5.028518286671691,13.747499339242138,28.66170883178176,0.0106456784037421,0.0006730953300534,0.0002195487440699,1.054333810384593,0.0515351748520001,0.0975493777210014,34.29,0.0,0.06,0.0,0.0,0.0,81.26,2.52,43.04,19.22,0.0,0.0
ymlfiles\Case_810_H8_T9p5_dir90_heavelinhigh_pitchlinhigh_rolllinhigh.yml,8,9.5,7.3643,90,linhigh,linhigh,linhigh,6.5,1.0,300,300.0,325,200,1.3268258901771692,3.384000173160938,7.25007285084356,-0.0599714533224734,0.332874976344911,0.3802890550210494,4.938323081801287,13.216606282577557,27.74416962421858,0.0135688558234635,0.0006300948532568,0.0002059911241359,1.0253446366199828,0.0497145246723694,0.0941787774984978,32.94,0.0,0.04,0.0,0.0,0.0,80.74,2.03,41.41,17.99,0.0,0.0
ymlfiles\Case_811_H8_T9p5_dir90_heavequadhigh_pitchquadhigh_rollquadhigh.yml,8,9.5,7.3643,90,quadhigh,quadhigh,quadhigh,1.0,4.0,100,1300.0,150,1300,1.3304179710453892,3.4461393079833305,7.327407082263817,-0.0583592973916041,0.3398977534188809,0.3682564011838266,4.95435088874024,13.459562818514694,28.027149933451994,0.0128322749045523,0.0006388227596704,0.000209615212238,1.0263490910696682,0.0505154712462704,0.0951685476797473,32.99,0.0,0.05,0.0,0.0,0.0,80.76,2.24,41.89,18.03,0.0,0.0
ymlfiles\Case_812_H8_T9p5_dir90_heaveDOFbest_pitchDOFbest_rollDOFbest.yml,8,9.5,7.3643,90,DOFbest,DOFbest,DOFbest,3.3,2.4,233,304.5,248,640,1.3309033250199327,3.4126218456909423,7.330549984234281,-0.0594928006487422,0.3391000673242915,0.3793753219046609,4.954461229996683,13.331162084542902,28.048566869575662,0.0127847759134448,0.0006449832666519,0.0002094549464457,1.028821911460917,0.0500885405605923,0.0952701483915324,33.11,0.0,0.05,0.0,0.0,0.0,80.8,2.12,41.94,18.14,0.0,0.0
ymlfiles\Case_813_H8_T9p5_dir135_heavelow_pitchlow_rolllow.yml,8,9.5,7.3643,135,low,low,low,1.0,1.0,100,300.0,150,200,1.2959406046061646,4.983607303321548,4.778336232669947,-0.0287655482737627,0.3170457955182443,0.476717431940621,4.85575063880845,19.163178488894197,18.48667109204576,0.0037806678027685,-0.000871570145584,0.0004742398172033,0.9369667456611828,0.0664366121086576,0.0602185958603771,28.58,0.0,0.0,0.0,0.0,0.0,78.96,8.24,20.15,14.22,0.0,0.0
ymlfiles\Case_814_H8_T9p5_dir135_heavelinhigh_pitchlinhigh_rolllinhigh.yml,8,9.5,7.3643,135,linhigh,linhigh,linhigh,6.5,1.0,300,300.0,325,200,1.274340637049225,4.818255835869153,4.636666127531169,-0.0302724878642706,0.3224919735889718,0.4411504651390395,4.771995559861948,18.543327466165145,17.91817235168607,0.0064075689497147,-0.0008898658642762,0.0005007220467652,0.9159989313872764,0.0641416326722481,0.0582969884945159,27.5,0.0,0.0,0.0,0.0,0.0,78.49,7.2,18.7,13.33,0.0,0.0
ymlfiles\Case_815_H8_T9p5_dir135_heavequadhigh_pitchquadhigh_rollquadhigh.yml,8,9.5,7.3643,135,quadhigh,quadhigh,quadhigh,1.0,4.0,100,1300.0,150,1300,1.2801246793063208,4.872109823134225,4.722899823814619,-0.0295781556255623,0.3185401547102657,0.4497308690045051,4.795605806813013,18.74404206854565,18.25074001245113,0.0055645651432424,-0.0008941498268834,0.0004921884820214,0.920430651967596,0.0648867273258203,0.0594109432706802,27.73,0.0,0.0,0.0,0.0,0.0,78.59,7.54,19.54,13.52,0.0,0.0
ymlfiles\Case_816_H8_T9p5_dir135_heaveDOFbest_pitchDOFbest_rollDOFbest.yml,8,9.5,7.3643,135,DOFbest,DOFbest,DOFbest,3.3,2.4,233,304.5,248,640,1.27956752908636,4.8444649040961485,4.6858615454596375,-0.0296231382779038,0.321713315471386,0.4475331145009478,4.792622137140754,18.643671055411563,18.108964886815368,0.005852375435689,-0.0008895836249256,0.0004942838127098,0.9203065305686624,0.0645155707693662,0.0589510995964326,27.72,0.0,0.0,0.0,0.0,0.0,78.59,7.37,19.19,13.52,0.0,0.0
ymlfiles\Case_817_H8_T9p5_dir180_heavelow_pitchlow_rolllow.yml,8,9.5,7.3643,180,low,low,low,1.0,1.0,100,300.0,150,200,1.451509768979666,10.288836419172933,0.0012335032993817,-0.0773277895805774,0.2264495543235399,-0.0024239443659131,5.398265791276822,39.2334593946783,0.0022812050342778,0.029495962870948,1.2061202360849288e-05,8.793161362300283e-07,1.1765837130424344,0.1430835866283223,2.092628018225963e-05,39.54,0.0,0.0,0.0,0.0,0.0,83.17,42.0,0.0,24.25,0.68,0.0
ymlfiles\Case_818_H8_T9p5_dir180_heavelinhigh_pitchlinhigh_rolllinhigh.yml,8,9.5,7.3643,180,linhigh,linhigh,linhigh,6.5,1.0,300,300.0,325,200,1.4260272175203392,9.98737069947288,0.0010245629088971,-0.0758656693555206,0.2214808721434458,-0.0024056891345003,5.301750134120381,38.081582998499805,0.0014943262932489,0.0308693992240176,1.1062701872546658e-05,7.241718702113761e-07,1.1441186322043688,0.1388269227103373,1.7645132526767546e-05,38.21,0.0,0.0,0.0,0.0,0.0,82.7,40.59,0.0,22.94,0.53,0.0
ymlfiles\Case_819_H8_T9p5_dir180_heavequadhigh_pitchquadhigh_rollquadhigh.yml,8,9.5,7.3643,180,quadhigh,quadhigh,quadhigh,1.0,4.0,100,1300.0,150,1300,1.428264234222557,9.906384649129498,0.0009570600019806,-0.070590463916585,0.224581088066101,-0.0023971489600233,5.317928071132505,37.779661928421135,0.0012486034060323,0.0308145036326185,1.120412485900182e-05,7.286085238046301e-07,1.1403105717979138,0.1376168405200516,1.6429528297756532e-05,38.05,0.0,0.0,0.0,0.0,0.0,82.65,40.18,0.0,22.79,0.49,0.0
ymlfiles\Case_820_H8_T9p5_dir180_heaveDOFbest_pitchDOFbest_rollDOFbest.yml,8,9.5,7.3643,180,DOFbest,DOFbest,DOFbest,3.3,2.4,233,304.5,248,640,1.4299675074107017,9.963602481370058,0.0009007549856438,-0.0735220681339686,0.2261034303409251,-0.0024087357278747,5.321114750061312,37.998096937770015,0.0010210365711858,0.0307972659224787,1.1133477900213672e-05,7.464083842098467e-07,1.1455159267620745,0.1384880711289313,1.5222240888367368e-05,38.27,0.0,0.0,0.0,0.0,0.0,82.72,40.47,0.0,23.0,0.51,0.0
ymlfiles\Case_821_H8_T10_dir0_heavelow_pitchlow_rolllow.yml,8,10.0,7.7519,0,low,low,low,1.0,1.0,100,300.0,150,200,1.3249526120427415,5.117122274989481,0.0015995643996048,-0.0620373097570567,-0.5193338767357331,-0.0023480243515369,4.913407721372247,18.80723522885141,0.0037514965782437,0.0044906371017032,4.921692807152899e-06,2.2657250790064842e-07,0.9820981223697824,0.0664755599347674,3.284920784979999e-05,30.86,0.0,0.0,0.0,0.0,0.0,79.91,8.26,0.0,16.15,0.0,0.0
ymlfiles\Case_822_H8_T10_dir0_heavelinhigh_pitchlinhigh_rolllinhigh.yml,8,10.0,7.7519,0,linhigh,linhigh,linhigh,6.5,1.0,300,300.0,325,200,1.3008430597863494,5.023041183990742,0.002294355326318,-0.0604445037348041,-0.4916876952095372,-0.0022838921762869,4.823260631285262,18.48273713098228,0.0064600041807648,0.0066052521687798,4.633296737090702e-06,1.6057966055135898e-07,0.9531625238964756,0.0652321386058149,4.704114761148996e-05,29.41,0.0,0.0,0.0,0.0,0.0,79.31,7.69,0.0,14.91,0.0,0.0
ymlfiles\Case_823_H8_T10_dir0_heavequadhigh_pitchquadhigh_rollquadhigh.yml,8,10.0,7.7519,0,quadhigh,quadhigh,quadhigh,1.0,4.0,100,1300.0,150,1300,1.3033863809640929,5.0652122896022265,0.0023398689555251,-0.0579219226513706,-0.4873818231115149,-0.0023774720275491,4.836537874526796,18.64527365055921,0.006507498724637,0.0060213683655377,4.598295096854179e-06,3.076143519790077e-07,0.951619332822658,0.065745330029714,4.622453402874123e-05,29.33,0.0,0.0,0.0,0.0,0.0,79.28,7.93,0.0,14.85,0.0,0.0
ymlfiles\Case_824_H8_T10_dir0_heaveDOFbest_pitchDOFbest_rollDOFbest.yml,8,10.0,7.7519,0,DOFbest,DOFbest,DOFbest,3.3,2.4,233,304.5,248,640,1.3046712910567675,5.0420361525554185,0.0030465367895648,-0.0592958040710661,-0.4935695982233172,-0.0023575545374241,4.838781512568247,18.550477666683197,0.0092161072826316,0.0062681795089522,4.6004186709234304e-06,2.975444513161506e-07,0.955221841606046,0.0654703631052606,5.894183581715013e-05,29.52,0.0,0.0,0.0,0.0,0.0,79.35,7.8,0.0,15.0,0.0,0.0
ymlfiles\Case_825_H8_T10_dir45_heavelow_pitchlow_rolllow.yml,8,10.0,7.7519,45,low,low,low,1.0,1.0,100,300.0,150,200,1.4637889250374736,4.518775237217783,7.597319292138243,-0.0683395151815464,-0.2074663649686348,0.1237226077339314,5.433171654922143,16.866091776002346,28.918055636460835,0.0212248120164772,-0.0004506302646068,-0.0002799768183302,1.1102971104656618,0.0607029873372711,0.1048064320541177,36.78,0.0,0.15,0.0,0.0,0.0,82.19,5.73,46.3,21.56,0.0,0.0
ymlfiles\Case_826_H8_T10_dir45_heavelinhigh_pitchlinhigh_rolllinhigh.yml,8,10.0,7.7519,45,linhigh,linhigh,linhigh,6.5,1.0,300,300.0,325,200,1.4405002821844464,4.430751642653164,7.333031543843025,-0.0671217133180415,-0.2041820888186375,0.1248169129352125,5.344885305935,16.535858688800325,27.91158729984059,0.0230366932138276,-0.0004350977362868,-0.0002715429327957,1.0817372957525224,0.0592087245235518,0.1010656557533788,35.53,0.0,0.1,0.0,0.0,0.0,81.72,5.13,44.66,20.37,0.0,0.0
ymlfiles\Case_827_H8_T10_dir45_heavequadhigh_pitchquadhigh_rollquadhigh.yml,8,10.0,7.7519,45,quadhigh,quadhigh,quadhigh,1.0,4.0,100,1300.0,150,1300,1.4426342019559797,4.487022596032799,7.391849415456191,-0.0638598180679949,-0.2004960927827561,0.1179633340238278,5.356825266935776,16.750253514651398,28.13355219930919,0.0225026541105537,-0.0004383209214287,-0.0002783435422718,1.0812537793599228,0.059990353738732,0.1018405369675632,35.5,0.0,0.11,0.0,0.0,0.0,81.71,5.44,45.01,20.35,0.0,0.0
ymlfiles\Case_828_H8_T10_dir45_heaveDOFbest_pitchDOFbest_rollDOFbest.yml,8,10.0,7.7519,45,DOFbest,DOFbest,DOFbest,3.3,2.4,233,304.5,248,640,1.4438611774482393,4.452758529388493,7.421025136382288,-0.0657468485485216,-0.2016426316944456,0.1206633877598618,5.3588871649394925,16.619666661636195,28.242357702352106,0.0226139097195021,-0.0004393183929196,-0.000273081176188,1.084598758726853,0.0595594493725217,0.1022750986255103,35.65,0.0,0.11,0.0,0.0,0.0,81.77,5.27,45.2,20.49,0.0,0.0
ymlfiles\Case_829_H8_T10_dir90_heavelow_pitchlow_rolllow.yml,8,10.0,7.7519,90,low,low,low,1.0,1.0,100,300.0,150,200,1.3993471579572316,3.2670755597994017,6.997653325904322,-0.0624795199200585,0.3344147521233386,0.3648674716112182,5.193943188217599,12.787150143155122,26.74765130450906,0.0054534538993462,0.0006036485362805,0.0001289863222634,1.050637114275374,0.0484204578522075,0.0898116213171978,34.12,0.0,0.02,0.0,0.0,0.0,81.19,1.72,39.17,19.06,0.0,0.0
ymlfiles\Case_830_H8_T10_dir90_heavelinhigh_pitchlinhigh_rolllinhigh.yml,8,10.0,7.7519,90,linhigh,linhigh,linhigh,6.5,1.0,300,300.0,325,200,1.3759934348140948,3.142721335782758,6.796238024639008,-0.0607345980657031,0.3204777228152524,0.3576968761304979,5.106702718130009,12.300365902794486,25.984050582908253,0.0082304580079191,0.000581140980795,0.0001223307884821,1.022501155889893,0.0467495211918874,0.0868745553413569,32.81,0.0,0.01,0.0,0.0,0.0,80.68,1.36,37.59,17.87,0.0,0.0
ymlfiles\Case_831_H8_T10_dir90_heavequadhigh_pitchquadhigh_rollquadhigh.yml,8,10.0,7.7519,90,quadhigh,quadhigh,quadhigh,1.0,4.0,100,1300.0,150,1300,1.3790174531466088,3.20135110114952,6.8755377390191725,-0.0586470237923334,0.3292393125607052,0.3451710152455245,5.121410415435007,12.535554078135176,26.27053757622073,0.0074024239737243,0.0005826019933858,0.0001225887143287,1.0228784887423985,0.0475068286270355,0.087907076194221,32.83,0.0,0.01,0.0,0.0,0.0,80.69,1.51,38.15,17.89,0.0,0.0
ymlfiles\Case_832_H8_T10_dir90_heaveDOFbest_pitchDOFbest_rollDOFbest.yml,8,10.0,7.7519,90,DOFbest,DOFbest,DOFbest,3.3,2.4,233,304.5,248,640,1.3797600780883383,3.170332731841792,6.8670908295996576,-0.0599408278573054,0.3270726505690449,0.3564740345343118,5.122906162615513,12.414538556771232,26.24700682893928,0.0074485865980377,0.0005881926661488,0.0001233646394204,1.0255448777827616,0.0471081203639009,0.0878531018413745,32.95,0.0,0.01,0.0,0.0,0.0,80.74,1.43,38.13,18.0,0.0,0.0
ymlfiles\Case_833_H8_T10_dir135_heavelow_pitchlow_rolllow.yml,8,10.0,7.7519,135,low,low,low,1.0,1.0,100,300.0,150,200,1.3462198562984482,4.642513240225133,4.655278252547173,-0.0296088030176262,0.3109861708695716,0.4230682366078029,5.029415799896084,17.84113982554318,17.946897115102672,0.0011583297621207,-0.0008566126567253,0.0004441276418782,0.9387309556808816,0.0609683091371424,0.0573560582938469,28.68,0.0,0.0,0.0,0.0,0.0,79.0,5.84,17.99,14.3,0.0,0.0
ymlfiles\Case_834_H8_T10_dir135_heavelinhigh_pitchlinhigh_rolllinhigh.yml,8,10.0,7.7519,135,linhigh,linhigh,linhigh,6.5,1.0,300,300.0,325,200,1.3256157405383706,4.504241203074542,4.53229996652636,-0.0306090822821991,0.3131996322689244,0.393160909103639,4.948859944918636,17.321237369987806,17.447969426221327,0.0036392837808401,-0.0008736182362747,0.0004696523217399,0.918525423894974,0.0589915142150357,0.0556515480324399,27.63,0.0,0.0,0.0,0.0,0.0,78.55,5.05,16.69,13.44,0.0,0.0
ymlfiles\Case_835_H8_T10_dir135_heavequadhigh_pitchquadhigh_rollquadhigh.yml,8,10.0,7.7519,135,quadhigh,quadhigh,quadhigh,1.0,4.0,100,1300.0,150,1300,1.330965182294619,4.555244998284089,4.610376305654454,-0.029856076981226,0.3097620536404991,0.3983364446206844,4.971233667419493,17.511357381901426,17.75209147644413,0.0027672953229627,-0.0008772253156159,0.0004616555196128,0.9225328934234506,0.0597184289547111,0.0566727958470668,27.84,0.0,0.0,0.0,0.0,0.0,78.64,5.33,17.47,13.61,0.0,0.0
ymlfiles\Case_836_H8_T10_dir135_heaveDOFbest_pitchDOFbest_rollDOFbest.yml,8,10.0,7.7519,135,DOFbest,DOFbest,DOFbest,3.3,2.4,233,304.5,248,640,1.3305203936725076,4.528351493211423,4.57548488108728,-0.0300605223478478,0.3131335924658535,0.3980118608368986,4.9690533229867615,17.412211908614573,17.615322960330893,0.0030910536728079,-0.0008735758000662,0.0004636551093615,0.9225326645356215,0.0593499213583752,0.0562334296159412,27.84,0.0,0.0,0.0,0.0,0.0,78.64,5.19,17.13,13.61,0.0,0.0
ymlfiles\Case_837_H8_T10_dir180_heavelow_pitchlow_rolllow.yml,8,10.0,7.7519,180,low,low,low,1.0,1.0,100,300.0,150,200,1.4959088629405055,9.5930513336317,0.0009638733524197,-0.0705131954508797,0.1516642646278892,-0.0024254128223983,5.554097484463308,36.49431485038581,0.0012430388965105,0.021473589650881,-1.4258376454521003e-05,8.747156648422232e-07,1.1614121032020408,0.1321614923193564,1.62819442877381e-05,38.92,0.0,0.0,0.0,0.0,0.0,82.96,38.26,0.0,23.65,0.34,0.0
ymlfiles\Case_838_H8_T10_dir180_heavelinhigh_pitchlinhigh_rolllinhigh.yml,8,10.0,7.7519,180,linhigh,linhigh,linhigh,6.5,1.0,300,300.0,325,200,1.471667994432782,9.325492139814244,0.0010673767081898,-0.0695402583074248,0.1437004088474081,-0.002399780279535,5.462930572698512,35.47272040369784,0.0016688230532906,0.0228416876725063,-1.3495434864579668e-05,7.018398615479766e-07,1.1308685423019211,0.1282519198647178,1.869640395370747e-05,37.65,0.0,0.0,0.0,0.0,0.0,82.5,36.83,0.0,22.4,0.25,0.0
ymlfiles\Case_839_H8_T10_dir180_heavequadhigh_pitchquadhigh_rollquadhigh.yml,8,10.0,7.7519,180,quadhigh,quadhigh,quadhigh,1.0,4.0,100,1300.0,150,1300,1.4738947941231428,9.277665421417732,0.0009679692958021,-0.0643779239385784,0.1427654218062361,-0.0023818266913491,5.4771331708607045,35.294341371117845,0.0013040464327643,0.0228242607768028,-1.3138777664720472e-05,6.049121159386522e-07,1.1279283571141598,0.1275094702174948,1.6387136689764095e-05,37.53,0.0,0.0,0.0,0.0,0.0,82.46,36.55,0.0,22.28,0.24,0.0
ymlfiles\Case_840_H8_T10_dir180_heaveDOFbest_pitchDOFbest_rollDOFbest.yml,8,10.0,7.7519,180,DOFbest,DOFbest,DOFbest,3.3,2.4,233,304.5,248,640,1.475430352347127,9.314365935472598,0.0011738446932431,-0.0671271977853826,0.1461762539299216,-0.0024397323622394,5.479152226740488,35.43304534781348,0.0020270091700217,0.0227809132521069,-1.3400349779175917e-05,8.530108076881066e-07,1.132459441405218,0.1280950844094352,1.929976953011336e-05,37.72,0.0,0.0,0.0,0.0,0.0,82.53,36.77,0.0,22.47,0.25,0.0
ymlfiles\Case_841_H8_T11_dir0_heavelow_pitchlow_rolllow.yml,8,11.0,8.5271,0,low,low,low,1.0,1.0,100,300.0,150,200,1.4240241572021233,4.792329734217051,0.0015688038809523,-0.0627320301238397,-0.503162485221824,-0.0023380829678105,5.25559753836841,17.523133396411282,0.0036367887594261,0.0006317648474843,-3.5923853362158497e-06,2.153603024726539e-07,0.9731285518078696,0.0593270913202079,3.09173018161348e-05,30.41,0.0,0.0,0.0,0.0,0.0,79.73,5.18,0.0,15.77,0.0,0.0
ymlfiles\Case_842_H8_T11_dir0_heavelinhigh_pitchlinhigh_rolllinhigh.yml,8,11.0,8.5271,0,linhigh,linhigh,linhigh,6.5,1.0,300,300.0,325,200,1.4017582900142893,4.723547730661697,0.0017075240258156,-0.0614834757319287,-0.484761330565392,-0.0023175023281777,5.173337732849739,17.284961562523215,0.0041925670305434,0.0024542529483123,-3.2510387561124155e-06,2.393257264127473e-07,0.9464278846862046,0.0583121599163292,3.8161060507056935e-05,29.07,0.0,0.0,0.0,0.0,0.0,79.17,4.78,0.0,14.63,0.0,0.0
ymlfiles\Case_843_H8_T11_dir0_heavequadhigh_pitchquadhigh_rollquadhigh.yml,8,11.0,8.5271,0,quadhigh,quadhigh,quadhigh,1.0,4.0,100,1300.0,150,1300,1.4039489629819448,4.767335993318548,0.0021082856910084,-0.0582864221746008,-0.4813460216475415,-0.0023096086149437,5.185067944194554,17.44880957883713,0.0057131437321034,0.0017301047053341,-3.391388106722765e-06,2.2809710228890333e-07,0.945041951087478,0.058841879396211,4.346688661342714e-05,29.0,0.0,0.0,0.0,0.0,0.0,79.14,4.99,0.0,14.57,0.0,0.0
ymlfiles\Case_844_H8_T11_dir0_heaveDOFbest_pitchDOFbest_rollDOFbest.yml,8,11.0,8.5271,0,DOFbest,DOFbest,DOFbest,3.3,2.4,233,304.5,248,640,1.4052254353790694,4.74153563199593,0.0011518126562795,-0.0600186416740955,-0.4855046978759222,-0.0023381785809543,5.187750509657818,17.34975309385946,0.0020369381736023,0.0020750112620284,-3.3253912722758003e-06,2.237941689003026e-07,0.948372659661501,0.0585431641155352,2.453831489907924e-05,29.17,0.0,0.0,0.0,0.0,0.0,79.21,4.87,0.0,14.71,0.0,0.0
ymlfiles\Case_845_H8_T11_dir45_heavelow_pitchlow_rolllow.yml,8,11.0,8.5271,45,low,low,low,1.0,1.0,100,300.0,150,200,1.5519151419832564,4.100365675150431,6.700122212037113,-0.0693972354283571,-0.1855467117980184,0.117537168887022,5.736176114676048,15.272653787975008,25.485266882711493,0.0142328796253572,-0.0004087686019584,-0.0003001515926708,1.0794205674146231,0.0531584241655569,0.0919658512224834,35.42,0.0,0.03,0.0,0.0,0.0,81.68,3.0,40.29,20.27,0.0,0.0
ymlfiles\Case_846_H8_T11_dir45_heavelinhigh_pitchlinhigh_rolllinhigh.yml,8,11.0,8.5271,45,linhigh,linhigh,linhigh,6.5,1.0,300,300.0,325,200,1.5311872083677207,4.027396200132049,6.468343470141459,-0.0688910114494298,-0.1841607513003376,0.1169503054237142,5.65688749958594,14.99367591723993,24.608446470993567,0.0158381844358347,-0.0004021696017993,-0.000298175980169,1.054588078078523,0.0518514769405512,0.0885979998281146,34.3,0.0,0.02,0.0,0.0,0.0,81.26,2.61,38.53,19.23,0.0,0.0
ymlfiles\Case_847_H8_T11_dir45_heavequadhigh_pitchquadhigh_rollquadhigh.yml,8,11.0,8.5271,45,quadhigh,quadhigh,quadhigh,1.0,4.0,100,1300.0,150,1300,1.5335410251991373,4.081441120163976,6.540645511795116,-0.0658272683461619,-0.1809442862709479,0.1108345779043248,5.670634940925775,15.201461068755306,24.86941945107641,0.015219172597938,-0.0004033502060318,-0.0003020887255698,1.054840800753106,0.0526300465215943,0.0896009376805097,34.31,0.0,0.02,0.0,0.0,0.0,81.27,2.84,39.06,19.24,0.0,0.0
ymlfiles\Case_848_H8_T11_dir45_heaveDOFbest_pitchDOFbest_rollDOFbest.yml,8,11.0,8.5271,45,DOFbest,DOFbest,DOFbest,3.3,2.4,233,304.5,248,640,1.5344844305835292,4.04789440538574,6.544637095694072,-0.0675325491210532,-0.181880565789032,0.1147950481413278,5.6717065715465065,15.073206612976314,24.88982707086134,0.01542386276011,-0.0004044014702156,-0.0002989658033197,1.0573479820680438,0.0521924671796054,0.0896820810274577,34.43,0.0,0.02,0.0,0.0,0.0,81.31,2.71,39.1,19.35,0.0,0.0
ymlfiles\Case_849_H8_T11_dir90_heavelow_pitchlow_rolllow.yml,8,11.0,8.5271,90,low,low,low,1.0,1.0,100,300.0,150,200,1.4896207889646136,2.9222926823757565,6.265799480137875,-0.0662425854899131,0.254636578036885,0.3641205743456051,5.50115751825085,11.416220349486704,23.93171449794804,0.0010335374120154,0.0006347164168029,8.154359749665407e-05,1.0281506707802417,0.0441632031957642,0.0785842075361242,33.07,0.0,0.0,0.0,0.0,0.0,80.79,0.9,32.76,18.11,0.0,0.0
ymlfiles\Case_850_H8_T11_dir90_heavelinhigh_pitchlinhigh_rolllinhigh.yml,8,11.0,8.5271,90,linhigh,linhigh,linhigh,6.5,1.0,300,300.0,325,200,1.4682535247083508,2.807425607940748,6.104344936078357,-0.06502634137345,0.2463523865485927,0.358162745332713,5.420323394059034,10.970716844056383,23.31158412569216,0.0033341592577859,0.0006277414627718,7.625505976346312e-05,1.002829157587714,0.0426369751200452,0.0760759214870571,31.87,0.0,0.0,0.0,0.0,0.0,80.31,0.68,31.2,17.03,0.0,0.0
ymlfiles\Case_851_H8_T11_dir90_heavequadhigh_pitchquadhigh_rollquadhigh.yml,8,11.0,8.5271,90,quadhigh,quadhigh,quadhigh,1.0,4.0,100,1300.0,150,1300,1.4709960931077974,2.866748831542449,6.185751440636208,-0.0624090531589934,0.2530119502574137,0.3470295009096327,5.435017023506746,11.203467873932816,23.61214385225608,0.0023747635068816,0.0006291589651274,7.724942066970318e-05,1.0033221892505926,0.0434023348815499,0.0771826065838489,31.89,0.0,0.0,0.0,0.0,0.0,80.32,0.78,31.89,17.05,0.0,0.0
ymlfiles\Case_852_H8_T11_dir90_heaveDOFbest_pitchDOFbest_rollDOFbest.yml,8,11.0,8.5271,90,DOFbest,DOFbest,DOFbest,3.3,2.4,233,304.5,248,640,1.471798900695524,2.835764388933179,6.1629173862372335,-0.0638801368855905,0.2509381861532579,0.3570149902673177,5.435448584394495,11.08354301986374,23.53207344378643,0.00261130126303,0.0006313255068919,7.751672192231142e-05,1.005630571608397,0.0429999675493187,0.0769184378462116,32.0,0.0,0.0,0.0,0.0,0.0,80.37,0.73,31.73,17.15,0.0,0.0
ymlfiles\Case_853_H8_T11_dir135_heavelow_pitchlow_rolllow.yml,8,11.0,8.5271,135,low,low,low,1.0,1.0,100,300.0,150,200,1.4428128183465694,4.139915005582406,4.459746144862489,-0.0352754931109299,0.3362317210273435,0.3613262820856693,5.358260515201458,15.93925242618168,17.097939137272853,-0.0015540520895288,-0.000826787252626,0.0004283673829812,0.9344466255873743,0.0529359080539298,0.0526786380092605,28.46,0.0,0.0,0.0,0.0,0.0,78.91,2.93,14.42,14.12,0.0,0.0
ymlfiles\Case_854_H8_T11_dir135_heavelinhigh_pitchlinhigh_rolllinhigh.yml,8,11.0,8.5271,135,linhigh,linhigh,linhigh,6.5,1.0,300,300.0,325,200,1.4239033577935978,4.031233421626402,4.358804813022398,-0.036286238754591,0.3366412858587033,0.3379491078460527,5.284797689510374,15.525630823527116,16.68861100360113,0.0006646029460106,-0.0008470050164324,0.0004513907520105,0.916091728203967,0.0513096887699755,0.0512391165822657,27.5,0.0,0.0,0.0,0.0,0.0,78.49,2.45,13.33,13.34,0.0,0.0
ymlfiles\Case_855_H8_T11_dir135_heavequadhigh_pitchquadhigh_rollquadhigh.yml,8,11.0,8.5271,135,quadhigh,quadhigh,quadhigh,1.0,4.0,100,1300.0,150,1300,1.4287505445840782,4.079891506848505,4.4312415772205735,-0.0353617713473947,0.3350504548983847,0.343694316657657,5.305253105693954,15.71006079571239,16.972301199619327,-0.0002651804176115,-0.0008465159961118,0.0004429429999529,0.9195377137773132,0.0520350396910986,0.0521889550733217,27.68,0.0,0.0,0.0,0.0,0.0,78.57,2.66,14.05,13.48,0.0,0.0
ymlfiles\Case_856_H8_T11_dir135_heaveDOFbest_pitchDOFbest_rollDOFbest.yml,8,11.0,8.5271,135,DOFbest,DOFbest,DOFbest,3.3,2.4,233,304.5,248,640,1.4283509845866882,4.052958452034624,4.396405380005802,-0.0356545315903836,0.3371482147529185,0.3434910377160337,5.30275912821801,15.610661739884932,16.837260879943234,0.0001146737120961,-0.0008435794869698,0.0004452520192612,0.9196176946474124,0.0516470204975236,0.0517451981767847,27.69,0.0,0.0,0.0,0.0,0.0,78.57,2.55,13.71,13.49,0.0,0.0
ymlfiles\Case_857_H8_T11_dir180_heavelow_pitchlow_rolllow.yml,8,11.0,8.5271,180,low,low,low,1.0,1.0,100,300.0,150,200,1.5779293145807614,8.604735095837258,0.0010271159237451,-0.0627788921584331,0.0694710938941002,-0.0023883731850722,5.840111110816622,32.61017862327473,0.0015116600021569,0.0115138851182681,-3.5033146448260678e-06,6.145423629752606e-07,1.122416982493613,0.1161745557832183,1.7847098436264084e-05,37.3,0.0,0.0,0.0,0.0,0.0,82.37,32.06,0.0,22.06,0.09,0.0
ymlfiles\Case_858_H8_T11_dir180_heavelinhigh_pitchlinhigh_rolllinhigh.yml,8,11.0,8.5271,180,linhigh,linhigh,linhigh,6.5,1.0,300,300.0,325,200,1.5567599379825958,8.374767163189295,0.0009260166649567,-0.062485551094122,0.062627810381773,-0.0023656326011627,5.758920578103929,31.73017860530806,0.0011490155394588,0.0129772974500161,-3.778175136146388e-06,5.680632252650328e-07,1.0964495600364683,0.112713332944531,1.5400537142890356e-05,36.18,0.0,0.0,0.0,0.0,0.0,81.96,30.6,0.0,20.98,0.06,0.0
ymlfiles\Case_859_H8_T11_dir180_heavequadhigh_pitchquadhigh_rollquadhigh.yml,8,11.0,8.5271,180,quadhigh,quadhigh,quadhigh,1.0,4.0,100,1300.0,150,1300,1.5593101904956013,8.36392392662095,0.0009249691767979,-0.0580371336441323,0.0608753431205599,-0.0023898895641285,5.774818873027813,31.68568352343985,0.0011227446816513,0.0128671157524985,-3.7984799210720233e-06,6.148036606413478e-07,1.0951283162158296,0.1125084516049335,1.555210001498493e-05,36.12,0.0,0.0,0.0,0.0,0.0,81.94,30.51,0.0,20.93,0.06,0.0
ymlfiles\Case_860_H8_T11_dir180_heaveDOFbest_pitchDOFbest_rollDOFbest.yml,8,11.0,8.5271,180,DOFbest,DOFbest,DOFbest,3.3,2.4,233,304.5,248,640,1.560353901106627,8.37783917338666,0.0010331072540564,-0.0602764435247401,0.0639320187962388,-0.0023686227191289,5.775719004087537,31.74309902191936,0.0015568855930676,0.0128570891020265,-3.780396811003385e-06,5.237837228540875e-07,1.0983902684316962,0.1127614971839798,1.7717685516658944e-05,36.26,0.0,0.0,0.0,0.0,0.0,82.0,30.62,0.0,21.06,0.06,0.0
ymlfiles\Case_861_H8_T12_dir0_heavelow_pitchlow_rolllow.yml,8,12.0,9.3023,0,low,low,low,1.0,1.0,100,300.0,150,200,1.5107856599908596,4.487709193880123,0.001757722615428,-0.0637100359754969,-0.5084872282959313,-0.0023022480717385,5.555203687495116,16.329715454595696,0.0043808125382252,0.0018613750887473,-3.817774922877307e-06,1.1582021683227017e-07,0.947776254309724,0.0535830841868918,3.435635941449392e-05,29.14,0.0,0.0,0.0,0.0,0.0,79.2,3.13,0.0,14.68,0.0,0.0
ymlfiles\Case_862_H8_T12_dir0_heavelinhigh_pitchlinhigh_rolllinhigh.yml,8,12.0,9.3023,0,linhigh,linhigh,linhigh,6.5,1.0,300,300.0,325,200,1.4908296293150531,4.432171515765621,0.0019198436761954,-0.0628436291384753,-0.4952296096278827,-0.0022726074206194,5.480255573242347,16.133510380471137,0.005017682613863,0.0032918587163866,-4.032005740890843e-06,7.528749405434203e-08,0.924482558358678,0.0527022637765614,3.886178552391667e-05,27.94,0.0,0.0,0.0,0.0,0.0,78.68,2.86,0.0,13.69,0.0,0.0
ymlfiles\Case_863_H8_T12_dir0_heavequadhigh_pitchquadhigh_rollquadhigh.yml,8,12.0,9.3023,0,quadhigh,quadhigh,quadhigh,1.0,4.0,100,1300.0,150,1300,1.4926634185639411,4.477427545783608,0.001537514225333,-0.0593714624137187,-0.4918337992661415,-0.0023027992298666,5.491743657756493,16.30883861206282,0.0035262206975462,0.0025430412951862,-3.91999737814136e-06,1.658341658533454e-07,0.9230394930080064,0.0532521837212518,3.466569311233221e-05,27.86,0.0,0.0,0.0,0.0,0.0,78.65,3.03,0.0,13.63,0.0,0.0
ymlfiles\Case_864_H8_T12_dir0_heaveDOFbest_pitchDOFbest_rollDOFbest.yml,8,12.0,9.3023,0,DOFbest,DOFbest,DOFbest,3.3,2.4,233,304.5,248,640,1.4938599129996333,4.45012691380102,0.0011674652564324,-0.0612194535178959,-0.495055180450184,-0.0023179750318451,5.493946238480172,16.201050353668812,0.0021106633856313,0.0029258133454278,-3.9742266064468295e-06,1.811547002949509e-07,0.9260911253048368,0.0529351383083546,2.369343259800885e-05,28.02,0.0,0.0,0.0,0.0,0.0,78.72,2.93,0.0,13.76,0.0,0.0
ymlfiles\Case_865_H8_T12_dir45_heavelow_pitchlow_rolllow.yml,8,12.0,9.3023,45,low,low,low,1.0,1.0,100,300.0,150,200,1.63217724550915,3.743173641238891,5.958393102577063,-0.0676137172624935,-0.1638207557487205,0.121907656585923,6.008829774866841,13.911822798783012,22.66543249887971,0.0125673238760756,-0.0003788155110502,-0.0003068409655756,1.0429381931347803,0.0468146602174344,0.0813021063551317,33.76,0.0,0.0,0.0,0.0,0.0,81.06,1.37,34.41,18.74,0.0,0.0
ymlfiles\Case_866_H8_T12_dir45_heavelinhigh_pitchlinhigh_rolllinhigh.yml,8,12.0,9.3023,45,linhigh,linhigh,linhigh,6.5,1.0,300,300.0,325,200,1.6137383398160627,3.680666013433505,5.753728848214827,-0.0674951350032587,-0.1626448820717597,0.1207723822943333,5.939452879616944,13.674609900795687,21.89350339725156,0.0139321412650629,-0.0003757647233796,-0.000306891478446,1.0216431679911242,0.0456728405208261,0.0782879906935371,32.77,0.0,0.0,0.0,0.0,0.0,80.67,1.15,32.58,17.83,0.0,0.0
ymlfiles\Case_867_H8_T12_dir45_heavequadhigh_pitchquadhigh_rollquadhigh.yml,8,12.0,9.3023,45,quadhigh,quadhigh,quadhigh,1.0,4.0,100,1300.0,150,1300,1.6158799037455889,3.732438410904861,5.834506017699691,-0.0646274801372623,-0.1587334203936881,0.1137728027492972,5.951142530254306,13.87569677736407,22.192173346066248,0.0133009930629065,-0.0003785272262877,-0.0003107612770064,1.02206258058043,0.046430956335559,0.0794197326297818,32.79,0.0,0.0,0.0,0.0,0.0,80.68,1.3,33.28,17.85,0.0,0.0
ymlfiles\Case_868_H8_T12_dir45_heaveDOFbest_pitchDOFbest_rollDOFbest.yml,8,12.0,9.3023,45,DOFbest,DOFbest,DOFbest,3.3,2.4,233,304.5,248,640,1.6167216965370252,3.700847360186172,5.822356661815069,-0.0660807150114696,-0.1607217129664059,0.1187006718190769,5.952823211346222,13.754922225682582,22.1499297937807,0.0135490911160683,-0.0003768980282031,-0.000307189966071,1.0240634013831758,0.0460026471637181,0.0792754487919554,32.88,0.0,0.0,0.0,0.0,0.0,80.71,1.21,33.19,17.94,0.0,0.0
ymlfiles\Case_869_H8_T12_dir90_heavelow_pitchlow_rolllow.yml,8,12.0,9.3023,90,low,low,low,1.0,1.0,100,300.0,150,200,1.571745228525901,2.6471970426044864,5.625169747003766,-0.0690511313011127,0.1783813649358574,0.3770141205480507,5.780338697424379,10.29685860971624,21.510573825120545,0.0023380337555337,0.0006515396504686,2.4982841191297468e-05,0.9952611682155044,0.0408574271588564,0.068942310716376,31.5,0.0,0.0,0.0,0.0,0.0,80.17,0.47,26.45,16.71,0.0,0.0
ymlfiles\Case_870_H8_T12_dir90_heavelinhigh_pitchlinhigh_rolllinhigh.yml,8,12.0,9.3023,90,linhigh,linhigh,linhigh,6.5,1.0,300,300.0,325,200,1.5525752826971355,2.5403304173921537,5.489445859320144,-0.068266848083245,0.1735355958610087,0.3728918905759862,5.706898223197012,9.884065650681704,20.98519500679722,0.0041451754401676,0.0006509352310208,2.1490880141902715e-05,0.9731961458158545,0.0394558229255419,0.0667422288974664,30.42,0.0,0.0,0.0,0.0,0.0,79.73,0.35,24.91,15.77,0.0,0.0
ymlfiles\Case_871_H8_T12_dir90_heavequadhigh_pitchquadhigh_rollquadhigh.yml,8,12.0,9.3023,90,quadhigh,quadhigh,quadhigh,1.0,4.0,100,1300.0,150,1300,1.554705426833855,2.599092994409704,5.570832592293175,-0.0654448880990321,0.1786095871884263,0.3627000366057288,5.719707393899539,10.113216984274416,21.288280172619015,0.0032052383563279,0.0006542573750866,2.209813601010182e-05,0.9732127719214164,0.0402207339438851,0.0678826585457386,30.42,0.0,0.0,0.0,0.0,0.0,79.73,0.41,25.71,15.77,0.0,0.0
ymlfiles\Case_872_H8_T12_dir90_heaveDOFbest_pitchDOFbest_rollDOFbest.yml,8,12.0,9.3023,90,DOFbest,DOFbest,DOFbest,3.3,2.4,233,304.5,248,640,1.5556165645007916,2.5681362749510632,5.5406120940466606,-0.0669260607228165,0.1763757237649315,0.3710468382575917,5.7203790197633735,9.99319495013483,21.18056056390082,0.0035480911699376,0.0006539972627538,2.219670539009132e-05,0.9753968034089404,0.0398113268238791,0.0675002105450721,30.53,0.0,0.0,0.0,0.0,0.0,79.77,0.38,25.45,15.86,0.0,0.0
ymlfiles\Case_873_H8_T12_dir135_heavelow_pitchlow_rolllow.yml,8,12.0,9.3023,135,low,low,low,1.0,1.0,100,300.0,150,200,1.5312663931938433,3.7326469866073713,4.2303215438023365,-0.0412495670013684,0.3774073681163656,0.328841480464017,5.657914281411275,14.426586396964767,16.160069537089733,-0.0003138204819096,-0.000807469498183,0.000451167323274,0.9215384502729002,0.0464611281116878,0.048155578510552,27.79,0.0,0.0,0.0,0.0,0.0,78.62,1.3,11.02,13.57,0.0,0.0
ymlfiles\Case_874_H8_T12_dir135_heavelinhigh_pitchlinhigh_rolllinhigh.yml,8,12.0,9.3023,135,linhigh,linhigh,linhigh,6.5,1.0,300,300.0,325,200,1.5139778287271988,3.643292368517279,4.146972167458115,-0.0421826257973322,0.3764497493212532,0.3113674561232003,5.590624799571889,14.085233809061922,15.826654682083024,0.0015226890252533,-0.0008230470541764,0.0004697087677653,0.9049334494163404,0.0450617209636517,0.0469290026372039,26.91,0.0,0.0,0.0,0.0,0.0,78.23,1.04,10.12,12.86,0.0,0.0
ymlfiles\Case_875_H8_T12_dir135_heavequadhigh_pitchquadhigh_rollquadhigh.yml,8,12.0,9.3023,135,quadhigh,quadhigh,quadhigh,1.0,4.0,100,1300.0,150,1300,1.5181591191914698,3.690510437947472,4.211254392323606,-0.0409938917332351,0.3746937248744861,0.3136519081985015,5.6085766923810825,14.264452147065256,16.07354537841533,0.0006633359577277,-0.000824120226668,0.0004640788907389,0.9075996058117692,0.0457922074897333,0.0477817432896863,27.05,0.0,0.0,0.0,0.0,0.0,78.3,1.17,10.74,12.98,0.0,0.0
ymlfiles\Case_876_H8_T12_dir135_heaveDOFbest_pitchDOFbest_rollDOFbest.yml,8,12.0,9.3023,135,DOFbest,DOFbest,DOFbest,3.3,2.4,233,304.5,248,640,1.517938168360126,3.6641731409736034,4.177561101227742,-0.041475993518703,0.3769755217015303,0.313656595608426,5.607272359709856,14.165970692101675,15.944407043341586,0.0010531578181381,-0.0008226053351407,0.0004659514554354,0.9079256214083372,0.0453992572402919,0.0473496378916918,27.07,0.0,0.0,0.0,0.0,0.0,78.3,1.1,10.43,12.99,0.0,0.0
ymlfiles\Case_877_H8_T12_dir180_heavelow_pitchlow_rolllow.yml,8,12.0,9.3023,180,low,low,low,1.0,1.0,100,300.0,150,200,1.652974246045377,7.756437429310028,0.0008648111790673,-0.0546977693563787,0.0141567967056303,-0.0023871346824015,6.102217448228942,29.313772132933344,0.0008981950516903,0.0083730820111769,7.381541634277143e-06,5.811884459577164e-07,1.0807088338996356,0.1026880246294529,1.4432669949595446e-05,35.48,0.0,0.0,0.0,0.0,0.0,81.71,26.12,0.0,20.33,0.02,0.0
ymlfiles\Case_878_H8_T12_dir180_heavelinhigh_pitchlinhigh_rolllinhigh.yml,8,12.0,9.3023,180,linhigh,linhigh,linhigh,6.5,1.0,300,300.0,325,200,1.6343337065400927,7.555148991723804,0.0009225151508347,-0.0548201320329519,0.010127103597153,-0.0023555713329373,6.03095453562418,28.53978960078464,0.0011482545689904,0.0097510298215429,6.908414208068157e-06,4.183738959857449e-07,1.0585773162526062,0.0996114025623206,1.60499269869468e-05,34.48,0.0,0.0,0.0,0.0,0.0,81.33,24.67,0.0,19.4,0.01,0.0
ymlfiles\Case_879_H8_T12_dir180_heavequadhigh_pitchquadhigh_rollquadhigh.yml,8,12.0,9.3023,180,quadhigh,quadhigh,quadhigh,1.0,4.0,100,1300.0,150,1300,1.63672937104602,7.568622674797227,0.0009856513195321,-0.0510280851447449,0.0055520496432106,-0.0023987188167104,6.044524077351569,28.59090555433036,0.0013398977166863,0.0095352365641575,6.969308866652271e-06,5.662756513037034e-07,1.0580853540110404,0.0997575450334216,1.5827526753975717e-05,34.46,0.0,0.0,0.0,0.0,0.0,81.32,24.74,0.0,19.38,0.01,0.0
ymlfiles\Case_880_H8_T12_dir180_heaveDOFbest_pitchDOFbest_rollDOFbest.yml,8,12.0,9.3023,180,DOFbest,DOFbest,DOFbest,3.3,2.4,233,304.5,248,640,1.637559584914064,7.567304623293582,0.0008796325348866,-0.0528755970837168,0.0096582273542281,-0.0023694703666068,6.045340102298107,28.588431386935667,0.0009680175175581,0.0095910858725776,6.945414895076967e-06,4.443765876834442e-07,1.0605226085665622,0.0997893090683694,1.428657918492028e-05,34.57,0.0,0.0,0.0,0.0,0.0,81.36,24.76,0.0,19.48,0.01,0.0
