filename,Hs,Tp,Tz,Direction,Damp_Heave,Damp_Roll,Damp_Pitch,Lin_Heave,Quad_Heave,Lin_Roll,Quad_Roll,Lin_Pitch,Quad_Pitch,std Z,std pitch,std roll,max Z,max pitch,max roll,mean Z,mean pitch,mean roll,MPM Z,MPM pitch,MPM roll
ymlfiles\Case_001_H2_T4_dir0_low.yml,2,4,3.1,0,low,low,low,1,1,100,300,150,200,0.12877663694883765,1.7264313305153787,0.00011672397558441551,-0.5100975632667542,6.252082385549695,-0.0009805632015365876,-0.9410131797299341,0.3052123943937207,-0.0020346198221710843,-0.4380057640324866,7.157575756113505,-0.0015761206040088233
ymlfiles\Case_002_H2_T4_dir45_low.yml,2,4,3.1,45,low,low,low,1,1,100,300,150,200,0.13925098849216866,0.7792130786221357,1.2037647793264556,-0.48737406730651855,3.088617092208467,4.698350953155194,-0.9404771929678541,0.3188427887472127,0.004456612882372328,-0.3976872370560772,3.406708502553405,4.760784078031648
ymlfiles\Case_003_H2_T4_dir90_low.yml,2,4,3.1,90,low,low,low,1,1,100,300,150,200,0.12369603387007543,0.7618611950242071,0.7260935908125524,-0.5530365109443665,3.148291814656633,2.8011764783947077,-0.9406545252391586,0.2975719751085835,-0.006759854234938619,-0.45971577458473983,3.291664488336313,2.8858591691397817
ymlfiles\Case_004_H2_T4_dir135_low.yml,2,4,3.1,135,low,low,low,1,1,100,300,150,200,0.13557881320462442,0.5890545019200593,0.40254745622113747,-0.45480862259864807,2.6578515754077485,1.696875975698689,-0.9383302166188756,0.30999674116156206,0.001436405944418322,-0.40945509717695605,2.657157806541134,1.6034641208510694
ymlfiles\Case_005_H2_T4_dir180_low.yml,2,4,3.1,180,low,low,low,1,1,100,300,150,200,0.1583341045990233,1.8953059871990054,0.00013404497360686014,-0.4141266942024231,7.459906998278539,-0.000921465640078447,-0.9414918853643316,0.31022310405469683,-0.0020333149314836953,-0.32268124596630743,7.8207114548894685,-0.0015089348574920088
ymlfiles\Case_006_H4_T4_dir0_low.yml,4,4,3.1,0,low,low,low,1,1,100,300,150,200,0.2034034926352163,3.2827921238256326,0.00019578160684114457,-0.26248279213905334,11.942017150518891,-0.000983060426919624,-0.9415018688503791,0.24745954741335977,-0.002008001103543421,-0.1453786061117862,13.283423337072072,-0.0012402116761138964
ymlfiles\Case_007_H4_T4_dir45_low.yml,4,4,3.1,45,low,low,low,1,1,100,300,150,200,0.22362294528933813,1.617196126301811,2.471857698010487,-0.264306902885437,6.290541473218744,9.852889387201895,-0.9457333714421149,0.3256921438785634,0.034851818038383914,-0.07256352260730226,6.7275829138157555,9.79346590825254
ymlfiles\Case_008_H4_T4_dir90_low.yml,4,4,3.1,90,low,low,low,1,1,100,300,150,200,0.18886192050971945,1.599632554759039,1.51410156939561,-0.3623460531234741,6.539724703387381,5.977790526218445,-0.9492976177442405,0.27772957242052376,0.012075445158136727,-0.21426139127363286,6.563668434603239,6.038621876683836
ymlfiles\Case_009_H4_T4_dir135_low.yml,4,4,3.1,135,low,low,low,1,1,100,300,150,200,0.218625655953097,1.25266062018175,0.9001974110690444,-0.21230444312095642,5.741801513978981,4.038232379780503,-0.942324510510735,0.34878867795738755,0.02303977507766347,-0.0878519140883095,5.331521752319601,3.5980367601406362
ymlfiles\Case_010_H4_T4_dir180_low.yml,4,4,3.1,180,low,low,low,1,1,100,300,150,200,0.2663558083280174,3.8551444962648205,0.0002641266460064708,-0.13393785059452057,15.197423620277661,-0.00039709664185862473,-0.9513163068981634,0.3794321848125811,-0.0020087414070490894,0.0918366896591234,15.643935598366111,-0.0009814338092604894
ymlfiles\Case_011_H2_T6_dir0_low.yml,2,6,4.65,0,low,low,low,1,1,100,300,150,200,0.33628313506447727,2.028970511541312,0.0002723658114997848,0.046764373779296875,7.532842319556874,-0.0009817230705440503,-0.9316371939496177,0.296233263337634,-0.0020371084252195923,0.36079522398577324,8.208824049480572,-0.0009887622332739828
ymlfiles\Case_012_H2_T6_dir45_low.yml,2,6,4.65,45,low,low,low,1,1,100,300,150,200,0.37038911583544615,1.3988515130459551,2.2843951739739325,0.27068474888801575,5.922594486875103,8.998328561648457,-0.9331370280052762,0.3119500875415137,0.014747931523054371,0.4908473044561239,5.7234937422089684,8.844693374881832
ymlfiles\Case_013_H2_T6_dir90_low.yml,2,6,4.65,90,low,low,low,1,1,100,300,150,200,0.3490576427423247,1.4811085103370885,1.553239064807447,0.16346478462219238,5.57509708690648,6.374048646671789,-0.9340735666981731,0.2859000019123396,0.0049343671923971315,0.40694466886633684,6.0119997362064534,5.997910767649666
ymlfiles\Case_014_H2_T6_dir135_low.yml,2,6,4.65,135,low,low,low,1,1,100,300,150,200,0.3637301734062734,0.8959990015200512,1.0209783700652715,0.25920620560646057,4.5856959474191195,4.362770098854128,-0.9328998057988147,0.31803052305433227,0.019496255191448264,0.4652506235437237,3.79788315862419,3.94370129259156
ymlfiles\Case_015_H2_T6_dir180_low.yml,2,6,4.65,180,low,low,low,1,1,100,300,150,200,0.39207846584453093,3.0662528121843797,0.0003938789704795344,0.35993367433547974,13.420017152943583,-0.0007846970842008087,-0.9340756650353531,0.33915325977838506,-0.0020389429074341345,0.5743596317983696,12.232143363291224,-0.0005235786693303238
ymlfiles\Case_016_H4_T6_dir0_low.yml,4,6,4.65,0,low,low,low,1,1,100,300,150,200,0.5169305915932424,3.6019348941660985,0.00034988081656453556,0.5872423052787781,12.81529354817181,-0.0002824713026795041,-0.8918805700449711,0.11114262567900107,-0.002021605727779544,1.0942463458230063,14.161674898769808,-0.0006751820027864168
ymlfiles\Case_017_H4_T6_dir45_low.yml,4,6,4.65,45,low,low,low,1,1,100,300,150,200,0.5760802616107314,2.838140314669437,4.498159750850328,0.9673279523849487,10.463561232967102,17.322490131459972,-0.8902063905634411,0.11675968331719337,0.1222061023139933,1.3232646104962722,11.087501704949663,17.52030728081197
ymlfiles\Case_018_H4_T6_dir90_low.yml,4,6,4.65,90,low,low,low,1,1,100,300,150,200,0.5433563556766899,2.656687939007158,3.455342538738106,0.7632079720497131,8.789400758900582,14.792208987388316,-0.9092834666990085,0.14033138474296927,0.045584201631732456,1.1763278240105643,10.417899462119617,13.373069749789712
ymlfiles\Case_019_H4_T6_dir135_low.yml,4,6,4.65,135,low,low,low,1,1,100,300,150,200,0.5738732298650484,2.0559244935418906,2.1864706338608215,0.8796404600143433,9.638293381216556,9.589080160699321,-0.9132662811222945,0.36472713671914403,0.08709134988782168,1.2916315620542247,8.331446892907469,8.501076483420501
ymlfiles\Case_020_H4_T6_dir180_low.yml,4,6,4.65,180,low,low,low,1,1,100,300,150,200,0.6055943955054042,6.133375283528544,0.000540546906956231,0.9182562828063965,24.348721098577723,0.00017509493635619333,-0.9265478835299514,0.591005209601607,-0.002027457292128945,1.4023716483444904,24.392296437372657,5.3464691512057714e-05
ymlfiles\Case_021_H2_T8_dir0_low.yml,2,8,6.2,0,low,low,low,1,1,100,300,150,200,0.42938781263723924,1.7830456749238213,0.0003041689179990341,0.4634787440299988,6.807961173132591,-0.0009521693914554372,-0.9286966506982718,0.2913663337344643,-0.0020432826533911966,0.706905463843054,7.189389543167017,-0.0008798343409584292
ymlfiles\Case_022_H2_T8_dir45_low.yml,2,8,6.2,45,low,low,low,1,1,100,300,150,200,0.4650543936393083,1.3748836436419596,2.2384101586382426,0.6507200598716736,5.105148482384691,8.55296010040225,-0.9308332470545522,0.3015091493232994,0.013343993761671502,0.8408857895814326,5.5758572074971475,8.602914722159225
ymlfiles\Case_023_H2_T8_dir90_low.yml,2,8,6.2,90,low,low,low,1,1,100,300,150,200,0.4489273925428229,1.381612204914044,1.6646651278844402,0.5657407641410828,4.916323633911458,6.354183041470807,-0.9318511883295456,0.29963380827367486,0.013234747869031355,0.7774263018410673,5.61068513046886,6.3793495881960816
ymlfiles\Case_024_H2_T8_dir135_low.yml,2,8,6.2,135,low,low,low,1,1,100,300,150,200,0.456043810613461,0.8390268465856908,1.157956891232213,0.5898730158805847,3.9651237424519787,4.592124436088571,-0.9322679518646984,0.32498281136292456,0.02757852518246233,0.8051223321032701,3.5554361331154016,4.445192383774487
ymlfiles\Case_025_H2_T8_dir180_low.yml,2,8,6.2,180,low,low,low,1,1,100,300,150,200,0.48194528934450864,2.813606722484492,0.00040989337739637754,0.7039557695388794,11.149437730362381,-0.0008556146998967397,-0.9325633684615348,0.34121133400321774,-0.0020459687059426225,0.9048342440037601,11.176911946520384,-0.0004772809791277002
ymlfiles\Case_026_H4_T8_dir0_low.yml,4,8,6.2,0,low,low,low,1,1,100,300,150,200,0.719705479673362,3.2166533792076137,0.0004187264642612008,1.286339521408081,12.025227637629865,-0.00010900470609980425,-0.8877476604369261,0.0939578051543172,-0.002028056719613689,1.850343419511101,12.529659005777608,-0.00042665297798798077
ymlfiles\Case_027_H4_T8_dir45_low.yml,4,8,6.2,45,low,low,low,1,1,100,300,150,200,0.7868681419686241,2.773448904845878,4.446805841379444,1.637769103050232,10.463583431081904,17.62918782330835,-0.8815127608694463,0.08029035739409557,0.14000876982023377,2.11089726692652,10.710996534621358,17.213497033583046
ymlfiles\Case_028_H4_T8_dir90_low.yml,4,8,6.2,90,low,low,low,1,1,100,300,150,200,0.7576830300856333,2.4367568770296457,3.5186163219733824,1.399791955947876,8.7419975385134,14.336841982970856,-0.9009547354095333,0.17780511494916673,0.08664612807393958,1.978872388356812,9.550698259754414,13.531014123270833
ymlfiles\Case_029_H4_T8_dir135_low.yml,4,8,6.2,135,low,low,low,1,1,100,300,150,200,0.7683227054286891,1.930729717261846,2.367489022528465,1.4851934909820557,8.855211339100947,9.64662877332491,-0.9055802810909652,0.35553905623745036,0.11582236158594393,2.0160079289141826,7.774539737890322,9.143951859014681
ymlfiles\Case_030_H4_T8_dir180_low.yml,4,8,6.2,180,low,low,low,1,1,100,300,150,200,0.8070821842367828,5.738916607594071,0.000598955960653175,1.7247507572174072,23.05515840185818,0.00014362513886795295,-0.9059095421139609,0.5100534749188648,-0.002031989059209327,2.165204878781652,22.59359794634179,0.00025858244603859173
ymlfiles\Case_031_H2_T10_dir0_low.yml,2,10,7.75,0,low,low,low,1,1,100,300,150,200,0.4631647771141533,1.3609642876588661,0.00025846990731440936,0.49790048599243164,5.445897655453342,-0.0009783819724542636,-0.9320920620076221,0.29586345280520243,-0.002047368159986404,0.8139136486982046,5.544705507770804,-0.0010615840999319275
ymlfiles\Case_032_H2_T10_dir45_low.yml,2,10,7.75,45,low,low,low,1,1,100,300,150,200,0.4923871514226215,1.0726337442393505,1.7746888308628597,0.7044845819473267,5.486006660693772,7.789114432310337,-0.9325771535824329,0.3049276237977447,0.0038004491931995375,0.9241227966250746,4.410115704068209,6.795513006447813
ymlfiles\Case_033_H2_T10_dir90_low.yml,2,10,7.75,90,low,low,low,1,1,100,300,150,200,0.4811679224657835,1.0872933235729256,1.3683983134001065,0.6133329272270203,4.7318457739581135,6.266043719100024,-0.9334120626997638,0.3156839986301458,0.01659015960003583,0.8805641941903445,4.486404580763838,5.22614682823968
ymlfiles\Case_034_H2_T10_dir135_low.yml,2,10,7.75,135,low,low,low,1,1,100,300,150,200,0.48601773035731743,0.6484625614563034,0.9885631672574234,0.6354365944862366,3.7319888955119334,4.311244005529198,-0.9340903802884939,0.32800408146613774,0.026036223238469314,0.898697014930643,2.814401739245348,3.7816398737559678
ymlfiles\Case_035_H2_T10_dir180_low.yml,2,10,7.75,180,low,low,low,1,1,100,300,150,200,0.505787218763861,2.1409524672079843,0.00034023200183678484,0.7646992206573486,10.068263180978967,-0.0007723672357991219,-0.9342715204715097,0.32643639229661137,-0.002051991687318023,0.9744824516069062,8.548930385158503,-0.0007522353020583275
ymlfiles\Case_036_H4_T10_dir0_low.yml,4,10,7.75,0,low,low,low,1,1,100,300,150,200,0.8225871658626064,2.4728843433246843,0.00041285624884303295,1.4816017150878906,8.909457555262835,0.0008576880087385007,-0.893899814624976,0.12458217177235441,-0.002036446116854235,2.199358129463769,9.640229187713073,-0.00046140157459251046
ymlfiles\Case_037_H4_T10_dir45_low.yml,4,10,7.75,45,low,low,low,1,1,100,300,150,200,0.8849734328293528,2.1358093672576723,3.5648210144561934,1.848788857460022,10.350641984287511,15.780117303655205,-0.8835898218695519,0.11651887976578182,0.07033899801351272,2.447051665689715,8.271900137273732,13.718385415663738
ymlfiles\Case_038_H4_T10_dir90_low.yml,4,10,7.75,90,low,low,low,1,1,100,300,150,200,0.8588614751834153,1.9942865483071925,2.829179332647247,1.6665552854537964,7.833310878882197,13.838216829218771,-0.8957413240486082,0.21643953685332093,0.07568062793955534,2.3354706680767374,7.865857782219117,10.83529292890718
ymlfiles\Case_039_H4_T10_dir135_low.yml,4,10,7.75,135,low,low,low,1,1,100,300,150,200,0.8618683673748191,1.5109875035409763,1.9931158611606543,1.7060962915420532,8.013221476714918,9.061298636927742,-0.9174238070913511,0.35737988897299516,0.10232151922951101,2.326643032486151,6.142768203101298,7.659799914202067
ymlfiles\Case_040_H4_T10_dir180_low.yml,4,10,7.75,180,low,low,low,1,1,100,300,150,200,0.9055336723438915,4.434530110366185,0.000520417820810959,1.9633432626724243,20.390483040582765,5.890261717038271e-05,-0.8992232764732576,0.36044703245101434,-0.0020460176461632442,2.511410910650351,17.371141774004197,-6.119226688138359e-05
ymlfiles\Case_041_H2_T12_dir0_low.yml,2,12,9.3,0,low,low,low,1,1,100,300,150,200,0.4801461442667643,1.0098044138118145,0.0002171211620468491,0.6223600506782532,4.799417262303873,-0.000996749465873995,-0.93359616367226,0.2928931550156527,-0.002050168188103687,0.8593005749567147,4.180671262915608,-0.0012234594977712848
ymlfiles\Case_042_H2_T12_dir45_low.yml,2,12,9.3,45,low,low,low,1,1,100,300,150,200,0.5009997799044914,0.8167376218346707,1.3764556847173894,0.7800271511077881,4.18627544938006,5.518269913011974,-0.9343974008579355,0.3089920713714094,-0.001155723224672888,0.9396027783649051,3.4296533351659004,5.257158704519791
ymlfiles\Case_043_H2_T12_dir90_low.yml,2,12,9.3,90,low,low,low,1,1,100,300,150,200,0.4933372232152549,0.8479498314619146,1.0807931208884038,0.6868223547935486,3.3060992800049585,4.318577921150499,-0.9346368833211753,0.32727258893868977,0.019454813206717592,0.9096072812483047,3.577309979489392,4.126210959464472
ymlfiles\Case_044_H2_T12_dir135_low.yml,2,12,9.3,135,low,low,low,1,1,100,300,150,200,0.4977509086903324,0.4985543286717916,0.796730576120152,0.6977381706237793,2.58208876925644,3.509335400740096,-0.9355655836707992,0.3313327833618715,0.0274460985428183,0.9253012730522381,2.236875240981254,3.0457133177431017
ymlfiles\Case_045_H2_T12_dir180_low.yml,2,12,9.3,180,low,low,low,1,1,100,300,150,200,0.5124258353282983,1.6123346887211634,0.0002820355281581989,0.8264504671096802,6.422029018043837,-0.0009055594159982999,-0.9356515321656264,0.31633523160405197,-0.002054230134865284,0.981586790784439,6.500413655641013,-0.0009770449400789962
ymlfiles\Case_046_H4_T12_dir0_low.yml,4,12,9.3,0,low,low,low,1,1,100,300,150,200,0.8867902317745121,1.9344736667672708,0.00036871239697968696,1.8683172464370728,7.901858657392445,0.0009651774542129567,-0.8873917969052362,0.0958286652978877,-0.0020404556028674825,2.4166849524322873,7.510562057252618,-0.000633371145769928
ymlfiles\Case_047_H4_T12_dir45_low.yml,4,12,9.3,45,low,low,low,1,1,100,300,150,200,0.9385704319408663,1.6559941060354453,2.802696892508557,2.252647638320923,8.91046073929718,11.344372183048192,-0.8806390504499205,0.11977673159567023,0.04218913854714319,2.6223833451362077,6.423567037477937,10.752487616048581
ymlfiles\Case_048_H4_T12_dir90_low.yml,4,12,9.3,90,low,low,low,1,1,100,300,150,200,0.9152203073393262,1.594302433181073,2.271678307528014,2.0230963230133057,5.848619269295633,9.731918199264506,-0.8933635145574516,0.22686721578124336,0.07637748270233449,2.5182966197903256,6.337945662613972,8.698045957087123
ymlfiles\Case_049_H4_T12_dir135_low.yml,4,12,9.3,135,low,low,low,1,1,100,300,150,200,0.9177472418086946,1.1929600280459953,1.6536652129180136,1.9570683240890503,6.242223007482782,7.852636899138749,-0.9188626875354647,0.3495217205801977,0.07456220937001627,2.5048064354644692,4.9037832312942955,6.324875500203878
ymlfiles\Case_050_H4_T12_dir180_low.yml,4,12,9.3,180,low,low,low,1,1,100,300,150,200,0.9555614549053387,3.4002578236127476,0.0004318640738920149,2.355109453201294,13.842875872006365,-0.0002851821278047271,-0.8866341386797753,0.240775321206215,-0.0020483397674856446,2.681491728438607,13.261180733127672,-0.0004022763436078872
ymlfiles\Case_051_H2_T4_dir0_linhigh.yml,2,4,3.1,0,linhigh,linhigh,linhigh,6.5,1,300,300,325,200,0.11698600810603346,1.7074261327881723,0.00010795495364694302,-0.5461679697036743,6.205745101559859,-0.001088933465855196,-0.9411797508658082,0.3043517703486671,-0.0020351458041751496,-0.4838503946540759,7.083399355464378,-0.00161066521254548
ymlfiles\Case_052_H2_T4_dir45_linhigh.yml,2,4,3.1,45,linhigh,linhigh,linhigh,6.5,1,300,300,325,200,0.125281694159027,0.768309281572436,1.185859520828708,-0.5208994746208191,3.0461224299569976,4.5690640099033155,-0.9406955227272378,0.31941174312923204,0.005055117186306254,-0.45216373734416654,3.364969480387172,4.691121143877889
ymlfiles\Case_053_H2_T4_dir90_linhigh.yml,2,4,3.1,90,linhigh,linhigh,linhigh,6.5,1,300,300,325,200,0.11063679352315264,0.7510270825244544,0.7160885176035284,-0.5885102152824402,3.089801062812406,2.727944257330889,-0.9408517225191549,0.2972472636968936,-0.007677358320469184,-0.5106293904292686,3.2491020119876866,2.8459819614021304
ymlfiles\Case_054_H2_T4_dir135_linhigh.yml,2,4,3.1,135,linhigh,linhigh,linhigh,6.5,1,300,300,325,200,0.12162668008911733,0.5823490250545086,0.3965354953770709,-0.492195188999176,2.615006225631082,1.6654545441956916,-0.9385838123794507,0.30981017888528944,0.0018445349042070297,-0.463734359312489,2.6307224196213634,1.5805606855763603
ymlfiles\Case_055_H2_T4_dir180_linhigh.yml,2,4,3.1,180,linhigh,linhigh,linhigh,6.5,1,300,300,325,200,0.14408185259444065,1.8673895158120373,0.00011998423775923127,-0.45000192523002625,7.308848827047244,-0.0010383292429624396,-0.9418023121081016,0.3100272008005719,-0.0020337428219117906,-0.37835690601411553,7.712092535015309,-0.001564368225540912
ymlfiles\Case_056_H4_T4_dir0_linhigh.yml,4,4,3.1,0,linhigh,linhigh,linhigh,6.5,1,300,300,325,200,0.18919410321991667,3.246716373063307,0.00017962530536306468,-0.30551788210868835,11.816966632099714,-0.0010951851274970908,-0.9423774462099429,0.24785249090267752,-0.0020082236841827356,-0.20137145595949946,13.143020100963547,-0.0013032709903807674
ymlfiles\Case_057_H4_T4_dir45_linhigh.yml,4,4,3.1,45,linhigh,linhigh,linhigh,6.5,1,300,300,325,200,0.20692516251857987,1.5894039916353593,2.427668093180085,-0.30757996439933777,6.200242957296591,9.616727058912241,-0.9466780030073391,0.32997379761883805,0.036600432523578245,-0.13816568530062745,6.623747445791915,9.624554866853373
ymlfiles\Case_058_H4_T4_dir90_linhigh.yml,4,4,3.1,90,linhigh,linhigh,linhigh,6.5,1,300,300,325,200,0.17393515806845086,1.570676705741114,1.4859419673927485,-0.402896523475647,6.474363635011767,5.786323248310063,-0.9498151978326065,0.2774672329643444,0.009014464794983586,-0.2728506519626436,6.450863744787816,5.926585352043247
ymlfiles\Case_059_H4_T4_dir135_linhigh.yml,4,4,3.1,135,linhigh,linhigh,linhigh,6.5,1,300,300,325,200,0.20158627583630012,1.231116011830665,0.8824589829300427,-0.25345757603645325,5.620943451049721,3.9565962512732176,-0.94274820825292,0.34866025851919585,0.02480047158803587,-0.15450041757883037,5.2470541856420985,3.5307683626077875
ymlfiles\Case_060_H4_T4_dir180_linhigh.yml,4,4,3.1,180,linhigh,linhigh,linhigh,6.5,1,300,300,325,200,0.24881677261671534,3.7922949979724243,0.00025166675336862286,-0.16554121673107147,14.876544748165047,-0.00045159732738187403,-0.9529067650329736,0.37948156753375084,-0.0020048787933166076,0.02208795700599875,15.401903929321996,-0.0010258709843283791
ymlfiles\Case_061_H2_T6_dir0_linhigh.yml,2,6,4.65,0,linhigh,linhigh,linhigh,6.5,1,300,300,325,200,0.319113020392748,1.950265575320668,0.00024655519108976454,0.011348564177751541,7.258898799873295,-0.0010212481421349544,-0.9328379993264443,0.29742553837402697,-0.0020373360933524636,0.29345007101684206,7.910255801659333,-0.0010879476788751299
ymlfiles\Case_062_H2_T6_dir45_linhigh.yml,2,6,4.65,45,linhigh,linhigh,linhigh,6.5,1,300,300,325,200,0.3526228376083235,1.3001085691727094,2.125693692769805,0.2275308519601822,5.575676799212284,8.498182837032395,-0.9343192344709345,0.31572912135067216,0.012199112869401516,0.4206772895181582,5.34941303259136,8.238339676987918
ymlfiles\Case_063_H2_T6_dir90_linhigh.yml,2,6,4.65,90,linhigh,linhigh,linhigh,6.5,1,300,300,325,200,0.33263676867145336,1.3875782514036756,1.4375218108094279,0.12592361867427826,5.32078395778434,6.008577177015455,-0.9348132763072456,0.28922473013442734,0.0024245203621676903,0.3427353252517997,5.658188042371308,5.553686782837478
ymlfiles\Case_064_H2_T6_dir135_linhigh.yml,2,6,4.65,135,linhigh,linhigh,linhigh,6.5,1,300,300,325,200,0.3446354359902523,0.8404383189990585,0.9364728824132543,0.2131010890007019,4.381133916211353,4.088705770199605,-0.9335926820775513,0.31609534536095135,0.01775075763856315,0.3909898612855156,3.584145971514734,3.619407372098334
ymlfiles\Case_065_H2_T6_dir180_linhigh.yml,2,6,4.65,180,linhigh,linhigh,linhigh,6.5,1,300,300,325,200,0.37249995630074645,2.878462123052201,0.0003522782468295742,0.31244972348213196,12.78980157464203,-0.0008515215993967321,-0.9347882401129332,0.3323578037327516,-0.0020398918083676717,0.49760829233212867,11.504966174176293,-0.0006841839300257319
ymlfiles\Case_066_H4_T6_dir0_linhigh.yml,4,6,4.65,0,linhigh,linhigh,linhigh,6.5,1,300,300,325,200,0.4964657678911953,3.478396892708996,0.0003213322031566215,0.5504664778709412,12.366743926319671,0.00037930449724432906,-0.8943274213220747,0.12201194694030291,-0.002018126155202133,1.012846832834383,13.700762200053672,-0.0007813618377181877
ymlfiles\Case_067_H4_T6_dir45_linhigh.yml,4,6,4.65,45,linhigh,linhigh,linhigh,6.5,1,300,300,325,200,0.5559569305500787,2.6814238050593837,4.248572329777462,0.9118733406066895,10.111359113320809,16.610483891621165,-0.8934371571221646,0.14458238963549885,0.10441270703053478,1.2422611932104726,10.517010815926824,16.551310390766993
ymlfiles\Case_068_H4_T6_dir90_linhigh.yml,4,6,4.65,90,linhigh,linhigh,linhigh,6.5,1,300,300,325,200,0.5242578495082053,2.544605532361686,3.208152100497904,0.7218100428581238,8.57380583774913,13.76680634767264,-0.9118904421228456,0.15893817700569227,0.035327468753365975,1.099799327642537,10.009901380808266,12.417161510090962
ymlfiles\Case_069_H4_T6_dir135_linhigh.yml,4,6,4.65,135,linhigh,linhigh,linhigh,6.5,1,300,300,325,200,0.5516872302365725,1.929427025468098,2.0245629616935683,0.8246150612831116,9.183994447630559,8.985994947554705,-0.9162269075309172,0.35751794718739915,0.0797912579516146,1.2028885002128709,7.842190894454861,7.874552576785072
ymlfiles\Case_070_H4_T6_dir180_linhigh.yml,4,6,4.65,180,linhigh,linhigh,linhigh,6.5,1,300,300,325,200,0.5844946778928861,5.836288010796079,0.00048755575253001983,0.8622784614562988,23.507747226830734,-0.0001649970854068784,-0.9292677222891583,0.5591456129151334,-0.002033028090008016,1.3179443779988287,23.22042579161626,-0.00015649292048119674
ymlfiles\Case_071_H2_T8_dir0_linhigh.yml,2,8,6.2,0,linhigh,linhigh,linhigh,6.5,1,300,300,325,200,0.41600575278865765,1.6915669181635944,0.00027359501523439535,0.4250778555870056,6.494256987856252,-0.0010564325376281125,-0.9296296597568594,0.29336892625191197,-0.002042933429515325,0.6543784293424442,6.843838717342361,-0.0009955317628123671
ymlfiles\Case_072_H2_T8_dir45_linhigh.yml,2,8,6.2,45,linhigh,linhigh,linhigh,6.5,1,300,300,325,200,0.4510460160039257,1.2781843379840012,2.0748889152745726,0.6116353869438171,4.831501222156362,8.180938479331873,-0.9317399829156008,0.30477582084673094,0.010421374512236953,0.7850112176589867,5.20943699617192,7.978650427084106
ymlfiles\Case_073_H2_T8_dir90_linhigh.yml,2,8,6.2,90,linhigh,linhigh,linhigh,6.5,1,300,300,325,200,0.43570885541895366,1.2827298945067227,1.5444473789361621,0.5266553163528442,4.659800084819173,5.946201755080782,-0.9324646676578028,0.3021235179445276,0.010875830174033181,0.7255839374519388,5.237744990155043,5.918323405005929
ymlfiles\Case_074_H2_T8_dir135_linhigh.yml,2,8,6.2,135,linhigh,linhigh,linhigh,6.5,1,300,300,325,200,0.441541817953862,0.7951202564892962,1.0666409259992158,0.5462278127670288,3.809715167606209,4.369537962547964,-0.9328397986701997,0.3234553243691759,0.025288585798731767,0.7475708589400716,3.3851072105922,4.095498961885176
ymlfiles\Case_075_H2_T8_dir180_linhigh.yml,2,8,6.2,180,linhigh,linhigh,linhigh,6.5,1,300,300,325,200,0.4663577970163793,2.633947091173442,0.0003698700618843855,0.6640791893005371,10.538607936472616,-0.0009588190708652806,-0.9331923242696333,0.33558861142338714,-0.002047725314251384,0.8433171149742146,10.487977096575172,-0.0006319543526707913
ymlfiles\Case_076_H4_T8_dir0_linhigh.yml,4,8,6.2,0,linhigh,linhigh,linhigh,6.5,1,300,300,325,200,0.7009916946432265,3.085878732427426,0.0003882553078592589,1.2470669746398926,11.710862204664505,-0.00035883930740553864,-0.8892436855785617,0.10588083929270588,-0.002023224149455137,1.7763181680840392,12.040519124595376,-0.0005378804954247363
ymlfiles\Case_077_H4_T8_dir45_linhigh.yml,4,8,6.2,45,linhigh,linhigh,linhigh,6.5,1,300,300,325,200,0.7687514264176322,2.6150775008256817,4.179897265952158,1.588605523109436,10.18055063716033,16.811318773976218,-0.8840742928776958,0.10337087808548759,0.1215454241246563,2.038558697207927,10.133171739918355,16.176390958327254
ymlfiles\Case_078_H4_T8_dir90_linhigh.yml,4,8,6.2,90,linhigh,linhigh,linhigh,6.5,1,300,300,325,200,0.7397396291139587,2.3122641059785796,3.2925627706205858,1.3554426431655884,8.33767680663168,13.718387990420066,-0.9033285214647901,0.1904721050051844,0.07043220143718198,1.906584134940419,9.089641883332684,12.658605516729086
ymlfiles\Case_079_H4_T8_dir135_linhigh.yml,4,8,6.2,135,linhigh,linhigh,linhigh,6.5,1,300,300,325,200,0.7486866086523719,1.8216797954410688,2.2121009404292784,1.4354313611984253,8.494518440542683,9.272155968116145,-0.9083779043379078,0.35074641552888586,0.10287816730506251,1.9373972182608261,7.354243505628263,8.540870937950523
ymlfiles\Case_080_H4_T8_dir180_linhigh.yml,4,8,6.2,180,linhigh,linhigh,linhigh,6.5,1,300,300,325,200,0.7887175028200443,5.430581376270876,0.0005529808621564737,1.6841330528259277,22.08292536973647,-0.00014534705555028487,-0.9091788935445554,0.48458744657863195,-0.0020360025901139424,2.0902602942288095,21.396187305761256,7.807553563757546e-05
ymlfiles\Case_081_H2_T10_dir0_linhigh.yml,2,10,7.75,0,linhigh,linhigh,linhigh,6.5,1,300,300,325,200,0.45366760831547875,1.2854788903130738,0.000235536610011003,0.47493720054626465,5.1806532354514205,-0.0010816317835240941,-0.9324688537831882,0.29744057323112855,-0.002047126228455921,0.77604051200118,5.2571154426944,-0.0011493254947437426
ymlfiles\Case_082_H2_T10_dir45_linhigh.yml,2,10,7.75,45,linhigh,linhigh,linhigh,6.5,1,300,300,325,200,0.48220191872129275,1.0019830399610015,1.6516146435647392,0.6748557090759277,5.127404653795177,7.103999074120692,-0.9330847478984191,0.3067047057081715,0.0025885364810482644,0.8834165276604661,4.142358232889684,6.326138196871698
ymlfiles\Case_083_H2_T10_dir90_linhigh.yml,2,10,7.75,90,linhigh,linhigh,linhigh,6.5,1,300,300,325,200,0.47166338409907543,1.0073958406166872,1.2820101330295244,0.5855905413627625,4.425777740173849,5.760444942205354,-0.9336331645760594,0.3165869439801447,0.014709731190027628,0.8428565582840761,4.18301734839907,4.897535335294784
ymlfiles\Case_084_H2_T10_dir135_linhigh.yml,2,10,7.75,135,linhigh,linhigh,linhigh,6.5,1,300,300,325,200,0.47594104539397514,0.6225908891678933,0.9193639830447066,0.601162850856781,3.49045398310983,3.995717013518112,-0.9344027668778897,0.32669541209393504,0.02443194462284428,0.8586179075850952,2.7147239184182257,3.5180315456698468
ymlfiles\Case_085_H2_T10_dir180_linhigh.yml,2,10,7.75,180,linhigh,linhigh,linhigh,6.5,1,300,300,325,200,0.49460204145083936,2.010996762723524,0.0003094264574827998,0.7341703772544861,9.263840212801654,-0.0008979473652689391,-0.934724425737161,0.3233403726014085,-0.0020526014702887526,0.9298964958488842,8.05032733107019,-0.0008707485875613949
ymlfiles\Case_086_H4_T10_dir0_linhigh.yml,4,10,7.75,0,linhigh,linhigh,linhigh,6.5,1,300,300,325,200,0.80813105819037,2.3800200699650964,0.000383315758873837,1.457105278968811,8.638268309362063,0.0008959098561400061,-0.8949387740389914,0.1327213172447688,-0.0020356553062181666,2.142491110405083,9.301485538034113,-0.0005738641894955042
ymlfiles\Case_087_H4_T10_dir45_linhigh.yml,4,10,7.75,45,linhigh,linhigh,linhigh,6.5,1,300,300,325,200,0.8703776215370933,2.0320895380913995,3.360614832361953,1.8261051177978516,10.10328412217456,14.845216377989491,-0.8844706223190943,0.12612009094281623,0.059907885690049956,2.389871977036,7.886183224372786,12.922678141604235
ymlfiles\Case_088_H4_T10_dir90_linhigh.yml,4,10,7.75,90,linhigh,linhigh,linhigh,6.5,1,300,300,325,200,0.8443298826302464,1.8806756844919499,2.684735648338081,1.642297625541687,7.440450350654111,12.942586076186046,-0.8976497400926929,0.22148517357773534,0.06363357581491332,2.2775583087443847,7.4376358589378,10.273403118462063
ymlfiles\Case_089_H4_T10_dir135_linhigh.yml,4,10,7.75,135,linhigh,linhigh,linhigh,6.5,1,300,300,325,200,0.846671380745592,1.443855615254118,1.8866755651791687,1.665799856185913,7.428403604505501,8.467178900842415,-0.9192925450346722,0.3548435821793601,0.0930870443418396,2.2658655822864406,5.882941163328287,7.245841924301681
ymlfiles\Case_090_H4_T10_dir180_linhigh.yml,4,10,7.75,180,linhigh,linhigh,linhigh,6.5,1,300,300,325,200,0.8905019224118266,4.200186779013111,0.0004842832114905483,1.9379605054855347,19.37303586370286,-0.0003477020011116685,-0.9018068312954656,0.34924005438735306,-0.0020498406173642073,2.4498379542470836,16.466577235554464,-0.00020469563604284032
ymlfiles\Case_091_H2_T12_dir0_linhigh.yml,2,12,9.3,0,linhigh,linhigh,linhigh,6.5,1,300,300,325,200,0.4735180235791965,0.9532283596090849,0.00019725068713143416,0.6096216440200806,4.67324488531352,-0.0011099924515130194,-0.9337924610580421,0.2938094102005646,-0.0020526288323263545,0.8327951390277439,3.965557343514839,-0.0013018732261227532
ymlfiles\Case_092_H2_T12_dir45_linhigh.yml,2,12,9.3,45,linhigh,linhigh,linhigh,6.5,1,300,300,325,200,0.4939225362840949,0.7660571030901753,1.2845944400106772,0.764627993106842,4.038083396279232,5.270771605134215,-0.9346179883263456,0.3095103698521319,-0.0013764328740530879,0.9109564963410238,3.2361200353050976,4.905557940157567
ymlfiles\Case_093_H2_T12_dir90_linhigh.yml,2,12,9.3,90,linhigh,linhigh,linhigh,6.5,1,300,300,325,200,0.4866876447698655,0.7844068013488613,1.0195197830524336,0.6684276461601257,3.1542415497539493,4.151692494064992,-0.934766796548366,0.32751863710185986,0.018673682147642867,0.8824338837983313,3.3342713874080294,3.891817681712099
ymlfiles\Case_094_H2_T12_dir135_linhigh.yml,2,12,9.3,135,linhigh,linhigh,linhigh,6.5,1,300,300,325,200,0.49083485935943105,0.4821971734545537,0.7457360550956882,0.6825417280197144,2.4896547520016,3.311419997368398,-0.9357728074112388,0.3306230383373016,0.026501842505739445,0.8977746087104841,2.174495674888985,2.850374078225864
ymlfiles\Case_095_H2_T12_dir180_linhigh.yml,2,12,9.3,180,linhigh,linhigh,linhigh,6.5,1,300,300,325,200,0.5047009677211656,1.5184912090968306,0.0002559876119036645,0.8123432397842407,6.27539680939471,-0.0010301692012867907,-0.9360227904073078,0.3151361248340963,-0.002054193899578649,0.95070124645291,6.138519512980949,-0.0010765835415880104
ymlfiles\Case_096_H4_T12_dir0_linhigh.yml,4,12,9.3,0,linhigh,linhigh,linhigh,6.5,1,300,300,325,200,0.8758605857929499,1.868139103433107,0.00033498439078511887,1.8470134735107422,7.85105571034589,-0.0006386526507657353,-0.8881371756168742,0.10102451201840726,-0.0020358373906640844,2.374302656856016,7.263686200442003,-0.0007568046319957852
ymlfiles\Case_097_H4_T12_dir45_linhigh.yml,4,12,9.3,45,linhigh,linhigh,linhigh,6.5,1,300,300,325,200,0.9272545357142102,1.5881874536163545,2.651194356826555,2.2226011753082275,8.713371361928232,10.859981997300057,-0.8808854965771511,0.12205893207625287,0.03946941388477024,2.5773027945842433,6.166830239676428,10.168003725783816
ymlfiles\Case_098_H4_T12_dir90_linhigh.yml,4,12,9.3,90,linhigh,linhigh,linhigh,6.5,1,300,300,325,200,0.9040377313949106,1.4970400714974,2.1750844067928954,1.9893386363983154,5.533120451814874,9.386571881997613,-0.8944820868728919,0.22791770365149266,0.07068959556592715,2.4726748443097897,5.968695073018223,8.323180928043318
ymlfiles\Case_099_H4_T12_dir135_linhigh.yml,4,12,9.3,135,linhigh,linhigh,linhigh,6.5,1,300,300,325,200,0.9062585684950113,1.1514450859701342,1.5787504304341322,1.9255598783493042,5.904004419501621,7.601017852757356,-0.9200954001062801,0.3478142680501606,0.06812736963629984,2.4565158421236344,4.74088647847785,6.033959366470847
ymlfiles\Case_100_H4_T12_dir180_linhigh.yml,4,12,9.3,180,linhigh,linhigh,linhigh,6.5,1,300,300,325,200,0.9436933448443007,3.2360276940923987,0.00040107281110436134,2.321401357650757,13.403216595132644,-0.00033578606409134017,-0.8879124187629519,0.23661344121684214,-0.0020501728785674396,2.6337517494476765,12.628142168447567,-0.0005234064719276993
ymlfiles\Case_101_H2_T4_dir0_quadhigh.yml,2,4,3.1,0,quadhigh,quadhigh,quadhigh,1,4,100,1300,150,1300,0.12717263631279394,1.717807207405154,0.00011784084287766954,-0.5166854858398438,6.209684840050487,-0.0009838291567065812,-0.9410249107126837,0.30523354076403586,-0.002034790340742615,-0.4442353017875619,7.1243516474033415,-0.0015712032572225917
ymlfiles\Case_102_H2_T4_dir45_quadhigh.yml,2,4,3.1,45,quadhigh,quadhigh,quadhigh,1,4,100,1300,150,1300,0.13732436211958654,0.7769519489262077,1.1994532641345839,-0.49448904395103455,3.0691512665173417,4.637300161032681,-0.9405073495523797,0.31906558735877755,0.004720267829106892,-0.4052095494389564,3.398123469194112,4.7438883015469395
ymlfiles\Case_103_H2_T4_dir90_quadhigh.yml,2,4,3.1,90,quadhigh,quadhigh,quadhigh,1,4,100,1300,150,1300,0.12215127055754497,0.7598559416833042,0.7244280800974223,-0.5596413016319275,3.1218331559158847,2.774519317281206,-0.9406808734254705,0.2974813308412284,-0.006985666202544128,-0.4657646712858646,3.2836093981882426,2.878998278665522
ymlfiles\Case_104_H2_T4_dir135_quadhigh.yml,2,4,3.1,135,quadhigh,quadhigh,quadhigh,1,4,100,1300,150,1300,0.13361103884552947,0.5879022060178822,0.40196593742077064,-0.46317994594573975,2.64158505301254,1.6898615848644976,-0.9383634288573155,0.30995580083844304,0.0014737219200109972,-0.41713034286254547,2.6526306720827573,1.601297354444972
ymlfiles\Case_105_H2_T4_dir180_quadhigh.yml,2,4,3.1,180,quadhigh,quadhigh,quadhigh,1,4,100,1300,150,1300,0.15609871501968445,1.881835470071673,0.00013353499630346894,-0.4221642315387726,7.3187876060632595,-0.0009247556701644907,-0.9415364896470197,0.3101538422012721,-0.0020335622471788664,-0.331423816545667,7.767817297323031,-0.0015118337511666007
ymlfiles\Case_106_H4_T4_dir0_quadhigh.yml,4,4,3.1,0,quadhigh,quadhigh,quadhigh,1,4,100,1300,150,1300,0.2004257779866446,3.2508823747438256,0.00019439382950608815,-0.2741970121860504,11.72486409246303,-0.0007687770509155678,-0.9413964862594449,0.2472616858811079,-0.0020075126600226792,-0.15673518020726107,13.1574367261515,-0.001244983030479578
ymlfiles\Case_107_H4_T4_dir45_quadhigh.yml,4,4,3.1,45,quadhigh,quadhigh,quadhigh,1,4,100,1300,150,1300,0.22021284016911974,1.6051752822796264,2.449991452789879,-0.2823527753353119,6.204245021263395,9.639972753978732,-0.9459966396490733,0.3279573442284176,0.036515228397153716,-0.08608691086540021,6.683063434281279,9.709827870700797
ymlfiles\Case_108_H4_T4_dir90_quadhigh.yml,4,4,3.1,90,quadhigh,quadhigh,quadhigh,1,4,100,1300,150,1300,0.18639665847155626,1.587953760839726,1.5044938498219853,-0.3731484115123749,6.44563543247587,5.862751357575213,-0.9494258152682472,0.27730483868153494,0.010755082344793226,-0.22398464478267988,6.517533527902837,5.999612189681154
ymlfiles\Case_109_H4_T4_dir135_quadhigh.yml,4,4,3.1,135,quadhigh,quadhigh,quadhigh,1,4,100,1300,150,1300,0.21487958390594955,1.2451895976026035,0.8965753636974955,-0.22611363232135773,5.664458586251873,4.003348896141955,-0.9424094831880044,0.34845315520963643,0.02341625497546635,-0.10255146568136986,5.302042211786589,3.584283486706295
ymlfiles\Case_110_H4_T4_dir180_quadhigh.yml,4,4,3.1,180,quadhigh,quadhigh,quadhigh,1,4,100,1300,150,1300,0.2621629600337153,3.795863942048226,0.00026607120074990514,-0.13384443521499634,14.52324809070426,-0.0004525507357456325,-0.952404660700234,0.37784703361605815,-0.0020073167061671468,0.07451491274149846,15.41177688792383,-0.0009722356360151231
ymlfiles\Case_111_H2_T6_dir0_quadhigh.yml,2,6,4.65,0,quadhigh,quadhigh,quadhigh,1,4,100,1300,150,1300,0.3320989691275133,1.9956146468099725,0.0002742248765810528,0.03384637087583542,7.3843215636022395,-0.0011110572715012704,-0.9320568525644436,0.29701869031950245,-0.0020364108173184146,0.34424099502826644,8.08232735804425,-0.0009813891927305137
ymlfiles\Case_112_H2_T6_dir45_quadhigh.yml,2,6,4.65,45,quadhigh,quadhigh,quadhigh,1,4,100,1300,150,1300,0.36562068964241734,1.3721760396376752,2.230889840610509,0.25018343329429626,5.793293456358061,8.710649531543982,-0.9336339757048893,0.3134155585764202,0.014146009842867647,0.4718994016500573,5.621763493389736,8.639246288591432
ymlfiles\Case_113_H2_T6_dir90_quadhigh.yml,2,6,4.65,90,quadhigh,quadhigh,quadhigh,1,4,100,1300,150,1300,0.34486099876672216,1.4552383824630721,1.5267180876410582,0.14703287184238434,5.457305778914556,6.24876590182083,-0.9343445602021997,0.2867936112440654,0.004141739611340197,0.3904948886131635,5.913944818098664,5.894790305367298
ymlfiles\Case_114_H2_T6_dir135_quadhigh.yml,2,6,4.65,135,quadhigh,quadhigh,quadhigh,1,4,100,1300,150,1300,0.358445347705031,0.8851852475134845,1.0086355444184194,0.23665229976177216,4.519209605377746,4.29191841215947,-0.9331066976354351,0.3174480934859598,0.019002218408716628,0.44461285340043355,3.7567515297575156,3.8957667027087353
ymlfiles\Case_115_H2_T6_dir180_quadhigh.yml,2,6,4.65,180,quadhigh,quadhigh,quadhigh,1,4,100,1300,150,1300,0.3866838237369289,2.9592034096301068,0.00039001369015376474,0.3353949785232544,12.854174400022108,-0.0008338388862190288,-0.9343182156835257,0.33627295444295635,-0.0020395150842029072,0.5530547077813122,11.816122944567722,-0.0005387086025130778
ymlfiles\Case_116_H4_T6_dir0_quadhigh.yml,4,6,4.65,0,quadhigh,quadhigh,quadhigh,1,4,100,1300,150,1300,0.5096637268106363,3.5079443071239433,0.00034791315656989923,0.5695043206214905,12.30516208698919,-0.00012035162570495654,-0.8928711336792335,0.11805893754588297,-0.0020169295436304607,1.0652526931356876,13.809502221810353,-0.0006769285646395871
ymlfiles\Case_117_H4_T6_dir45_quadhigh.yml,4,6,4.65,45,quadhigh,quadhigh,quadhigh,1,4,100,1300,150,1300,0.5682173045587842,2.7585119977747894,4.341742454108671,0.9289177060127258,10.210039978901861,16.873944778476066,-0.8920896580668206,0.1340627292064915,0.11624557741940006,1.2910773622381,10.802272979287675,16.914410327827607
ymlfiles\Case_118_H4_T6_dir90_quadhigh.yml,4,6,4.65,90,quadhigh,quadhigh,quadhigh,1,4,100,1300,150,1300,0.536328432120819,2.605097632897138,3.3323687162090136,0.7377153635025024,8.559404383884157,14.056513090186963,-0.9105607288361461,0.14849762453093351,0.04138331310173467,1.1478094414642828,10.229132407121401,12.894550664385156
ymlfiles\Case_119_H4_T6_dir135_quadhigh.yml,4,6,4.65,135,quadhigh,quadhigh,quadhigh,1,4,100,1300,150,1300,0.5649431537975097,2.002599728502345,2.1340075703125434,0.8457669019699097,9.323027217054399,9.306580975306655,-0.9146214731960871,0.3616352642994621,0.08460261968488125,1.2557823587522035,8.123421048299392,8.297374193519648
ymlfiles\Case_120_H4_T6_dir180_quadhigh.yml,4,6,4.65,180,quadhigh,quadhigh,quadhigh,1,4,100,1300,150,1300,0.5982896755927372,5.817031291196889,0.0005366433760362843,0.8777933716773987,22.895905711170162,4.294776123871198e-05,-0.9286733172279052,0.570447025770648,-0.0020314884947532233,1.3720574798039884,23.156158362308485,3.363892835026635e-05
ymlfiles\Case_121_H2_T8_dir0_quadhigh.yml,2,8,6.2,0,quadhigh,quadhigh,quadhigh,1,4,100,1300,150,1300,0.4258217719813929,1.753630671537155,0.00030238680301827636,0.4458894729614258,6.658746726090376,-0.0010375400859739853,-0.9291201782118051,0.29224517205472383,-0.002042542832304661,0.6928192677358634,7.0790145538363625,-0.000885704550399425
ymlfiles\Case_122_H2_T8_dir45_quadhigh.yml,2,8,6.2,45,quadhigh,quadhigh,quadhigh,1,4,100,1300,150,1300,0.4609192213600195,1.3518566948293602,2.1889797041007464,0.6298192143440247,5.006860352680915,8.414240665906584,-0.9313057241657552,0.30277614716566803,0.012462439113280703,0.824231820316984,5.48923707453995,8.413797822296907
ymlfiles\Case_123_H2_T8_dir90_quadhigh.yml,2,8,6.2,90,quadhigh,quadhigh,quadhigh,1,4,100,1300,150,1300,0.4451575361335503,1.3573890290898813,1.6394383298042046,0.5450093150138855,4.825013396218496,6.204833271305662,-0.9321718086311498,0.30046020804550333,0.012563120261403484,0.7626688205631033,5.519485362008298,6.283061702392998
ymlfiles\Case_124_H2_T8_dir135_quadhigh.yml,2,8,6.2,135,quadhigh,quadhigh,quadhigh,1,4,100,1300,150,1300,0.4517728912822775,0.8330139096399428,1.1441271376540403,0.5665971040725708,3.9068566793030692,4.538781085557594,-0.9324891857622322,0.324593560574436,0.026942105188841933,0.7884626741993463,3.5321549240302956,4.391587876951657
ymlfiles\Case_125_H2_T8_dir180_quadhigh.yml,2,8,6.2,180,quadhigh,quadhigh,quadhigh,1,4,100,1300,150,1300,0.4772001991934887,2.7260670841287826,0.0004099003394195111,0.6824877858161926,10.618741423362499,-0.0008624233154406814,-0.9328155194889468,0.3390523104946487,-0.0020467806308256133,0.8859659949735342,10.841446579487977,-0.00047842159564046006
ymlfiles\Case_126_H4_T8_dir0_quadhigh.yml,4,8,6.2,0,quadhigh,quadhigh,quadhigh,1,4,100,1300,150,1300,0.7116520457168675,3.1416265665954612,0.00041593092890464755,1.2646193504333496,11.742563673923472,-0.0005719095317145534,-0.8884802100692172,0.10072892966829165,-0.0020228465176890687,1.8185674198304311,12.248219371454747,-0.00043155542966719974
ymlfiles\Case_127_H4_T8_dir45_quadhigh.yml,4,8,6.2,45,quadhigh,quadhigh,quadhigh,1,4,100,1300,150,1300,0.7780640782794572,2.7008848468077793,4.296269615237657,1.601664662361145,10.285289880535183,17.055048951866247,-0.883176305611535,0.094904124882689,0.13245627883038152,2.075455891768126,10.450646881065735,16.628665875562927
ymlfiles\Case_128_H4_T8_dir90_quadhigh.yml,4,8,6.2,90,quadhigh,quadhigh,quadhigh,1,4,100,1300,150,1300,0.7493102691542828,2.3886132882980045,3.416027907484459,1.3688870668411255,8.472010405906552,13.995917359417902,-0.9024858872994453,0.1851780150754395,0.07872510371965508,1.9452279128457053,9.373269051074518,13.134729557486304
ymlfiles\Case_129_H4_T8_dir135_quadhigh.yml,4,8,6.2,135,quadhigh,quadhigh,quadhigh,1,4,100,1300,150,1300,0.7592287486224852,1.8919409645670255,2.32033622634892,1.4507920742034912,8.582603975173752,9.502478484665437,-0.9070166818454586,0.3533464871050076,0.11022032058825036,1.9798464263577784,7.624521851199042,8.958538403465994
ymlfiles\Case_130_H4_T8_dir180_quadhigh.yml,4,8,6.2,180,quadhigh,quadhigh,quadhigh,1,4,100,1300,150,1300,0.7986891915807874,5.4555485656207034,0.000601097016455373,1.6954463720321655,21.97784120180853,-4.337619182674685e-05,-0.908474435121836,0.49745075969643554,-0.00203449903420575,2.1302503613729797,21.5017696359241,0.00026384014992248675
ymlfiles\Case_131_H2_T10_dir0_quadhigh.yml,2,10,7.75,0,quadhigh,quadhigh,quadhigh,1,4,100,1300,150,1300,0.46074606450699523,1.3435112164885374,0.0002577664087885594,0.4888305068016052,5.363175526868025,-0.000979614066209877,-0.932276796796427,0.2963515707968655,-0.002052914715550714,0.8045094994037308,5.477676881299329,-0.001069861322089283
ymlfiles\Case_132_H2_T10_dir45_quadhigh.yml,2,10,7.75,45,quadhigh,quadhigh,quadhigh,1,4,100,1300,150,1300,0.48953472342186205,1.0595147744315143,1.7456905837768135,0.6896306872367859,5.360098099760111,7.45365908273527,-0.9328922001016643,0.30561024884865273,0.0034993916859551786,0.9126264301924635,4.361136970992994,6.685138924072399
ymlfiles\Case_133_H2_T10_dir90_quadhigh.yml,2,10,7.75,90,quadhigh,quadhigh,quadhigh,1,4,100,1300,150,1300,0.47857890984091894,1.0718694685173653,1.3543711535208187,0.5999800562858582,4.6285605071028275,6.0822514393846205,-0.9335854189026803,0.3160028050800338,0.01606260980565385,0.8704219428346426,4.427737907541436,5.173735153100384
ymlfiles\Case_134_H2_T10_dir135_quadhigh.yml,2,10,7.75,135,quadhigh,quadhigh,quadhigh,1,4,100,1300,150,1300,0.4832396994991415,0.6469339311218396,0.9795335354127492,0.6160668730735779,3.666219296446588,4.23165736065974,-0.9342313084981418,0.3276750027522415,0.025607207353526472,0.887869291054027,2.8081014744916795,3.746906809893222
ymlfiles\Case_135_H2_T10_dir180_quadhigh.yml,2,10,7.75,180,quadhigh,quadhigh,quadhigh,1,4,100,1300,150,1300,0.5025455118736926,2.0931059430768597,0.00034067405910841034,0.7494757175445557,9.44601843343882,-0.0004151102548565001,-0.9344489842049015,0.32539120816525363,-0.0020522692907304087,0.9616399873629036,8.365832517899037,-0.0007508838101454125
ymlfiles\Case_136_H4_T10_dir0_quadhigh.yml,4,10,7.75,0,quadhigh,quadhigh,quadhigh,1,4,100,1300,150,1300,0.8163485872721948,2.4364980533672402,0.00041083716929987273,1.4743001461029053,8.764067587269006,-2.8321402947271844e-05,-0.8944232525850523,0.12859804590460897,-0.0020404991006129996,2.1750035819209277,9.51113580707369,-0.0004724882889263183
ymlfiles\Case_137_H4_T10_dir45_quadhigh.yml,4,10,7.75,45,quadhigh,quadhigh,quadhigh,1,4,100,1300,150,1300,0.8780342859708199,2.101549791664586,3.47414422388343,1.836250901222229,10.246692481535442,15.183305619263246,-0.8840346692436358,0.12179075227012849,0.06501917393355092,2.4198998876869293,8.145979318762686,13.364116869834714
ymlfiles\Case_138_H4_T10_dir90_quadhigh.yml,4,10,7.75,90,quadhigh,quadhigh,quadhigh,1,4,100,1300,150,1300,0.8521214174671567,1.957726127384605,2.781161999789845,1.6540011167526245,7.623488321353052,13.091208431204585,-0.8969972808334383,0.22003794632936302,0.0694715908668946,2.308088567413037,7.730850504048841,10.64541071808284
ymlfiles\Case_139_H4_T10_dir135_quadhigh.yml,4,10,7.75,135,quadhigh,quadhigh,quadhigh,1,4,100,1300,150,1300,0.8549623692306346,1.4937820488959457,1.9672736048438386,1.67709219455719,7.632241208774423,8.739616363814006,-0.9184350983854168,0.35622539943640236,0.09789075429279119,2.299063066827254,6.07624379136356,7.557385525388928
ymlfiles\Case_140_H4_T10_dir180_quadhigh.yml,4,10,7.75,180,quadhigh,quadhigh,quadhigh,1,4,100,1300,150,1300,0.8985011925532808,4.267902131463707,0.0005239580329980573,1.948913812637329,19.413446677927244,-0.0002470936043701366,-0.9009293652217378,0.35584264865903054,-0.002046084018034289,2.4828182770387124,16.730194797364977,-4.909923109464335e-05
ymlfiles\Case_141_H2_T12_dir0_quadhigh.yml,2,12,9.3,0,quadhigh,quadhigh,quadhigh,1,4,100,1300,150,1300,0.4786425457531345,1.0005992452163108,0.00021267621936944098,0.6189451217651367,4.779905973166085,-0.0010104162016593846,-0.9336772880261611,0.29309248628765977,-0.0020495938583664896,0.8534844966062777,4.1460581234932485,-0.0012398489463799215
ymlfiles\Case_142_H2_T12_dir45_quadhigh.yml,2,12,9.3,45,quadhigh,quadhigh,quadhigh,1,4,100,1300,150,1300,0.49925378274331905,0.8100239244027442,1.3605451433569127,0.7743187546730042,4.164023119950981,5.450449549648332,-0.9344997784573313,0.30917509521171244,-0.001230305698238852,0.9323550233374777,3.4040406959387335,5.19678548233281
ymlfiles\Case_143_H2_T12_dir90_quadhigh.yml,2,12,9.3,90,quadhigh,quadhigh,quadhigh,1,4,100,1300,150,1300,0.49172488534574516,0.8383404809708895,1.0736944804658735,0.6803390383720398,3.281634396171619,4.279382880598381,-0.9347271621159838,0.3273624799686766,0.01919809900456862,0.903001136262255,3.5407102265738404,4.098981104314371
ymlfiles\Case_144_H2_T12_dir135_quadhigh.yml,2,12,9.3,135,quadhigh,quadhigh,quadhigh,1,4,100,1300,150,1300,0.4960638506944751,0.49867095886878865,0.7915415224864166,0.6926702857017517,2.574870539964206,3.4782112959094054,-0.935651550268518,0.3311669960512679,0.027242543017376306,0.9184171040777483,2.2371552301476303,3.025851987116766
ymlfiles\Case_145_H2_T12_dir180_quadhigh.yml,2,12,9.3,180,quadhigh,quadhigh,quadhigh,1,4,100,1300,150,1300,0.5104505881666498,1.5876499437329634,0.0002827237110832645,0.8215333223342896,6.360070237648535,-0.0009125436429428683,-0.9357799962315618,0.31593474353503515,-0.002054098683854086,0.9736936214048575,6.4053353069812395,-0.0009744861299162146
ymlfiles\Case_146_H4_T12_dir0_quadhigh.yml,4,12,9.3,0,quadhigh,quadhigh,quadhigh,1,4,100,1300,150,1300,0.882285694891001,1.9177456340442327,0.00037069691997831684,1.8627179861068726,7.967192831898203,-0.0005080380498901772,-0.8876740481947843,0.09790988675421618,-0.0020380541742961666,2.399387775203263,7.4481976690445055,-0.0006244072247265178
ymlfiles\Case_147_H4_T12_dir45_quadhigh.yml,4,12,9.3,45,quadhigh,quadhigh,quadhigh,1,4,100,1300,150,1300,0.9335807645078454,1.6416803310237071,2.7525579797067063,2.2333157062530518,8.88161855797951,11.031720273790857,-0.8806586637719753,0.12072856764366459,0.04065956228904525,2.6035042743853385,6.369410775318741,10.559355900122574
ymlfiles\Case_148_H4_T12_dir90_quadhigh.yml,4,12,9.3,90,quadhigh,quadhigh,quadhigh,1,4,100,1300,150,1300,0.9103925526784041,1.5683745743836008,2.2498123065088147,2.003671169281006,5.716045724392509,9.56595484771695,-0.8941845952760551,0.22813513414614203,0.07324128033344979,2.499009006319279,6.240885338867816,8.61324660209483
ymlfiles\Case_149_H4_T12_dir135_quadhigh.yml,4,12,9.3,135,quadhigh,quadhigh,quadhigh,1,4,100,1300,150,1300,0.9128921692635061,1.1862883844876895,1.6396078338079487,1.9381369352340698,6.076601165393727,7.77445001616232,-0.9197196370523875,0.3489898009997046,0.07126492586897082,2.484436268281088,4.877355564358873,6.269816378245307
ymlfiles\Case_150_H4_T12_dir180_quadhigh.yml,4,12,9.3,180,quadhigh,quadhigh,quadhigh,1,4,100,1300,150,1300,0.9502471834276074,3.3152321965251117,0.0004297981950078606,2.334181308746338,13.452352976021716,-0.0004608595520648389,-0.887181566676222,0.23871035027144125,-0.0020480088783577013,2.6603825488843102,12.934098950946773,-0.00041013721873489443
ymlfiles\Case_151_H2_T4_dir0_DOFbest.yml,2,4,3.1,0,DOFbest,DOFbest,DOFbest,3.3,2.4,233,304.5,248,640,0.12288474014706671,1.7122658108006683,0.00011449463928753825,-0.5287501811981201,6.20976167967865,-0.001052453297932369,-0.9410874389078882,0.30483967017091423,-0.0020351006534572395,-0.46086529325044856,7.102776397809026,-0.0015844752405655275
ymlfiles\Case_152_H2_T4_dir45_DOFbest.yml,2,4,3.1,45,DOFbest,DOFbest,DOFbest,3.3,2.4,233,304.5,248,640,0.13233246596575132,0.7722107111309121,1.191833907680372,-0.5047796368598938,3.05654978094208,4.618596968651071,-0.9405924116649009,0.31926702221746434,0.004862701357506429,-0.4246851965767926,3.3801407112756254,4.7142917194660106
ymlfiles\Case_153_H2_T4_dir90_DOFbest.yml,2,4,3.1,90,DOFbest,DOFbest,DOFbest,3.3,2.4,233,304.5,248,640,0.11731849432339157,0.7546901423251405,0.7195113319911169,-0.5710952877998352,3.1045534176459872,2.7559740730241518,-0.9407568070226245,0.2973634859133496,-0.007341234044162876,-0.4846301248318385,3.2631889026030967,2.859442866337536
ymlfiles\Case_154_H2_T4_dir135_DOFbest.yml,2,4,3.1,135,DOFbest,DOFbest,DOFbest,3.3,2.4,233,304.5,248,640,0.12859264650364743,0.5849161960452617,0.39856087298068016,-0.4745490550994873,2.6287921086971062,1.6777637190188182,-0.9384571595313372,0.3098921402208548,0.0017167635903717479,-0.43670379537702775,2.640826665597792,1.5882790104466211
ymlfiles\Case_155_H2_T4_dir180_DOFbest.yml,2,4,3.1,180,DOFbest,DOFbest,DOFbest,3.3,2.4,233,304.5,248,640,0.15115375679380222,1.8743630625827448,0.0001266565996099527,-0.43276721239089966,7.314113195350032,-0.0009958995483831284,-0.9416513307003511,0.31010340260907093,-0.002033910112235756,-0.3507358242835853,7.73833783239562,-0.0015382648641459233
ymlfiles\Case_156_H4_T4_dir0_DOFbest.yml,4,4,3.1,0,DOFbest,DOFbest,DOFbest,3.3,2.4,233,304.5,248,640,0.195910931485269,3.249344482153479,0.00018327454701295542,-0.28604596853256226,11.783589205173154,-0.0008790511616798429,-0.9417989539738606,0.24743764269891128,-0.002005342504938968,-0.17469571377257098,13.152120919606613,-0.0012859629521635174
ymlfiles\Case_157_H4_T4_dir45_DOFbest.yml,4,4,3.1,45,DOFbest,DOFbest,DOFbest,3.3,2.4,233,304.5,248,640,0.2149404927658868,1.596958870859369,2.441865756382662,-0.2929612696170807,6.208710257433291,9.697387324141859,-0.9462378286868334,0.32901196551219936,0.03592830751398389,-0.10670132619214168,6.65238386126208,9.678939998182678
ymlfiles\Case_158_H4_T4_dir90_DOFbest.yml,4,4,3.1,90,DOFbest,DOFbest,DOFbest,3.3,2.4,233,304.5,248,640,0.1814082579802279,1.578168715197961,1.4954211608233874,-0.38405394554138184,6.461957877044908,5.853474680021867,-0.9495902915980529,0.2774339240699998,0.010078135689899825,-0.24354005802585987,6.479388080971657,5.963228482012654
ymlfiles\Case_159_H4_T4_dir135_DOFbest.yml,4,4,3.1,135,DOFbest,DOFbest,DOFbest,3.3,2.4,233,304.5,248,640,0.20961555034370868,1.2378610236544336,0.8884333366447872,-0.23588573932647705,5.646446950523726,3.984064283907247,-0.9425476924570071,0.3485855003660551,0.02420827354165917,-0.12316090034956062,5.273361778765507,3.5533259993713644
ymlfiles\Case_160_H4_T4_dir180_DOFbest.yml,4,4,3.1,180,DOFbest,DOFbest,DOFbest,3.3,2.4,233,304.5,248,640,0.25699166895303155,3.7961061003917704,0.0002572968087466669,-0.1463715136051178,14.74476137077153,-0.0005245071163258641,-0.9525370861610605,0.3786152142772535,-0.002004496866441651,0.054339028022562186,15.41463239079901,-0.0010037266020362962
ymlfiles\Case_161_H2_T6_dir0_DOFbest.yml,2,6,4.65,0,DOFbest,DOFbest,DOFbest,3.3,2.4,233,304.5,248,640,0.3271327199337156,1.9699654183169446,0.0002561781884957851,0.026369856670498848,7.3123621056015695,-0.0011107480495275853,-0.932358346675528,0.2972024350846456,-0.002037488972974766,0.32490640473297827,7.984941616959668,-0.0010510072232942584
ymlfiles\Case_162_H2_T6_dir45_DOFbest.yml,2,6,4.65,45,DOFbest,DOFbest,DOFbest,3.3,2.4,233,304.5,248,640,0.36088575981364024,1.3331388366084738,2.177359324016056,0.24369753897190094,5.674706004441007,8.659476046734953,-0.9338663502839911,0.3143810632421547,0.013186198207169167,0.45329048273481376,5.473644634008454,8.43483414301752
ymlfiles\Case_163_H2_T6_dir90_DOFbest.yml,2,6,4.65,90,DOFbest,DOFbest,DOFbest,3.3,2.4,233,304.5,248,640,0.3404086888210235,1.4179523120430972,1.473877414611693,0.14077115058898926,5.386615455439039,6.126774881262994,-0.9345122242055284,0.2879180722176436,0.003436989677176226,0.37294511163210387,5.7723452429416255,5.692658239661063
ymlfiles\Case_164_H2_T6_dir135_DOFbest.yml,2,6,4.65,135,DOFbest,DOFbest,DOFbest,3.3,2.4,233,304.5,248,640,0.3532601494817972,0.8600269492529492,0.962738939078434,0.22915643453598022,4.446219642586051,4.177209227030514,-0.9332921959561152,0.31680089073639917,0.018461276851960418,0.4244966898148904,3.6599821673889394,3.720366568229131
ymlfiles\Case_165_H2_T6_dir180_DOFbest.yml,2,6,4.65,180,DOFbest,DOFbest,DOFbest,3.3,2.4,233,304.5,248,640,0.38141971153039544,2.9190034469822845,0.00036602024195021637,0.3291415572166443,12.849171286455073,-0.000564024840377454,-0.9344776523026916,0.3346586458421882,-0.0020397540016157557,0.5323415459889311,11.661800864702638,-0.0006313326070903308
ymlfiles\Case_166_H4_T6_dir0_DOFbest.yml,4,6,4.65,0,DOFbest,DOFbest,DOFbest,3.3,2.4,233,304.5,248,640,0.5050123403771543,3.492930547615511,0.0003303723033061623,0.56353360414505,12.35470657168117,-0.00047598365403459837,-0.8933788028733031,0.11931931166466046,-0.002015674422306915,1.0467092120097696,13.753485693198586,-0.0007441127967765173
ymlfiles\Case_167_H4_T6_dir45_DOFbest.yml,4,6,4.65,45,DOFbest,DOFbest,DOFbest,3.3,2.4,233,304.5,248,640,0.5640191254574252,2.7173604083018588,4.329176256459927,0.9257645606994629,10.126991708783676,16.835700841765874,-0.8921986450614565,0.1365656245228601,0.11007346676294359,1.274655246265964,10.646421007754986,16.861504926686404
ymlfiles\Case_168_H4_T6_dir90_DOFbest.yml,4,6,4.65,90,DOFbest,DOFbest,DOFbest,3.3,2.4,233,304.5,248,640,0.5323368936072606,2.571553280256378,3.2878385159934074,0.7356798648834229,8.554063175953209,14.097788777114996,-0.9108980937301315,0.1523931563765064,0.03894173168002711,1.1321529860320143,10.104713625774258,12.724348943712666
ymlfiles\Case_169_H4_T6_dir135_DOFbest.yml,4,6,4.65,135,DOFbest,DOFbest,DOFbest,3.3,2.4,233,304.5,248,640,0.5605485546921611,1.96385131096005,2.0760473997673063,0.8408856987953186,9.261100453170833,9.179515551082323,-0.915166931878088,0.35979079541506664,0.08240067221823152,1.2382612278773288,7.975260227210219,8.073749325998337
ymlfiles\Case_170_H4_T6_dir180_DOFbest.yml,4,6,4.65,180,DOFbest,DOFbest,DOFbest,3.3,2.4,233,304.5,248,640,0.5935665585571901,5.840341165056244,0.0005060246302885824,0.8761973977088928,23.295239551184125,0.00010992699164189381,-0.9287116961626094,0.5666449576166219,-0.002033207097294076,1.3536647641369968,23.243662821662813,-8.590766635113278e-05
ymlfiles\Case_171_H2_T8_dir0_DOFbest.yml,2,8,6.2,0,DOFbest,DOFbest,DOFbest,3.3,2.4,233,304.5,248,640,0.422140912968975,1.7180285889667717,0.00028461746019044215,0.4392368495464325,6.552874525086947,-0.001024462925080789,-0.9292928841459442,0.2927588527665832,-0.0020420927467310825,0.678469317108946,6.9432315726948275,-0.0009539752989506716
ymlfiles\Case_172_H2_T8_dir45_DOFbest.yml,2,8,6.2,45,DOFbest,DOFbest,DOFbest,3.3,2.4,233,304.5,248,640,0.45737837620370986,1.3113534837966982,2.127712109171041,0.6248756647109985,4.909510093327547,8.300512893583994,-0.9314338507283156,0.30355042377870256,0.011531259137981514,0.8101059713690345,5.335054028305125,8.180527057157274
ymlfiles\Case_173_H2_T8_dir90_DOFbest.yml,2,8,6.2,90,DOFbest,DOFbest,DOFbest,3.3,2.4,233,304.5,248,640,0.44174769764212257,1.3163958938909686,1.5817457150598861,0.5400804281234741,4.737259552648995,6.0602343245950845,-0.932246367439601,0.301144324495455,0.011839057668556936,0.7491150643911119,5.364458609524408,6.061124384364724
ymlfiles\Case_174_H2_T8_dir135_DOFbest.yml,2,8,6.2,135,DOFbest,DOFbest,DOFbest,3.3,2.4,233,304.5,248,640,0.4479895002849174,0.8107418222603536,1.095210329400887,0.5606357455253601,3.8560161662160795,4.443588312208304,-0.9326148783704091,0.32405793249641335,0.026181588982485036,0.7733414718672231,3.4457343606879793,4.204617983214103
ymlfiles\Case_175_H2_T8_dir180_DOFbest.yml,2,8,6.2,180,DOFbest,DOFbest,DOFbest,3.3,2.4,233,304.5,248,640,0.47324559798171534,2.677825908097946,0.0003833165900454779,0.6771644353866577,10.587633326787676,-0.0007499087262876987,-0.9329321951639906,0.33763010383854036,-0.002047243878157668,0.8703407259436746,10.658733639760364,-0.0005797394315807613
ymlfiles\Case_176_H4_T8_dir0_DOFbest.yml,4,8,6.2,0,DOFbest,DOFbest,DOFbest,3.3,2.4,233,304.5,248,640,0.708160492721067,3.110360638307663,0.00040139106787507494,1.2599393129348755,11.72759019171551,-0.0003012007796584208,-0.8887102661489933,0.10261337713061242,-0.002024902614119982,1.8049197760973157,12.131025654477734,-0.0004898655448981888
ymlfiles\Case_177_H4_T8_dir45_DOFbest.yml,4,8,6.2,45,DOFbest,DOFbest,DOFbest,3.3,2.4,233,304.5,248,640,0.7752581068347004,2.655306722353136,4.266179497394957,1.6004058122634888,10.209763356240476,17.063077839235596,-0.8832827883019958,0.09735040427983774,0.12762519677956088,2.064383626296056,10.2792268784623,16.51248597505114
ymlfiles\Case_178_H4_T8_dir90_DOFbest.yml,4,8,6.2,90,DOFbest,DOFbest,DOFbest,3.3,2.4,233,304.5,248,640,0.7464286800899345,2.346513720397047,3.363907323490098,1.3671956062316895,8.410842646794503,13.909004056003136,-0.9026040448738667,0.1867326036722319,0.07572008803016629,1.9335832447268326,9.216234704457056,12.937837521502015
ymlfiles\Case_179_H4_T8_dir135_DOFbest.yml,4,8,6.2,135,DOFbest,DOFbest,DOFbest,3.3,2.4,233,304.5,248,640,0.75591837503773,1.8534128405815666,2.2614633434359965,1.4483963251113892,8.546551675413486,9.389480688810393,-0.9074634772197016,0.35230714565917187,0.107131624487728,1.9663790792037688,7.476605658399635,8.731357712823108
ymlfiles\Case_180_H4_T8_dir180_DOFbest.yml,4,8,6.2,180,DOFbest,DOFbest,DOFbest,3.3,2.4,233,304.5,248,640,0.7956546278439257,5.45288721433838,0.0005714770465709703,1.6950421333312988,22.085981879390047,-0.00014632244139422564,-0.9084868676678999,0.4925215184347683,-0.0020364472957793626,2.1180897732663233,21.486593969339076,0.0001487418884322392
ymlfiles\Case_181_H2_T10_dir0_DOFbest.yml,2,10,7.75,0,DOFbest,DOFbest,DOFbest,3.3,2.4,233,304.5,248,640,0.45806553939939726,1.3102036697789952,0.0002445125688491653,0.4840675890445709,5.255999186619946,-0.001041354344751514,-0.9323426047762959,0.2968589072057124,-0.0020497056559249673,0.7936383116943229,5.351927694293167,-0.001117691037457056
ymlfiles\Case_182_H2_T10_dir45_DOFbest.yml,2,10,7.75,45,DOFbest,DOFbest,DOFbest,3.3,2.4,233,304.5,248,640,0.4868467531265426,1.0275229376681163,1.6908705825327557,0.6855794787406921,5.236206152178896,7.322587752562725,-0.9329236748627681,0.3059463164293454,0.0031017003429639075,0.9019305988333401,4.239370650621289,6.475790114841828
ymlfiles\Case_183_H2_T10_dir90_DOFbest.yml,2,10,7.75,90,DOFbest,DOFbest,DOFbest,3.3,2.4,233,304.5,248,640,0.4760399869057444,1.0361449286729518,1.3086030905803496,0.5956338047981262,4.513237031835393,5.91856937101985,-0.9335619379873832,0.31619208472089766,0.015513980840327237,0.8605620428715957,4.292093401243588,4.998646904551642
ymlfiles\Case_184_H2_T10_dir135_DOFbest.yml,2,10,7.75,135,DOFbest,DOFbest,DOFbest,3.3,2.4,233,304.5,248,640,0.4805060881818236,0.6320564175647111,0.9412855889935968,0.611346423625946,3.5661162574142926,4.093316147889363,-0.9342877722292815,0.3271967675245198,0.025103559125207602,0.8767732542968565,2.751426211571032,3.601824247946215
ymlfiles\Case_185_H2_T10_dir180_DOFbest.yml,2,10,7.75,180,DOFbest,DOFbest,DOFbest,3.3,2.4,233,304.5,248,640,0.49959777007448986,2.0479818783536565,0.00032005152151509924,0.7451722025871277,9.37445512641001,-0.0008547070442955183,-0.9345362116599968,0.32459411404560684,-0.002052444865943634,0.9496769789169542,8.193691448537297,-0.0008301806804511965
ymlfiles\Case_186_H4_T10_dir0_DOFbest.yml,4,10,7.75,0,DOFbest,DOFbest,DOFbest,3.3,2.4,233,304.5,248,640,0.813642275432111,2.403467044938756,0.0003911748046208481,1.4680653810501099,8.686373331686463,-0.0005705572718195199,-0.8945718532075478,0.1301709282161309,-0.002035455794836145,2.1643104079420645,9.387014850465434,-0.000544266227151581
ymlfiles\Case_187_H4_T10_dir45_DOFbest.yml,4,10,7.75,45,DOFbest,DOFbest,DOFbest,3.3,2.4,233,304.5,248,640,0.8757113092469462,2.0628356205860348,3.425901279044759,1.8332271575927734,10.129655482559981,15.136667380063106,-0.8840934271065735,0.12311203011176283,0.06302603215062842,2.410903906314412,7.99874260632331,13.175680492710695
ymlfiles\Case_188_H4_T10_dir90_DOFbest.yml,4,10,7.75,90,DOFbest,DOFbest,DOFbest,3.3,2.4,233,304.5,248,640,0.84972196830614,1.915387616688918,2.730259886479306,1.6511276960372925,7.5145997380574165,13.250048749221461,-0.8971042619863497,0.22025245823931952,0.06768623834805919,2.2989565337360136,7.568957259758443,10.452137514289896
ymlfiles\Case_189_H4_T10_dir135_DOFbest.yml,4,10,7.75,135,DOFbest,DOFbest,DOFbest,3.3,2.4,233,304.5,248,640,0.8523120194993502,1.4651419959636491,1.9205802559796739,1.675743818283081,7.535308871620895,8.650027333791886,-0.9187021613597356,0.35572065393759505,0.09606560983913064,2.288631321957119,5.966820939816246,7.378508856002693
ymlfiles\Case_190_H4_T10_dir180_DOFbest.yml,4,10,7.75,180,DOFbest,DOFbest,DOFbest,3.3,2.4,233,304.5,248,640,0.8960639123585133,4.23608117179155,0.0004956973754519147,1.946864366531372,19.44102527424846,-0.0003126323522963084,-0.9011128515710561,0.353330770566535,-0.002046375400188543,2.4724632275800884,16.609806027116292,-0.00015756463444391105
ymlfiles\Case_191_H2_T12_dir0_DOFbest.yml,2,12,9.3,0,DOFbest,DOFbest,DOFbest,3.3,2.4,233,304.5,248,640,0.47667078885583847,0.9732696355217433,0.00020311279768449311,0.6155006289482117,4.7174964002855635,-0.0010767128925594778,-0.9337160625070836,0.2934320337048105,-0.0020477712971190935,0.8453614608676766,4.041769683477386,-0.0012740516509364666
ymlfiles\Case_192_H2_T12_dir45_DOFbest.yml,2,12,9.3,45,DOFbest,DOFbest,DOFbest,3.3,2.4,233,304.5,248,640,0.4972491360631746,0.7852029372165773,1.313564503607199,0.7713868618011475,4.091749900135314,5.349041731041153,-0.9345381537176104,0.3092111402785044,-0.0012437112130832075,0.9244528007515355,3.30854647731492,5.016817997772744
ymlfiles\Case_193_H2_T12_dir90_DOFbest.yml,2,12,9.3,90,DOFbest,DOFbest,DOFbest,3.3,2.4,233,304.5,248,640,0.48983082695146773,0.8082803013033152,1.0381887588603655,0.6761488318443298,3.210020289610858,4.189481369421734,-0.9347246136009709,0.32738337360339004,0.01903436276049915,0.8954389202895437,3.425646946513409,3.9635031551230857
ymlfiles\Case_194_H2_T12_dir135_DOFbest.yml,2,12,9.3,135,DOFbest,DOFbest,DOFbest,3.3,2.4,233,304.5,248,640,0.4940673684754001,0.4883118849159599,0.7619555465302583,0.6890769600868225,2.5230097673699454,3.3737215678826695,-0.9356955533533182,0.33091869470392965,0.026943413262094592,0.9109111279099176,2.1981709959320104,2.9128529266928385
ymlfiles\Case_195_H2_T12_dir180_DOFbest.yml,2,12,9.3,180,DOFbest,DOFbest,DOFbest,3.3,2.4,233,304.5,248,640,0.5082656255175503,1.5484892527042746,0.00026507867701350393,0.8186588883399963,6.3136714819561695,-0.0009860784417204242,-0.935867687365941,0.3156741119710741,-0.002054283945304764,0.964808850715802,6.254874604579025,-0.001042238065183285
ymlfiles\Case_196_H4_T12_dir0_DOFbest.yml,4,12,9.3,0,DOFbest,DOFbest,DOFbest,3.3,2.4,233,304.5,248,640,0.8801152370813682,1.8882633616901279,0.00035083844264619023,1.8565083742141724,7.889258665921064,0.001996151966652651,-0.8878218758786428,0.09913739343722938,-0.002033956374063384,2.3904658484411576,7.3389623834220234,-0.0006950835575887649
ymlfiles\Case_197_H4_T12_dir45_DOFbest.yml,4,12,9.3,45,DOFbest,DOFbest,DOFbest,3.3,2.4,233,304.5,248,640,0.9315547421569829,1.6109636867731325,2.6994484851372773,2.231743812561035,8.778493800569718,11.014579060295064,-0.8807221673982719,0.12118283617188062,0.04026191020350162,2.5949330513150555,6.252642349479643,10.353623230230133
ymlfiles\Case_198_H4_T12_dir90_DOFbest.yml,4,12,9.3,90,DOFbest,DOFbest,DOFbest,3.3,2.4,233,304.5,248,640,0.9083277095443022,1.5289469223023786,2.205439695649375,2.0000479221343994,5.620462349600058,9.536537222961705,-0.8942316813102575,0.22789289110816408,0.07261205157717163,2.48985281021777,6.08974419422069,8.4415791180499
ymlfiles\Case_199_H4_T12_dir135_DOFbest.yml,4,12,9.3,135,DOFbest,DOFbest,DOFbest,3.3,2.4,233,304.5,248,640,0.910683542500614,1.1656564063112969,1.6025195740157692,1.935041904449463,5.98819631941896,7.683235401117739,-0.9197997427917295,0.3485301568136164,0.07016486213675001,2.4754180543233186,4.797719200276905,6.126824875142771
ymlfiles\Case_200_H4_T12_dir180_DOFbest.yml,4,12,9.3,180,DOFbest,DOFbest,DOFbest,3.3,2.4,233,304.5,248,640,0.9481515990056284,3.2731480373820014,0.00041087348559308204,2.3316941261291504,13.439092163748136,-0.00032073001805309957,-0.8874057293727969,0.2380766508168942,-0.0020499475477733066,2.652095662148123,12.773425671797943,-0.00048495456860998235
ymlfiles\Case_201_H1_T358_dir0_low.yml,1,3.58,2.539,0,low,low,low,1,1,100,300,150,200,0.02908944184120985,0.7158959061648589,2.934579650110844e-05,-0.8303367495536804,3.16487081820637,-0.0018998554290638955,-0.9398263702497438,0.30590760019481106,-0.0020478550270889846,-0.8246817458918174,3.1726583392667833,-0.001931101043940328
ymlfiles\Case_202_H1_T358_dir45_low.yml,1,3.58,2.539,45,low,low,low,1,1,100,300,150,200,0.02475718053805407,0.30449320556646053,0.424653260622461,-0.8495373129844666,1.6730781025264838,1.7850069737764214,-0.9395574112197868,0.3075293458308443,-0.0017131516003023356,-0.8417979826736488,1.525610120522557,1.692165121641962
ymlfiles\Case_203_H1_T358_dir90_low.yml,1,3.58,2.539,90,low,low,low,1,1,100,300,150,200,0.018733660499615508,0.21292514941320953,0.30759040629506745,-0.8747957944869995,1.1473623908137163,1.331582838012715,-0.9395561651482627,0.3042378377912274,-0.0023830167821426067,-0.8659567492866522,1.1472510712648532,1.2401512867985007
ymlfiles\Case_204_H1_T358_dir135_low.yml,1,3.58,2.539,135,low,low,low,1,1,100,300,150,200,0.024891629008108165,0.2619281358906478,0.16099106625492843,-0.8414455652236938,1.3975817820237848,0.6977268756052513,-0.9390234843961619,0.3052561265738234,-0.001055095323827255,-0.8404334346963557,1.3569332777510557,0.6493923247169286
ymlfiles\Case_205_H1_T358_dir180_low.yml,1,3.58,2.539,180,low,low,low,1,1,100,300,150,200,0.03330685464427327,0.7252383457026041,2.6682525300843937e-05,-0.8170440793037415,3.370010640729237,-0.0018935955340091525,-0.9399606189302824,0.30586850558582673,-0.0020466951692851808,-0.8080204051424532,3.2082931628591704,-0.0019412707862928684
ymlfiles\Case_206_H1_T408_dir0_low.yml,1,4.08,2.8936,0,low,low,low,1,1,100,300,150,200,0.05393055766367531,0.8248709094793096,5.378363294367321e-05,-0.7468283772468567,4.0244857703022054,-0.0015156678145126744,-0.9394603149228626,0.30645928185853194,-0.0020487833831180076,-0.7279147480982174,3.5930058379133585,-0.0018365464289351475
ymlfiles\Case_207_H1_T408_dir45_low.yml,1,4.08,2.8936,45,low,low,low,1,1,100,300,150,200,0.05678686870128274,0.35725324125455493,0.5324866009850956,-0.7452526688575745,2.0526120779102284,2.5374502813792335,-0.9392705012642675,0.30959111227988373,-0.000499989423304788,-0.7174602883617361,1.731088639448572,2.1123928022285616
ymlfiles\Case_208_H1_T408_dir90_low.yml,1,4.08,2.8936,90,low,low,low,1,1,100,300,150,200,0.049742285370661936,0.3224899282276555,0.33520212454798537,-0.7817748188972473,1.7329857984583714,1.2853446984875503,-0.9393783359041921,0.3032057581259488,-0.0034351284358734766,-0.7456741898242178,1.5736962928325056,1.340328098703968
ymlfiles\Case_209_H1_T408_dir135_low.yml,1,4.08,2.8936,135,low,low,low,1,1,100,300,150,200,0.05283795890355682,0.2849935495907779,0.17788603765137112,-0.7434215545654297,1.5020349045054378,0.7362309464732875,-0.9387984418510287,0.3058864490478675,-0.0015470486735941376,-0.7320172758507235,1.4447782015180777,0.7113054982823955
ymlfiles\Case_210_H1_T408_dir180_low.yml,1,4.08,2.8936,180,low,low,low,1,1,100,300,150,200,0.06487896615446208,0.858854181416366,5.1405895578602455e-05,-0.7042545676231384,4.148263312214823,-0.0018382388601558158,-0.9396445875272706,0.30571571454094704,-0.002047905190577226,-0.6853392806617935,3.724317498383823,-0.001846158270882502
ymlfiles\Case_211_H1_T458_dir0_low.yml,1,4.58,3.2482,0,low,low,low,1,1,100,300,150,200,0.0925486109749254,0.9066709160833453,8.430916275563007e-05,-0.6072942018508911,3.5774795577590783,-0.0017150462640814032,-0.9386547095334088,0.3077757377844048,-0.00204981104306802,-0.5784336168969917,3.899127202242739,-0.0017196351047852258
ymlfiles\Case_212_H1_T458_dir45_low.yml,1,4.58,3.2482,45,low,low,low,1,1,100,300,150,200,0.10129361107271855,0.40211949976268274,0.6312545650752274,-0.5921615958213806,1.6951431353619157,2.493158852489228,-0.9385695183724165,0.312019629999595,-0.0012976823161445121,-0.544935635626687,1.9028985719281228,2.4892457770618086
ymlfiles\Case_213_H1_T458_dir90_low.yml,1,4.58,3.2482,90,low,low,low,1,1,100,300,150,200,0.09379696703032604,0.4232663507742253,0.37705806171022016,-0.6425341963768005,1.8763624614726344,1.443914476980272,-0.938858133389442,0.3028383099198507,-0.00512682908555799,-0.5749984958828098,1.9635628373617053,1.4929601111838908
ymlfiles\Case_214_H1_T458_dir135_low.yml,1,4.58,3.2482,135,low,low,low,1,1,100,300,150,200,0.09625887881761368,0.295185510648538,0.20542241635329844,-0.5884450078010559,1.5219242019251031,0.8353992100846431,-0.9383016220292559,0.30679468588640135,-0.0020203990719175825,-0.5641752832903464,1.4816710674333247,0.8131672507604365
ymlfiles\Case_215_H1_T458_dir180_low.yml,1,4.58,3.2482,180,low,low,low,1,1,100,300,150,200,0.1097416374254973,0.9795295659462563,9.281351042653088e-05,-0.5514374375343323,4.097133369861754,-0.0016687340463522127,-0.9390159190346797,0.30549990774814856,-0.002049306167686066,-0.5116822632109568,4.180349757921512,-0.0016874290200070575
ymlfiles\Case_216_H2_T358_dir0_low.yml,2,3.58,2.539,0,low,low,low,1,1,100,300,150,200,0.0544183005193258,1.4265584396289195,7.40665550806884e-05,-0.7181920409202576,5.887061708378581,-0.0014863963643100535,-0.9426867999875987,0.3031371542199385,-0.0020368841410599954,-0.7270564133581026,6.014387472255837,-0.0017437815965218467
ymlfiles\Case_217_H2_T358_dir45_low.yml,2,3.58,2.539,45,low,low,low,1,1,100,300,150,200,0.047251300055481296,0.6122598611058052,0.8470488196401351,-0.7663063406944275,3.024048966106809,3.7045029336313324,-0.9420691181636519,0.3087089577450127,0.0041417626240798245,-0.7552768758301207,2.7571438885085935,3.382669019659511
ymlfiles\Case_218_H2_T358_dir90_low.yml,2,3.58,2.539,90,low,low,low,1,1,100,300,150,200,0.034114562300600795,0.42749124415781176,0.6178427407381945,-0.8156389594078064,2.0639354643370518,2.823364988243729,-0.9421438346416862,0.3011123007512739,-0.0021475535259204777,-0.8078811497126003,1.9938475096573733,2.4933234894588563
ymlfiles\Case_219_H2_T358_dir135_low.yml,2,3.58,2.539,135,low,low,low,1,1,100,300,150,200,0.04936450663350371,0.5160358648688013,0.32798380291206414,-0.7545161843299866,2.5335109697754286,1.4030903295894,-0.9397289583561597,0.3065354369903522,0.0007733302856614994,-0.7441606284261526,2.378610272337377,1.3254517833938757
ymlfiles\Case_220_H2_T358_dir180_low.yml,2,3.58,2.539,180,low,low,low,1,1,100,300,150,200,0.06609925673662506,1.4553036367107202,7.110511258588605e-05,-0.6871721148490906,6.502306365793112,-0.0015375741121509696,-0.943197118229888,0.31333663498763287,-0.0020325296450069905,-0.6813218446210861,6.136287484106223,-0.001753486491804234
ymlfiles\Case_221_H2_T408_dir0_low.yml,2,4.08,2.8936,0,low,low,low,1,1,100,300,150,200,0.09537516057275226,1.6349390505573915,9.741133006932812e-05,-0.6186575293540955,7.4916101750848,-0.0015103637248912532,-0.9419241033544143,0.30378699461107816,-0.0020355050277297156,-0.5676000225134796,6.816436170527168,-0.0016512933604126176
ymlfiles\Case_222_H2_T408_dir45_low.yml,2,4.08,2.8936,45,low,low,low,1,1,100,300,150,200,0.09992988938488039,0.7218564068409634,1.0718216682021635,-0.614781379699707,3.965429393417337,4.91356807946818,-0.9413058234298671,0.31563566023656625,0.0051865927902906405,-0.5504124883528585,3.187415047228274,4.2562862621239015
ymlfiles\Case_223_H2_T408_dir90_low.yml,2,4.08,2.8936,90,low,low,low,1,1,100,300,150,200,0.08534501905104055,0.6394221514272442,0.6774162821779377,-0.6697103381156921,3.279100395989544,2.534612337779093,-0.9414363827225235,0.29862761686968964,-0.005617203267044529,-0.6088674885508083,2.819173572197875,2.708808377343462
ymlfiles\Case_224_H2_T408_dir135_low.yml,2,4.08,2.8936,135,low,low,low,1,1,100,300,150,200,0.09741880902058353,0.5676727232864758,0.36824875901729665,-0.5921179056167603,2.8575833822118466,1.577392061453071,-0.9390221499579924,0.3089031044244772,0.0006355026726780775,-0.5574357503567999,2.5766125592678497,1.475011066437425
ymlfiles\Case_225_H2_T408_dir180_low.yml,2,4.08,2.8936,180,low,low,low,1,1,100,300,150,200,0.1193647722249048,1.7349446766806795,0.00010138265535420226,-0.5339300632476807,8.293634039316146,-0.0015668079387834858,-0.9423432508519403,0.3114981834132238,-0.002033402111456207,-0.47394145959821954,7.2144528667701735,-0.00163632016229452
ymlfiles\Case_226_H2_T458_dir0_low.yml,2,4.58,3.2482,0,low,low,low,1,1,100,300,150,200,0.1537318790894166,1.7837035290882914,0.00013980723351496183,-0.43492281436920166,6.467733228874977,-0.0004336194619866188,-0.940303290521933,0.3057447560987984,-0.0020346340377291384,-0.3415588268647102,7.372458743178015,-0.0014870542150309867
ymlfiles\Case_227_H2_T458_dir45_low.yml,2,4.58,3.2482,45,low,low,low,1,1,100,300,150,200,0.16807718017020054,0.8263098444212218,1.3069460218768632,-0.40573886036872864,3.258035025372167,5.156035526135402,-0.9398005229165709,0.3208346712276975,0.003601137280649883,-0.28592031100294213,3.5862901301250902,5.153588617565244
ymlfiles\Case_228_H2_T458_dir90_low.yml,2,4.58,3.2482,90,low,low,low,1,1,100,300,150,200,0.15093243080292906,0.8536542697859546,0.7731182246682062,-0.47202038764953613,3.3532899107542224,3.0949796268637453,-0.9399586639950673,0.29685048757647636,-0.007091761662768255,-0.3542488845956352,3.6441592325208445,3.062312851031767
ymlfiles\Case_229_H2_T458_dir135_low.yml,2,4.58,3.2482,135,low,low,low,1,1,100,300,150,200,0.16349843736681816,0.6073469206356851,0.43688767359216824,-0.3774421513080597,2.7002766551070483,1.915928893560872,-0.93772366967135,0.31044785457254914,0.0020774139447959335,-0.30134128354032386,2.724910783479324,1.7335964358855247
ymlfiles\Case_230_H2_T458_dir180_low.yml,2,4.58,3.2482,180,low,low,low,1,1,100,300,150,200,0.18750196795694193,2.017589625340374,0.00016030656367376463,-0.3319602906703949,7.891715826474976,-0.0012999901256758083,-0.9406411476488467,0.3093429007078744,-0.0020342591540491385,-0.209464826427456,8.281097711414063,-0.001408948168567559
ymlfiles\Case_231_H1_T358_dir0_linhigh.yml,1,3.58,2.539,0,linhigh,linhigh,linhigh,6.5,1,300,300,325,200,0.027685778127935656,0.7119321059336532,2.676552574727286e-05,-0.833184540271759,3.1391478989052786,-0.0019039948555387273,-0.9398315973982767,0.3058613473246385,-0.00204785857947656,-0.8301523369210702,3.1568548965558323,-0.001941106377130142
ymlfiles\Case_232_H1_T358_dir45_linhigh.yml,1,3.58,2.539,45,linhigh,linhigh,linhigh,6.5,1,300,300,325,200,0.02307151277271255,0.3026888573190436,0.42223243004809,-0.8552005290985107,1.6644614987233952,1.7678998045047725,-0.9395631041714438,0.3076909816960355,-0.0016792450049337693,-0.8483225100339538,1.5186297543199463,1.6827652973588771
ymlfiles\Case_233_H1_T358_dir90_linhigh.yml,1,3.58,2.539,90,linhigh,linhigh,linhigh,6.5,1,300,300,325,200,0.01681447266343636,0.21083109534376224,0.306172656357604,-0.8786206841468811,1.1403930365393644,1.3247905350482547,-0.9395647161785099,0.3042279492865008,-0.0025181915167853137,-0.8734298340353028,1.1390968550610487,1.2345272246318315
ymlfiles\Case_234_H1_T358_dir135_linhigh.yml,1,3.58,2.539,135,linhigh,linhigh,linhigh,6.5,1,300,300,325,200,0.023404120585996183,0.2607796980221922,0.16022461367849447,-0.8473004102706909,1.3950943125054307,0.6881728816994315,-0.9390391268790872,0.30525930783812694,-0.0009935865272565076,-0.846228423698942,1.352304806488963,0.6464588778579826
ymlfiles\Case_235_H1_T358_dir180_linhigh.yml,1,3.58,2.539,180,linhigh,linhigh,linhigh,6.5,1,300,300,325,200,0.031432728857214175,0.7214869598565846,2.4503141520150873e-05,-0.8221538662910461,3.350028708868953,-0.0018985608030588008,-0.9399860188591259,0.30581345900634227,-0.002046610436207315,-0.8153558476996127,3.1934032375043286,-0.0019494750519430794
ymlfiles\Case_236_H1_T408_dir0_linhigh.yml,1,4.08,2.8936,0,linhigh,linhigh,linhigh,6.5,1,300,300,325,200,0.048620782734348306,0.8187376770242532,4.520893262282707e-05,-0.7630199790000916,4.009108453159568,-0.0018507690723068822,-0.9395137587642228,0.30621713475187506,-0.0020486538292368486,-0.7485164898185629,3.5688401801204943,-0.0018698823848007364
ymlfiles\Case_237_H1_T408_dir45_linhigh.yml,1,4.08,2.8936,45,linhigh,linhigh,linhigh,6.5,1,300,300,325,200,0.04994619792934632,0.35430997741986225,0.527864124999461,-0.7666382193565369,2.0469071624059754,2.50435374598229,-0.9393261619039156,0.3097062911666911,-0.0005047816999525817,-0.7440137536148965,1.7198178600039122,2.0945522934258993
ymlfiles\Case_238_H1_T408_dir90_linhigh.yml,1,4.08,2.8936,90,linhigh,linhigh,linhigh,6.5,1,300,300,325,200,0.04311484089142885,0.31913727215564647,0.3325699835704965,-0.80049729347229,1.7344488463229293,1.2790202634812358,-0.9394126220025398,0.3031998834087645,-0.0035420334594375167,-0.7714436670004914,1.560654798970188,1.3298841932190317
ymlfiles\Case_239_H1_T408_dir135_linhigh.yml,1,4.08,2.8936,135,linhigh,linhigh,linhigh,6.5,1,300,300,325,200,0.04653392737152658,0.2830584262474028,0.17644334883322907,-0.7664560079574585,1.5026179251841216,0.7257140559770545,-0.9388590203854773,0.3058231499386484,-0.0014361762821142974,-0.7564932265924718,1.437150479788395,0.7058497168469323
ymlfiles\Case_240_H1_T408_dir180_linhigh.yml,1,4.08,2.8936,180,linhigh,linhigh,linhigh,6.5,1,300,300,325,200,0.05802704681256866,0.851803682275993,4.296117492209752e-05,-0.7289468050003052,4.144788453474579,-0.001853062755217857,-0.9397325952356612,0.30557655692804636,-0.002047790696296164,-0.7120073559958422,3.6965797319788534,-0.0018788354385883155
ymlfiles\Case_241_H1_T458_dir0_linhigh.yml,1,4.58,3.2482,0,linhigh,linhigh,linhigh,6.5,1,300,300,325,200,0.08243241215567541,0.8953368424123048,7.255923954744057e-05,-0.6386061906814575,3.498899085131728,-0.0017400864696228706,-0.9387961833918537,0.30726916926102693,-0.002049685057751819,-0.6177765353298796,3.856104108938316,-0.0017650375400051906
ymlfiles\Case_242_H1_T458_dir45_linhigh.yml,1,4.58,3.2482,45,linhigh,linhigh,linhigh,6.5,1,300,300,325,200,0.08951021513031024,0.3952718038298292,0.6210991619862886,-0.6255584955215454,1.6957972326966502,2.4264121094857476,-0.9387359467805536,0.3119571109092306,-0.001136675177841661,-0.590772380623044,1.876776690087191,2.4505167607119485
ymlfiles\Case_243_H1_T458_dir90_linhigh.yml,1,4.58,3.2482,90,linhigh,linhigh,linhigh,6.5,1,300,300,325,200,0.08271284415095823,0.4166374943521673,0.37054602091128674,-0.6752508878707886,1.837795584880746,1.4188408525371552,-0.9389800529413753,0.3026869687670667,-0.005076582936213178,-0.6181760789071933,1.9378368152117011,1.4679698934178826
ymlfiles\Case_244_H1_T458_dir135_linhigh.yml,1,4.58,3.2482,135,linhigh,linhigh,linhigh,6.5,1,300,300,325,200,0.08477795141607024,0.2917769310886068,0.20180100518000677,-0.622711718082428,1.4884988569526476,0.8183783786729714,-0.9384573437339729,0.30655177366119246,-0.0019102417848859664,-0.6088614875578279,1.4681804892697197,0.7993497224612722
ymlfiles\Case_245_H1_T458_dir180_linhigh.yml,1,4.58,3.2482,180,linhigh,linhigh,linhigh,6.5,1,300,300,325,200,0.09759284620197628,0.9638677284132344,8.031646390765792e-05,-0.5877658128738403,3.995001551202553,-0.0017225354389405333,-0.9392039652659937,0.30522384091536453,-0.002048931651343016,-0.559075649851126,4.120349803445541,-0.0017354128528815444
ymlfiles\Case_246_H2_T358_dir0_linhigh.yml,2,3.58,2.539,0,linhigh,linhigh,linhigh,6.5,1,300,300,325,200,0.05188604413797675,1.4173118834312106,7.363434834037629e-05,-0.7255558371543884,5.818544665719598,-0.0015080835906343328,-0.9426891334421105,0.3028425367057468,-0.0020370364413286835,-0.7369204219201175,5.97719123992253,-0.0017448697250942876
ymlfiles\Case_247_H2_T358_dir45_linhigh.yml,2,3.58,2.539,45,linhigh,linhigh,linhigh,6.5,1,300,300,325,200,0.04426637469390863,0.6081918362661651,0.8412089223182183,-0.7757331132888794,3.0089465640782644,3.668706339078119,-0.9420780945872819,0.3092130703660173,0.00441699825590448,-0.7669103216705455,2.7415847386900634,3.359947417798444
ymlfiles\Case_248_H2_T358_dir90_linhigh.yml,2,3.58,2.539,90,linhigh,linhigh,linhigh,6.5,1,300,300,325,200,0.031036202814440788,0.42358223342416584,0.614347718814353,-0.8250132203102112,2.043469656262755,2.7954207633585026,-0.9421616816266819,0.30102980544123303,-0.002588691789069327,-0.8198354783184463,1.9785390964518759,2.4791580912482813
ymlfiles\Case_249_H2_T358_dir135_linhigh.yml,2,3.58,2.539,135,linhigh,linhigh,linhigh,6.5,1,300,300,325,200,0.046524005739165514,0.5133648199327673,0.3261389968858351,-0.7626194953918457,2.5181786891926308,1.3868036367917989,-0.9397680750102908,0.3066076652726429,0.001141143940671802,-0.7552600681180094,2.3679572674085145,1.3183911223280873
ymlfiles\Case_250_H2_T358_dir180_linhigh.yml,2,3.58,2.539,180,linhigh,linhigh,linhigh,6.5,1,300,300,325,200,0.06256507326314216,1.4462586331152827,6.565065421285607e-05,-0.6964196562767029,6.438169608826223,-0.0015470780760883877,-0.9432764811686896,0.3132793680667283,-0.0020327677837317275,-0.6951705298143692,6.10064251177967,-0.001774269196279488
ymlfiles\Case_251_H2_T408_dir0_linhigh.yml,2,4.08,2.8936,0,linhigh,linhigh,linhigh,6.5,1,300,300,325,200,0.08723158753074861,1.6209147747797088,8.969234557321532e-05,-0.6403984427452087,7.421260080407315,-0.0015754396820610553,-0.9420184353821808,0.3031591054871894,-0.00203540428498997,-0.5991981040372965,6.761399925779719,-0.0016810545419428074
ymlfiles\Case_252_H2_T408_dir45_linhigh.yml,2,4.08,2.8936,45,linhigh,linhigh,linhigh,6.5,1,300,300,325,200,0.08977888649046971,0.7150956035191831,1.0606631897965624,-0.6446472406387329,3.9426080238530314,4.873558965744361,-0.9414193626211749,0.3161879072281377,0.005656776502013738,-0.5899193939021199,3.161727039832934,4.213625971422031
ymlfiles\Case_253_H2_T408_dir90_linhigh.yml,2,4.08,2.8936,90,linhigh,linhigh,linhigh,6.5,1,300,300,325,200,0.07556231418437699,0.6323575245541567,0.6713447602933343,-0.6923427581787109,3.268179563836928,2.511899824354685,-0.941531865261771,0.2983544133449877,-0.006218700957914163,-0.6469862317778993,2.791170544124447,2.6846977630007722
ymlfiles\Case_254_H2_T408_dir135_linhigh.yml,2,4.08,2.8936,135,linhigh,linhigh,linhigh,6.5,1,300,300,325,200,0.08747056023177456,0.5632792958294307,0.36469904857894664,-0.6252387762069702,2.8574207383322356,1.5546626859991495,-0.9391655667595289,0.3087794691043842,0.001100455563184584,-0.5961542203798269,2.5592748095532656,1.4616545664839449
ymlfiles\Case_255_H2_T408_dir180_linhigh.yml,2,4.08,2.8936,180,linhigh,linhigh,linhigh,6.5,1,300,300,325,200,0.10902547060625595,1.717539673100048,9.239810370216992e-05,-0.5695575475692749,8.236741978624524,-0.0015383886989208796,-0.9425554897271925,0.3114178883724669,-0.0020334075037645298,-0.514240008112631,7.1470095128263305,-0.001671061601011068
ymlfiles\Case_256_H2_T458_dir0_linhigh.yml,2,4.58,3.2482,0,linhigh,linhigh,linhigh,6.5,1,300,300,325,200,0.1398914484432731,1.7600370205923082,0.00012020708072159316,-0.47066792845726013,6.417710204054273,-0.001253911361678015,-0.9405167885254379,0.3047172126382101,-0.0020349512824538903,-0.39536808787144373,7.280608453506744,-0.0015632640099323863
ymlfiles\Case_257_H2_T458_dir45_linhigh.yml,2,4.58,3.2482,45,linhigh,linhigh,linhigh,6.5,1,300,300,325,200,0.15213020739186645,0.8102104523293584,1.2808568825896984,-0.4450288712978363,3.238166858850246,4.997790288349961,-0.9400923907847868,0.3214955126600427,0.0042626178897171175,-0.34815063568504023,3.5252351446894004,5.054745474666518
ymlfiles\Case_258_H2_T458_dir90_linhigh.yml,2,4.58,3.2482,90,linhigh,linhigh,linhigh,6.5,1,300,300,325,200,0.13631819482240629,0.8378200946699705,0.7583249650642556,-0.5115589499473572,3.271314193779141,3.008083398921904,-0.9402323921891275,0.2965833411231412,-0.007703336129563394,-0.4112913973193367,3.583171367677021,3.0049803324353768
ymlfiles\Case_259_H2_T458_dir135_linhigh.yml,2,4.58,3.2482,135,linhigh,linhigh,linhigh,6.5,1,300,300,325,200,0.14751517367678707,0.5978389971550869,0.42751548482820734,-0.420403391122818,2.635848761326787,1.8626406114300789,-0.9380682053676358,0.31026876917644963,0.0024331882112810415,-0.3637419195647551,2.6877663477987905,1.6977656773611638
ymlfiles\Case_260_H2_T458_dir180_linhigh.yml,2,4.58,3.2482,180,linhigh,linhigh,linhigh,6.5,1,300,300,325,200,0.1711199213097926,1.9785256020732573,0.00014116404953048452,-0.3747274577617645,7.674450924071456,-0.0014638892359746588,-0.9410493040799542,0.3091111057336694,-0.0020344202479733475,-0.2735152843609382,8.131594922879898,-0.0014839042537040641
ymlfiles\Case_261_H1_T358_dir0_quadhigh.yml,1,3.58,2.539,0,quadhigh,quadhigh,quadhigh,1,4,100,1300,150,1300,0.0290387996626244,0.7150975797774685,2.912030581622488e-05,-0.8304865956306458,3.1523745602330084,-0.001857334750061589,-0.9398317977758469,0.3059097725713974,-0.0020478642112023815,-0.824878915949599,3.1693458770988525,-0.0019321012241589675
ymlfiles\Case_262_H1_T358_dir45_quadhigh.yml,1,3.58,2.539,45,quadhigh,quadhigh,quadhigh,1,4,100,1300,150,1300,0.02470679544691305,0.30434497334463395,0.42441767752651754,-0.849899172782898,1.6724684014213542,1.7796001319964159,-0.9395616906075566,0.3075501182307644,-0.0017098319829141175,-0.8420012191966877,1.5250634027552432,1.6912287355635154
ymlfiles\Case_263_H1_T358_dir90_quadhigh.yml,1,3.58,2.539,90,quadhigh,quadhigh,quadhigh,1,4,100,1300,150,1300,0.01868933130445768,0.212816709700105,0.3074710055809556,-0.8750007748603821,1.146411713858615,1.328310750513456,-0.9395604679959791,0.30423477970714446,-0.002398296047270413,-0.8661352093883287,1.1468611025951452,1.239697235053713
ymlfiles\Case_264_H1_T358_dir135_quadhigh.yml,1,3.58,2.539,135,quadhigh,quadhigh,quadhigh,1,4,100,1300,150,1300,0.024837796059450554,0.2618383890859154,0.16095826517304165,-0.841951847076416,1.395375417478459,0.6968042664587707,-0.939028152903473,0.3052526889502264,-0.001051416194331721,-0.8406464049325874,1.3565488931626546,0.6492748463207312
ymlfiles\Case_265_H1_T358_dir180_quadhigh.yml,1,3.58,2.539,180,quadhigh,quadhigh,quadhigh,1,4,100,1300,150,1300,0.03321518653637221,0.7244422905418098,2.64786544746075e-05,-0.8178366422653198,3.352000072218148,-0.001892025557665508,-0.9399650433157329,0.3058453207005605,-0.0020467108674467336,-0.8083813985569396,3.205084142391809,-0.0019420865295973985
ymlfiles\Case_266_H1_T408_dir0_quadhigh.yml,1,4.08,2.8936,0,quadhigh,quadhigh,quadhigh,1,4,100,1300,150,1300,0.053589534759450386,0.8234746026320253,5.2864224416358076e-05,-0.748076319694519,4.013405495921153,-0.0017715173668409127,-0.939467333657874,0.3064633963958688,-0.0020488357159050502,-0.7292345415845667,3.5874466244106333,-0.001840404323071438
ymlfiles\Case_267_H1_T408_dir45_quadhigh.yml,1,4.08,2.8936,45,quadhigh,quadhigh,quadhigh,1,4,100,1300,150,1300,0.056349995508167994,0.35697407827317057,0.5319692229664503,-0.7473522424697876,2.0515156191050297,2.526508318328873,-0.9392766265173753,0.30961139465657084,-0.0004782554199853942,-0.7191447940700052,1.7300636028337433,2.1103615938965574
ymlfiles\Case_268_H1_T408_dir90_quadhigh.yml,1,4.08,2.8936,90,quadhigh,quadhigh,quadhigh,1,4,100,1300,150,1300,0.04938523985250521,0.32222363233465795,0.3349900619567879,-0.7832006216049194,1.7303624722085575,1.283873006164824,-0.9393836327686353,0.3031981865234282,-0.0034547338450073837,-0.7470634151106541,1.5726396143219215,1.3395125114422282
ymlfiles\Case_269_H1_T408_dir135_quadhigh.yml,1,4.08,2.8936,135,quadhigh,quadhigh,quadhigh,1,4,100,1300,150,1300,0.05243804773302335,0.28483387086814427,0.17782062223511003,-0.7457154989242554,1.4984322998833732,0.7353064696969557,-0.9388057590529875,0.3058772168358053,-0.0015408189494497877,-0.7335833132385275,1.4441065716124597,0.71106404604239
ymlfiles\Case_270_H1_T408_dir180_quadhigh.yml,1,4.08,2.8936,180,quadhigh,quadhigh,quadhigh,1,4,100,1300,150,1300,0.0643565457450679,0.8571902796310208,5.107806064654664e-05,-0.7070886492729187,4.136027028316745,-0.0018324669250878586,-0.9396523275943818,0.3056899584995127,-0.0020479113231206994,-0.6873720427475882,3.7176687116410188,-0.0018476521829890462
ymlfiles\Case_271_H1_T458_dir0_quadhigh.yml,1,4.58,3.2482,0,quadhigh,quadhigh,quadhigh,1,4,100,1300,150,1300,0.09156312108052081,0.9040722051024853,8.302215196199815e-05,-0.6120476722717285,3.548093522628745,-0.0017141894680430933,-0.9386699197722805,0.3077919524919486,-0.002049688075647949,-0.5822483879213028,3.889028640845198,-0.0017247220709543968
ymlfiles\Case_272_H1_T458_dir45_quadhigh.yml,1,4.58,3.2482,45,quadhigh,quadhigh,quadhigh,1,4,100,1300,150,1300,0.1000937417669243,0.4014012981701583,0.6300193041453618,-0.5975898504257202,1.6937281122649595,2.479999212392729,-0.9385880016789392,0.3120321938860259,-0.0012617489240054455,-0.5496168929090346,1.9001507663515564,2.484408128226253
ymlfiles\Case_273_H1_T458_dir90_quadhigh.yml,1,4.58,3.2482,90,quadhigh,quadhigh,quadhigh,1,4,100,1300,150,1300,0.09278824736333922,0.4226737511845992,0.3765323858738904,-0.6476173400878906,1.868339123631985,1.4391495662605418,-0.9388726382686032,0.30280936700031896,-0.005136262341262744,-0.5789260523669015,1.9612087753495646,1.4908621186711608
ymlfiles\Case_274_H1_T458_dir135_quadhigh.yml,1,4.58,3.2482,135,quadhigh,quadhigh,quadhigh,1,4,100,1300,150,1300,0.09511639721160049,0.29489069857146627,0.20524772794042923,-0.5939453840255737,1.516940084821698,0.8333320640045093,-0.9383202219489548,0.30676901601113243,-0.002025973386333145,-0.5686343303208425,1.480445079781202,0.812507827697803
ymlfiles\Case_275_H1_T458_dir180_quadhigh.yml,1,4.58,3.2482,180,quadhigh,quadhigh,quadhigh,1,4,100,1300,150,1300,0.10840012648969762,0.9757282595967879,9.139241858118392e-05,-0.5578901767730713,4.0562154140915,-0.0016841605438584224,-0.9390372406084229,0.3054741963376624,-0.0020491626460245648,-0.5169132331080964,4.165188012008883,-0.001693003541459979
ymlfiles\Case_276_H2_T358_dir0_quadhigh.yml,2,3.58,2.539,0,quadhigh,quadhigh,quadhigh,1,4,100,1300,150,1300,0.05426862208546833,1.4227543417229198,7.686435395030444e-05,-0.7188958525657654,5.832096187919727,-0.001572211558901998,-0.9426860009106222,0.30311890145345294,-0.0020366958059513736,-0.7276273774276045,5.999139450577023,-0.0017326771112312087
ymlfiles\Case_277_H2_T358_dir45_quadhigh.yml,2,3.58,2.539,45,quadhigh,quadhigh,quadhigh,1,4,100,1300,150,1300,0.04708672507417915,0.6115160605843288,0.8458695575658355,-0.7674023509025574,3.0201425247883846,3.682052955603147,-0.9420701731471,0.3088650390571911,0.004240759892467076,-0.7559140829599956,2.754377014724441,3.377989924727441
ymlfiles\Case_278_H2_T358_dir90_quadhigh.yml,2,3.58,2.539,90,quadhigh,quadhigh,quadhigh,1,4,100,1300,150,1300,0.03398417744774513,0.42704063024669103,0.6172115241195312,-0.8163367509841919,2.055021640583362,2.8038374774066623,-0.9421475256775265,0.3010983065147666,-0.0022542058033869104,-0.8083867725614851,1.9920492214887653,2.490711178397676
ymlfiles\Case_279_H2_T358_dir135_quadhigh.yml,2,3.58,2.539,135,quadhigh,quadhigh,quadhigh,1,4,100,1300,150,1300,0.04916772699918795,0.5155951501529838,0.32781593719481755,-0.7557867169380188,2.523225772102447,1.3996777963253324,-0.939735397298027,0.30652382433437386,0.0008142060857848352,-0.7449369536778853,2.376545059405031,1.3248379673159432
ymlfiles\Case_280_H2_T358_dir180_quadhigh.yml,2,3.58,2.539,180,quadhigh,quadhigh,quadhigh,1,4,100,1300,150,1300,0.06577083559632708,1.4513233370659329,7.094776769022312e-05,-0.6884941458702087,6.4138434632104,-0.0014775811931006723,-0.9432003440796225,0.3132271420336592,-0.002032613640777523,-0.6826003078332431,6.120373172090582,-0.0017542130517898009
ymlfiles\Case_281_H2_T408_dir0_quadhigh.yml,2,4.08,2.8936,0,quadhigh,quadhigh,quadhigh,1,4,100,1300,150,1300,0.09449013429598653,1.6286089159644133,9.821003274270122e-05,-0.6214781403541565,7.41527768846803,-0.0015617110393486794,-0.9419272871663174,0.30374593987799214,-0.002036076199780398,-0.5710332032779515,6.791765454063281,-0.0016486936596341738
ymlfiles\Case_282_H2_T408_dir45_quadhigh.yml,2,4.08,2.8936,45,quadhigh,quadhigh,quadhigh,1,4,100,1300,150,1300,0.09883824893754478,0.7204796382433163,1.069237651851277,-0.6199190616607666,3.95382831711207,4.881122119589681,-0.94131958391545,0.3158236965629069,0.005434473703329006,-0.554636336449382,3.182192102379574,4.246595592001567
ymlfiles\Case_283_H2_T408_dir90_quadhigh.yml,2,4.08,2.8936,90,quadhigh,quadhigh,quadhigh,1,4,100,1300,150,1300,0.08447705862697645,0.6382293450712855,0.6763709439321751,-0.6728933453559875,3.262571765084936,2.5246016283333814,-0.9414467704296112,0.29856484105370484,-0.00577148153521762,-0.612227320982012,2.81420342581079,2.704630584646855
ymlfiles\Case_284_H2_T408_dir135_quadhigh.yml,2,4.08,2.8936,135,quadhigh,quadhigh,quadhigh,1,4,100,1300,150,1300,0.09629660221109457,0.5669155856435374,0.36791630662268376,-0.5978906750679016,2.850441565660952,1.5723949243015605,-0.9390382501758912,0.30886249041558955,0.0006921454420801988,-0.5617788337163543,2.573547371202331,1.4738277689326371
ymlfiles\Case_285_H2_T408_dir180_quadhigh.yml,2,4.08,2.8936,180,quadhigh,quadhigh,quadhigh,1,4,100,1300,150,1300,0.11798779350529788,1.726639992861366,0.00010211034022686899,-0.5406184196472168,8.165449317841578,-0.001589518818031774,-0.942368944319862,0.31143407866747597,-0.0020335729409867893,-0.4792892019040077,7.1815047582864615,-0.0016333255054246888
ymlfiles\Case_286_H2_T458_dir0_quadhigh.yml,2,4.58,3.2482,0,quadhigh,quadhigh,quadhigh,1,4,100,1300,150,1300,0.1515960229190097,1.7729008125823726,0.00013398069045104737,-0.44375208020210266,6.426640249507241,-0.001490590714944013,-0.9403235814218168,0.30577951329055747,-0.0020344768139485218,-0.34985815013552013,7.330742586469177,-0.0015093518220135346
ymlfiles\Case_287_H2_T458_dir45_quadhigh.yml,2,4.58,3.2482,45,quadhigh,quadhigh,quadhigh,1,4,100,1300,150,1300,0.16553283156940732,0.8228413943989777,1.3003492161648595,-0.4156159460544586,3.245874513885194,5.0806473131713865,-0.9398499051409739,0.32110228547791536,0.003892787649129899,-0.29580216942768767,3.573526621957226,5.1287264142570645
ymlfiles\Case_288_H2_T458_dir90_quadhigh.yml,2,4.58,3.2482,90,quadhigh,quadhigh,quadhigh,1,4,100,1300,150,1300,0.14890885461327377,0.8505262763254661,0.7706159732730371,-0.48125213384628296,3.3198066158955277,3.0629605538083715,-0.9400006743964774,0.2967494178522051,-0.007276922936821902,-0.3621642175186671,3.6319917230710748,3.0523400562438745
ymlfiles\Case_289_H2_T458_dir135_quadhigh.yml,2,4.58,3.2482,135,quadhigh,quadhigh,quadhigh,1,4,100,1300,150,1300,0.16091323045846456,0.6056578258092088,0.43592291980494663,-0.38861018419265747,2.680920539329467,1.9045367783555256,-0.9377751763002188,0.31041463780400597,0.002100944641218874,-0.3114127282415923,2.7182190887811863,1.7297536133550149
ymlfiles\Case_290_H2_T458_dir180_quadhigh.yml,2,4.58,3.2482,180,quadhigh,quadhigh,quadhigh,1,4,100,1300,150,1300,0.18461618066258675,1.9984074947518908,0.00015735487089093108,-0.3434523940086365,7.734125433076211,-0.0013767105256827742,-0.9407191668765412,0.30933285427174156,-0.0020342686142906727,-0.22074894086811847,8.206943268205881,-0.0014204724762800953
ymlfiles\Case_291_H1_T358_dir0_DOFbest.yml,1,3.58,2.539,0,DOFbest,DOFbest,DOFbest,3.3,2.4,233,304.5,248,640,0.02845913584725185,0.7133848010402991,2.7607742676003847e-05,-0.8315717577934265,3.145699544423202,-0.001911654847659357,-0.939830511983898,0.3058917203663335,-0.002047850918218374,-0.8271184460660311,3.1625281826041594,-0.0019377342224388403
ymlfiles\Case_292_H1_T358_dir45_DOFbest.yml,1,3.58,2.539,45,DOFbest,DOFbest,DOFbest,3.3,2.4,233,304.5,248,640,0.023996429421824325,0.30344225359231225,0.4230387401952843,-0.8520256280899048,1.6684425385141606,1.773897991256513,-0.9395617524573097,0.3076258004777872,-0.0016836125696030912,-0.8447738367742987,1.5215786145386108,1.6857173611020522
ymlfiles\Case_293_H1_T358_dir90_DOFbest.yml,1,3.58,2.539,90,DOFbest,DOFbest,DOFbest,3.3,2.4,233,304.5,248,640,0.017853242391438335,0.21172928455967674,0.3066520718602923,-0.8767175078392029,1.1435597897150174,1.3273402233210794,-0.9395616119978605,0.3042300200753129,-0.002474425062745732,-0.8693909178183021,1.142571882957496,1.2364646774772365
ymlfiles\Case_294_H1_T358_dir135_DOFbest.yml,1,3.58,2.539,135,DOFbest,DOFbest,DOFbest,3.3,2.4,233,304.5,248,640,0.024205065569450263,0.2612547944146619,0.1604731250217067,-0.8447081446647644,1.3952275011942459,0.6913727719647296,-0.939032380471627,0.3052551016492169,-0.0010124371118764078,-0.843109204038202,1.354187577365266,0.647365023822233
ymlfiles\Case_295_H1_T358_dir180_DOFbest.yml,1,3.58,2.539,180,DOFbest,DOFbest,DOFbest,3.3,2.4,233,304.5,248,640,0.03243801826443373,0.7228147739153058,2.5541853887414886e-05,-0.8197875022888184,3.3516342302107294,-0.0018927425941262272,-0.939973924725144,0.3058271897518896,-0.0020466535241425656,-0.8114242938799132,3.198612756467345,-0.0019453953110913575
ymlfiles\Case_296_H1_T408_dir0_DOFbest.yml,1,4.08,2.8936,0,DOFbest,DOFbest,DOFbest,3.3,2.4,233,304.5,248,640,0.05140062842219232,0.8208721810251992,4.864955958930925e-05,-0.7544355988502502,4.010877472154601,-0.0018150081294735063,-0.9394867004045734,0.30635565032692114,-0.002048665719410221,-0.7377104642994763,3.577190702841785,-0.0018566677555554366
ymlfiles\Case_297_H1_T408_dir45_DOFbest.yml,1,4.08,2.8936,45,DOFbest,DOFbest,DOFbest,3.3,2.4,233,304.5,248,640,0.053541784099410954,0.3554991832154755,0.5294119500393335,-0.7554089426994324,2.050402725157141,2.5165180994506713,-0.9393003497946042,0.3096651451159359,-0.00047055284334243886,-0.7300393615964907,1.7244762964191485,2.1004761769347757
ymlfiles\Case_298_H1_T408_dir90_DOFbest.yml,1,4.08,2.8936,90,DOFbest,DOFbest,DOFbest,3.3,2.4,233,304.5,248,640,0.04660165829207326,0.3204458953441105,0.3334834653059265,-0.7908027172088623,1.7319748237395036,1.2807704994560514,-0.939396910863894,0.30319203270698003,-0.0035214373853436997,-0.7578741622703522,1.5658031453175192,1.3336479639670578
ymlfiles\Case_299_H1_T408_dir135_DOFbest.yml,1,4.08,2.8936,135,DOFbest,DOFbest,DOFbest,3.3,2.4,233,304.5,248,640,0.04981772759027984,0.2838714078847921,0.17692323248252392,-0.7546547055244446,1.4996132822795507,0.7291063654778766,-0.9388292090981095,0.30585086675489,-0.0014756366260434948,-0.7437658719991379,1.4404033739215611,0.7077195862668763
ymlfiles\Case_300_H1_T408_dir180_DOFbest.yml,1,4.08,2.8936,180,DOFbest,DOFbest,DOFbest,3.3,2.4,233,304.5,248,640,0.06158668969271624,0.8542518287022315,4.679278549419355e-05,-0.7162805795669556,4.140635698459211,-0.0018589945644036548,-0.9396879339576871,0.3056389949538779,-0.0020478477702349086,-0.6981430853530205,3.706154953315324,-0.0018640129589829546
ymlfiles\Case_301_H1_T458_dir0_DOFbest.yml,1,4.58,3.2482,0,DOFbest,DOFbest,DOFbest,3.3,2.4,233,304.5,248,640,0.0876282962636418,0.8992866324946375,7.842006614270615e-05,-0.6230893731117249,3.5113964103221473,-0.0017170861702798996,-0.9387238045257551,0.3075610216814747,-0.0020498549337311825,-0.5975614844393513,3.8714349938624406,-0.0017424358077823428
ymlfiles\Case_302_H1_T458_dir45_DOFbest.yml,1,4.58,3.2482,45,DOFbest,DOFbest,DOFbest,3.3,2.4,233,304.5,248,640,0.09560496357097911,0.39802491806311807,0.6245773071581465,-0.6087363362312317,1.6952692804181493,2.4511828577278565,-0.9386570632877174,0.3120001425761328,-0.001155064532224914,-0.5671296528058104,1.8873206409425074,2.463636987337802
ymlfiles\Case_303_H1_T458_dir90_DOFbest.yml,1,4.58,3.2482,90,DOFbest,DOFbest,DOFbest,3.3,2.4,233,304.5,248,640,0.08847568884934287,0.41918582351486744,0.37290683224389853,-0.6590172052383423,1.8513558582607483,1.4295313792486946,-0.9389223182852622,0.3027399146711657,-0.005133626949095166,-0.5957297660846638,1.9475036358366076,1.476740237465435
ymlfiles\Case_304_H1_T458_dir135_DOFbest.yml,1,4.58,3.2482,135,DOFbest,DOFbest,DOFbest,3.3,2.4,233,304.5,248,640,0.09067865681403615,0.29321102092959556,0.20304101777537206,-0.6057343482971191,1.503052922856887,0.8248529711193203,-0.9383801008645031,0.30666928048818654,-0.0019492884807070095,-0.585953543140741,1.473793932431982,0.80406014917223
ymlfiles\Case_305_H1_T458_dir180_DOFbest.yml,1,4.58,3.2482,180,DOFbest,DOFbest,DOFbest,3.3,2.4,233,304.5,248,640,0.10381808782854701,0.9692954380807456,8.632443436587618e-05,-0.5698933005332947,4.0255598175491905,-0.0017049179156329141,-0.9391093598267546,0.3053718911395097,-0.002049116105988751,-0.5347741050009032,4.141105939022082,-0.0017124631097862428
ymlfiles\Case_306_H2_T358_dir0_DOFbest.yml,2,3.58,2.539,0,DOFbest,DOFbest,DOFbest,3.3,2.4,233,304.5,248,640,0.05325964885756826,1.4198942519821833,7.436940418374705e-05,-0.7215064764022827,5.827835857424931,-0.0015598932268562574,-0.9426849941418127,0.3029958346938884,-0.00203674083279842,-0.7315673906666585,5.987683306540034,-0.0017419103383177039
ymlfiles\Case_307_H2_T358_dir45_DOFbest.yml,2,3.58,2.539,45,DOFbest,DOFbest,DOFbest,3.3,2.4,233,304.5,248,640,0.045876902189996675,0.6096896085504745,0.8431330814078039,-0.7706820964813232,3.0146958758121225,3.6798143611026752,-0.9420735575363592,0.30906365359066734,0.004340404077666155,-0.7606301798918759,2.7472714706107926,3.367397843794792
ymlfiles\Case_308_H2_T358_dir90_DOFbest.yml,2,3.58,2.539,90,DOFbest,DOFbest,DOFbest,3.3,2.4,233,304.5,248,640,0.03268551578452479,0.4251112591736879,0.6155151416757932,-0.8201967477798462,2.049449059994278,2.804802028183515,-0.9421534383826785,0.3010609390777777,-0.0024500669761530866,-0.8134255240766153,1.9844989547132772,2.483881842042781
ymlfiles\Case_309_H2_T358_dir135_DOFbest.yml,2,3.58,2.539,135,DOFbest,DOFbest,DOFbest,3.3,2.4,233,304.5,248,640,0.04802083154812996,0.5143596275346524,0.32673286864307766,-0.7588256001472473,2.5206653049373386,1.3918966100351011,-0.9397486738772304,0.30656439996374907,0.0010042133286968795,-0.7494165107108772,2.3718276511716874,1.3205598862723615
ymlfiles\Case_310_H2_T358_dir180_DOFbest.yml,2,3.58,2.539,180,DOFbest,DOFbest,DOFbest,3.3,2.4,233,304.5,248,640,0.06440757108745754,1.4485963359372553,6.708069597770014e-05,-0.6915040612220764,6.4290828959091675,-0.0015373666093031074,-0.9432342917499719,0.3132426876650089,-0.0020327393792506187,-0.6879536444772769,6.109598089941774,-0.0017688823545646513
ymlfiles\Case_311_H2_T408_dir0_DOFbest.yml,2,4.08,2.8936,0,DOFbest,DOFbest,DOFbest,3.3,2.4,233,304.5,248,640,0.09138593148042809,1.6245295613116233,9.277299862738411e-05,-0.6293589472770691,7.4217749059160045,-0.0015511536154483327,-0.9419635885004644,0.3034896044817067,-0.002035595777924072,-0.5830239257829133,6.775841434776896,-0.0016699562364198843
ymlfiles\Case_312_H2_T408_dir45_DOFbest.yml,2,4.08,2.8936,45,DOFbest,DOFbest,DOFbest,3.3,2.4,233,304.5,248,640,0.0949909048136443,0.7175129423607818,1.0643723122713094,-0.6299310326576233,3.9498732106958094,4.886798433676785,-0.9413661383771235,0.31604120673593356,0.005525164904199174,-0.5696657222273693,3.1708046423718375,4.227593474585192
ymlfiles\Case_313_H2_T408_dir90_DOFbest.yml,2,4.08,2.8936,90,DOFbest,DOFbest,DOFbest,3.3,2.4,233,304.5,248,640,0.0806364029959203,0.6348200066631626,0.6733930501449292,-0.6814944744110107,3.2655738466685684,2.51774155708575,-0.9414854274149295,0.2984560981944394,-0.006033239100244748,-0.6272023284445307,2.8009115287677604,2.6929279463230134
ymlfiles\Case_314_H2_T408_dir135_DOFbest.yml,2,4.08,2.8936,135,DOFbest,DOFbest,DOFbest,3.3,2.4,233,304.5,248,640,0.09251446962175958,0.5649312949868911,0.36587603712221717,-0.608946681022644,2.8535610411209436,1.5630784395519572,-0.9390932713432445,0.3088281370566373,0.0009384044349326904,-0.5764760832065154,2.565778682711059,1.4661158495607782
ymlfiles\Case_315_H2_T408_dir180_DOFbest.yml,2,4.08,2.8936,180,DOFbest,DOFbest,DOFbest,3.3,2.4,233,304.5,248,640,0.11422648014104728,1.7218808632841414,9.585896740155481e-05,-0.552075982093811,8.20887309926358,-0.0015252968429490552,-0.9424506363267148,0.31142409618560046,-0.0020335948803049154,-0.49398898934487956,7.164293110924714,-0.0016575042419537623
ymlfiles\Case_316_H2_T458_dir0_DOFbest.yml,2,4.58,3.2482,0,DOFbest,DOFbest,DOFbest,3.3,2.4,233,304.5,248,640,0.14673010701641093,1.7660147526799117,0.00012469008979521586,-0.4542709290981293,6.423311386060506,-0.0014826830951154373,-0.9404023000448942,0.305300197971806,-0.0020344876796139747,-0.36871780417741296,7.304365097574227,-0.001545484773643611
ymlfiles\Case_317_H2_T458_dir45_DOFbest.yml,2,4.58,3.2482,45,DOFbest,DOFbest,DOFbest,3.3,2.4,233,304.5,248,640,0.16007943038283004,0.8159748365482142,1.2895719128613443,-0.42665737867355347,3.2427100018653623,5.058733504993047,-0.9399571928787562,0.3213177221415939,0.004047055530978517,-0.3171273065362069,3.547518339607156,5.088204706292558
ymlfiles\Case_318_H2_T458_dir90_DOFbest.yml,2,4.58,3.2482,90,DOFbest,DOFbest,DOFbest,3.3,2.4,233,304.5,248,640,0.14372339926830272,0.843123545893114,0.7633752564915192,-0.4928264021873474,3.2911526916668548,3.039906530925463,-0.9401011313097897,0.29666919026598865,-0.007513324976938033,-0.3824464396710422,3.6033746097904915,3.024369518932503
ymlfiles\Case_319_H2_T458_dir135_DOFbest.yml,2,4.58,3.2482,135,DOFbest,DOFbest,DOFbest,3.3,2.4,233,304.5,248,640,0.1554047583045483,0.601487464775893,0.4306677498065016,-0.4007616639137268,2.6591164410646706,1.8831437721013993,-0.937899386205883,0.3103550197472022,0.0023368958279073736,-0.3329994088158543,2.701859818128124,1.7097927771451729
ymlfiles\Case_320_H2_T458_dir180_DOFbest.yml,2,4.58,3.2482,180,DOFbest,DOFbest,DOFbest,3.3,2.4,233,304.5,248,640,0.17915486554480983,1.9881923323335267,0.00014975027565462525,-0.35523396730422974,7.711200756900709,-0.0013469215168952797,-0.9408592831048148,0.3092383348333129,-0.00203406890465757,-0.24211856538018628,8.16790773513881,-0.0014504121571363763
ymlfiles\Case_321_H2_T659_dir0_low.yml,2,6.59,4.6738,0,low,low,low,1,1,100,300,150,200,0.33854343821432364,2.0295810415819004,0.0002751797391656691,0.05644728243350983,7.504386897700955,-0.0011348236951208034,-0.9314861655468935,0.29622094582621644,-0.002036959876241216,0.36932594257028073,8.209796654223082,-0.0009779798180316992
ymlfiles\Case_322_H2_T659_dir45_low.yml,2,6.59,4.6738,45,low,low,low,1,1,100,300,150,200,0.37285573586143445,1.405114977012349,2.293684788075818,0.27728042006492615,5.921065805161489,9.014991661902348,-0.933005795185801,0.31160487453694696,0.015023723479083019,0.5001184682744816,5.744883216859197,8.879772764974215
ymlfiles\Case_323_H2_T659_dir90_low.yml,2,6.59,4.6738,90,low,low,low,1,1,100,300,150,200,0.3515599645817606,1.4852253661982904,1.5637267912164352,0.17101852595806122,5.587863137352056,6.385431583810439,-0.9339618072068816,0.2858095285269274,0.0051662159362645295,0.4162880258819659,6.026659290566961,6.03679528913648
ymlfiles\Case_324_H2_T659_dir135_low.yml,2,6.59,4.6738,135,low,low,low,1,1,100,300,150,200,0.36611825348536287,0.8989278393381689,1.0291959161743203,0.2655477523803711,4.585028723314574,4.378578571688123,-0.9328111983502678,0.3182940897257952,0.01976497907258573,0.4741210170113186,3.80939661936096,3.9745219848663935
ymlfiles\Case_325_H2_T659_dir180_low.yml,2,6.59,4.6738,180,low,low,low,1,1,100,300,150,200,0.394509374286144,3.07355140395161,0.00039411676450646645,0.36743584275245667,13.475379251261122,-0.000704066073641905,-0.9339815460246876,0.33992909212802497,-0.0020391405920688974,0.5833179143859402,12.258546563309965,-0.0005232597643617435
ymlfiles\Case_326_H2_T709_dir0_low.yml,2,7.09,5.0284,0,low,low,low,1,1,100,300,150,200,0.36951997835048705,2.0117102673106824,0.000291494813287693,0.17458213865756989,7.121604740480046,-0.001069568166174574,-0.9303867700453875,0.2948037490138265,-0.0020376814877996734,0.48731851472668464,8.11588912832934,-0.0009177031867257388
ymlfiles\Case_327_H2_T709_dir45_low.yml,2,7.09,5.0284,45,low,low,low,1,1,100,300,150,200,0.40617632928964326,1.45874189140455,2.373838171333504,0.3892447352409363,5.760418902109143,8.732287570834583,-0.9330309368768425,0.3085831023817308,0.01571303275989416,0.625648929021137,5.933149956610981,9.164680651272567
ymlfiles\Case_328_H2_T709_dir90_low.yml,2,7.09,5.0284,90,low,low,low,1,1,100,300,150,200,0.3854842199599127,1.5135484080063488,1.6647736678302845,0.29227161407470703,5.60458642864801,6.052695503298683,-0.9333245472633339,0.28738216279461254,0.00821750814720841,0.5449241302966693,6.124197473210007,6.406511990410119
ymlfiles\Case_329_H2_T709_dir135_low.yml,2,7.09,5.0284,135,low,low,low,1,1,100,300,150,200,0.3979982641785996,0.9192685299782783,1.1129701325272054,0.34357550740242004,4.067094624778861,4.260931978329237,-0.9324203712627013,0.31989653669796037,0.022355143392750937,0.5950728735233268,3.8744733960034243,4.287937005450669
ymlfiles\Case_330_H2_T709_dir180_low.yml,2,7.09,5.0284,180,low,low,low,1,1,100,300,150,200,0.4271416433902633,3.120231968561058,0.0004156802538545354,0.43731170892715454,12.408718853863986,-0.0008091991997354892,-0.9334173451697525,0.3432996324175489,-0.002041071126448234,0.7068397442492862,12.402848877108154,-0.0004452073708488759
ymlfiles\Case_331_H2_T759_dir0_low.yml,2,7.59,5.383,0,low,low,low,1,1,100,300,150,200,0.3926095507276905,1.9631881647342597,0.0003036310100942852,0.21664109826087952,7.733323739622381,-0.0009655943358761656,-0.9296384203837524,0.2924615528461956,-0.002038626851677111,0.572663401781722,7.912034948506426,-0.0008748725184744592
ymlfiles\Case_332_H2_T759_dir45_low.yml,2,7.59,5.383,45,low,low,low,1,1,100,300,150,200,0.4297875936153399,1.4669047409926024,2.378239628956725,0.37942349910736084,6.081445050175736,9.160759851621467,-0.9317840330933164,0.3043254816982848,0.016362506233022822,0.7127778066166642,5.952424273466494,9.172629748087372
ymlfiles\Case_333_H2_T759_dir90_low.yml,2,7.59,5.383,90,low,low,low,1,1,100,300,150,200,0.4104680746564088,1.4938570710203622,1.7093741588486557,0.2653837203979492,5.385645141690074,6.788665888727305,-0.9326430160396582,0.2909715103846109,0.01114632591548921,0.636923012446132,6.048436603566385,6.568502374776864
ymlfiles\Case_334_H2_T759_dir135_low.yml,2,7.59,5.383,135,low,low,low,1,1,100,300,150,200,0.4210290577886284,0.9133324537305718,1.158286342255958,0.3561016023159027,4.121911161736445,4.383189376264704,-0.9321166715562954,0.32224910177892113,0.024947225261313866,0.6788571812273572,3.849906895774864,4.455260926388705
ymlfiles\Case_335_H2_T759_dir180_low.yml,2,7.59,5.383,180,low,low,low,1,1,100,300,150,200,0.4494027041592859,3.077411573530449,0.00042336585968895195,0.4453032314777374,13.39547799080302,-0.0007359827422180013,-0.9329548355230687,0.3460578799611331,-0.002042859587747368,0.7873606255049138,12.233208257566483,-0.00041792834646661465
ymlfiles\Case_336_H4_T659_dir0_low.yml,4,6.59,4.6738,0,low,low,low,1,1,100,300,150,200,0.521279191172573,3.6035440563592247,0.00034846844473877234,0.5885300636291504,12.947767628445147,-0.00021367493721660306,-0.8915298776498551,0.11051328022487591,-0.0020107347876416088,1.1107420897224127,14.167610212691741,-0.0006698884529739596
ymlfiles\Case_337_H4_T659_dir45_low.yml,4,6.59,4.6738,45,low,low,low,1,1,100,300,150,200,0.5808017626948776,2.850710120944917,4.5155719311135405,0.9873098731040955,10.450587288638662,17.468977198589236,-0.8897344803099152,0.11442181622705516,0.12520422497577408,1.3412528790480112,11.131596515963368,17.58978774927791
ymlfiles\Case_338_H4_T659_dir90_low.yml,4,6.59,4.6738,90,low,low,low,1,1,100,300,150,200,0.5480846323847449,2.6593039682640986,3.47550675271081,0.7865325808525085,8.801957207916004,14.676527780963102,-0.9089672665799502,0.13969258509612012,0.04736103284662675,1.1943713371201699,10.426105564189696,13.446608441547474
ymlfiles\Case_339_H4_T659_dir135_low.yml,4,6.59,4.6738,135,low,low,low,1,1,100,300,150,200,0.5782501053271054,2.0632786190685226,2.2009005316501495,0.8945306539535522,9.51033149466366,9.528706411078286,-0.91285880281971,0.3654817614771854,0.08830720297688885,1.3083242904688317,8.359190250721028,8.555642763635507
ymlfiles\Case_340_H4_T659_dir180_low.yml,4,6.59,4.6738,180,low,low,low,1,1,100,300,150,200,0.610176022704066,6.145850119985858,0.0005456264948019243,0.9239673614501953,24.396778309577932,5.72503522946866e-05,-0.9260975865315235,0.5929614253469112,-0.0020307223551659257,1.419888002952222,24.435604157692737,6.867546240159252e-05
ymlfiles\Case_341_H4_T709_dir0_low.yml,4,7.09,5.0284,0,low,low,low,1,1,100,300,150,200,0.579788499531761,3.5912149669206204,0.00037585863560054975,0.7935018539428711,13.101660328181996,-0.00024586377740856675,-0.8889184533923532,0.10688984249469818,-0.0020181039645915185,1.3326883860128618,14.076428350123525,-0.0005742326836401695
ymlfiles\Case_342_H4_T709_dir45_low.yml,4,7.09,5.0284,45,low,low,low,1,1,100,300,150,200,0.6456794054359751,2.942609142592645,4.663639816358423,1.1471445560455322,10.411906219821587,18.75506254571491,-0.8859904155311376,0.09368646206089404,0.14377901125567702,1.5885322292590525,11.4314921681839,18.12281644363622
ymlfiles\Case_343_H4_T709_dir90_low.yml,4,7.09,5.0284,90,low,low,low,1,1,100,300,150,200,0.6121716359973833,2.6696125469034464,3.647273566540819,0.9440076947212219,8.827893143741836,14.398101949636702,-0.9064149881028835,0.14361899865441835,0.062446328216986736,1.4379230629882995,10.44433382268298,14.086001898137598
ymlfiles\Case_344_H4_T709_dir135_low.yml,4,7.09,5.0284,135,low,low,low,1,1,100,300,150,200,0.6384974146737814,2.1002018531353746,2.3472286912665927,1.0729129314422607,9.170108673047922,9.262413557038768,-0.9095494786396614,0.36773069898605143,0.10304596695311438,1.5384170909963788,8.475189810571832,9.108479168436835
ymlfiles\Case_345_H4_T709_dir180_low.yml,4,7.09,5.0284,180,low,low,low,1,1,100,300,150,200,0.6712560123738281,6.233412097557747,0.0005885867222472849,1.145470380783081,23.304952080183885,1.6866193444769074e-05,-0.9189517942834321,0.5996126518586954,-0.002028500102295141,1.6555046065751964,24.69875782964801,0.00023174702704273006
ymlfiles\Case_346_H4_T759_dir0_low.yml,4,7.59,5.383,0,low,low,low,1,1,100,300,150,200,0.6290684999083391,3.536079891390505,0.00039558037556788926,0.9049860835075378,14.152183549891332,-1.798779035430536e-06,-0.8887744190735055,0.10083925883435763,-0.0020161554524095794,1.5143526955009539,13.827125717995493,-0.0004994474195330325
ymlfiles\Case_347_H4_T759_dir45_low.yml,4,7.59,5.383,45,low,low,low,1,1,100,300,150,200,0.6981758332066619,2.9641948297665603,4.681342540221714,1.1503759622573853,11.269904338074834,17.62399004934997,-0.8840262498044432,0.0834452466948984,0.1508995516655052,1.7843365542733185,11.484425959233441,18.177081784471035
ymlfiles\Case_348_H4_T759_dir90_low.yml,4,7.59,5.383,90,low,low,low,1,1,100,300,150,200,0.6648450899431494,2.6196163375396933,3.69909688681412,0.999293327331543,8.488186001408435,15.821207721702,-0.9056207815252839,0.15490368147771658,0.07671265653121874,1.6333497269332535,10.257594883853027,14.26500945794853
ymlfiles\Case_349_H4_T759_dir135_low.yml,4,7.59,5.383,135,low,low,low,1,1,100,300,150,200,0.6864517726142262,2.0853282790553966,2.417786544133608,1.0579190254211426,9.217166968882019,9.354984818407242,-0.9083431534349332,0.3715989968175162,0.11098308121492596,1.7156961521919554,8.410815088677618,9.361674103858103
ymlfiles\Case_350_H4_T759_dir180_low.yml,4,7.59,5.383,180,low,low,low,1,1,100,300,150,200,0.7222132063081492,6.1811360564782305,0.0006093485464648157,1.1507768630981445,24.737063456669844,0.00028329073569874884,-0.917131516333892,0.5899126225918482,-0.0020308422878178066,1.8446185811402565,24.461268857007433,0.0003054823979516236
ymlfiles\Case_351_H2_T659_dir0_linhigh.yml,2,6.59,4.6738,0,linhigh,linhigh,linhigh,6.5,1,300,300,325,200,0.3214461991266689,1.9502373033796945,0.0002457433282675556,0.020093733444809914,7.233750043349308,-0.001203140803001638,-0.9327050226739634,0.2974306479915908,-0.002036503491718898,0.30220360097333454,7.90883743769418,-0.001089613688120351
ymlfiles\Case_352_H2_T659_dir45_linhigh.yml,2,6.59,4.6738,45,linhigh,linhigh,linhigh,6.5,1,300,300,325,200,0.3551454334858855,1.3057380844229893,2.133854483177082,0.23437455296516418,5.579469261748934,8.514404536311176,-0.9341742669189175,0.3154295364829698,0.012436151335524713,0.43018820460227425,5.370318073373503,8.269761987604012
ymlfiles\Case_353_H2_T659_dir90_linhigh.yml,2,6.59,4.6738,90,linhigh,linhigh,linhigh,6.5,1,300,300,325,200,0.33518897845251927,1.3910498138662817,1.4469415796821732,0.13343092799186707,5.324925186855484,6.024639647509209,-0.9347092994444236,0.2891472289894204,0.0026683785939606037,0.3522801885849144,5.670865027473452,5.587112435674409
ymlfiles\Case_354_H2_T659_dir135_linhigh.yml,2,6.59,4.6738,135,linhigh,linhigh,linhigh,6.5,1,300,300,325,200,0.34709533703291906,0.8432010826562124,0.9437379924680869,0.220057874917984,4.382308281861772,4.104854898718453,-0.9335084051179802,0.3163338971870722,0.01797319681562805,0.40004156237978405,3.5946690243900656,3.6472309815245523
ymlfiles\Case_355_H2_T659_dir180_linhigh.yml,2,6.59,4.6738,180,linhigh,linhigh,linhigh,6.5,1,300,300,325,200,0.3749881516929486,2.884810109029509,0.00035259058708811213,0.31957632303237915,12.83360187024203,-0.0007788106108958848,-0.9346973453789235,0.3330906174005136,-0.002040082618138878,0.506923993018714,11.527835547157727,-0.000683031913572259
ymlfiles\Case_356_H2_T709_dir0_linhigh.yml,2,7.09,5.0284,0,linhigh,linhigh,linhigh,6.5,1,300,300,325,200,0.3529814953526066,1.9246766529271173,0.0002625190414016016,0.13620606064796448,6.922477405417494,-0.001121539969363487,-0.9316031439050528,0.29636001976286475,-0.002037598463404896,0.42188566599293653,7.783966462648792,-0.0010291205492005855
ymlfiles\Case_357_H2_T709_dir45_linhigh.yml,2,7.09,5.0284,45,linhigh,linhigh,linhigh,6.5,1,300,300,325,200,0.3889794980743609,1.3528679376899195,2.2017364391634118,0.3494546115398407,5.4734771055482065,8.154565411399162,-0.9341340707445834,0.31233178386317784,0.012924319580528839,0.5575182430289197,5.533210145877677,8.504005646287322
ymlfiles\Case_358_H2_T709_dir90_linhigh.yml,2,7.09,5.0284,90,linhigh,linhigh,linhigh,6.5,1,300,300,325,200,0.3694957193048666,1.4120413663880815,1.5379816247014868,0.251348614692688,5.30371958391671,5.684065924924863,-0.9340498772190635,0.29055887302761424,0.0057761222282167995,0.4823278564281017,5.738721479786414,5.9214517903385255
ymlfiles\Case_359_H2_T709_dir135_linhigh.yml,2,7.09,5.0284,135,linhigh,linhigh,linhigh,6.5,1,300,300,325,200,0.3795668742352515,0.863022686986508,1.0200381717559321,0.3056473135948181,3.7803321206836373,4.01139357832376,-0.9331115763884908,0.31780993379247136,0.02032856366352446,0.5223818886588641,3.6577884961396574,3.9314490150926407
ymlfiles\Case_360_H2_T709_dir180_linhigh.yml,2,7.09,5.0284,180,linhigh,linhigh,linhigh,6.5,1,300,300,325,200,0.4079581138964462,2.9211240277072257,0.00037257817609207396,0.39739707112312317,11.709698511184662,-0.000678766463485506,-0.9341252454140838,0.33642765078362025,-0.002042311694294918,0.6316605955464423,11.636719546561292,-0.0006111565118295755
ymlfiles\Case_361_H2_T759_dir0_linhigh.yml,2,7.59,5.383,0,linhigh,linhigh,linhigh,6.5,1,300,300,325,200,0.3770270892873702,1.87237940271065,0.00027195401544876556,0.1790129691362381,7.352909523609351,-0.0010201140155701948,-0.930789700015385,0.29407873754905905,-0.002039000139560611,0.5108354469357016,7.569142795879992,-0.0009959533700229625
ymlfiles\Case_362_H2_T759_dir45_linhigh.yml,2,7.59,5.383,45,linhigh,linhigh,linhigh,6.5,1,300,300,325,200,0.41350114841894503,1.3609069488943386,2.20476949212831,0.3301202356815338,5.6886485549711185,8.460857560765568,-0.9330366924120287,0.30828837251017244,0.013395011131928397,0.6480540261081188,5.550599331484576,8.510044775719807
ymlfiles\Case_363_H2_T759_dir90_linhigh.yml,2,7.59,5.383,90,linhigh,linhigh,linhigh,6.5,1,300,300,325,200,0.39524393425374127,1.3916494992597022,1.5807820912223365,0.22675253450870514,5.065498380479121,6.266064209667534,-0.933319038053909,0.29412913229173404,0.00846765018278616,0.5776148838068734,5.661525740778595,6.0764518014139774
ymlfiles\Case_364_H2_T759_dir135_linhigh.yml,2,7.59,5.383,135,linhigh,linhigh,linhigh,6.5,1,300,300,325,200,0.40378356505927754,0.8595884004600252,1.0627809056187838,0.3098001182079315,3.8287615769936125,4.033295433671053,-0.9328081634435147,0.32003896151593814,0.022701134982988876,0.6111953846418644,3.6431716105868572,4.089561993115692
ymlfiles\Case_365_H2_T759_dir180_linhigh.yml,2,7.59,5.383,180,linhigh,linhigh,linhigh,6.5,1,300,300,325,200,0.4313083785016255,2.879706707714838,0.00038040979898323207,0.3974037170410156,12.475956089827237,-0.0008699610570135752,-0.933629332025398,0.33914296141681344,-0.002044658021370209,0.7166003291138027,11.46775502220251,-0.0005859925120259579
ymlfiles\Case_366_H4_T659_dir0_linhigh.yml,4,6.59,4.6738,0,linhigh,linhigh,linhigh,6.5,1,300,300,325,200,0.5008070141165574,3.4787815454907256,0.00032085965793874125,0.5537241697311401,12.484906198960893,-0.0003201273895538273,-0.893953408191789,0.12140365291699515,-0.002016387980240231,1.0294371855947073,13.700622742775629,-0.0007814006550648975
ymlfiles\Case_367_H4_T659_dir45_linhigh.yml,4,6.59,4.6738,45,linhigh,linhigh,linhigh,6.5,1,300,300,325,200,0.5606542471479854,2.6933226081731907,4.264853811992249,0.9312241077423096,10.10622281106496,16.646359460236656,-0.8929670121930672,0.14227167310788763,0.10719387637116864,1.2602636970341616,10.5595115252449,16.614466454082766
ymlfiles\Case_368_H4_T659_dir90_linhigh.yml,4,6.59,4.6738,90,linhigh,linhigh,linhigh,6.5,1,300,300,325,200,0.5289828819045458,2.546806461602955,3.226751393516403,0.7405275702476501,8.587580621757754,13.659649217331603,-0.9115835691074751,0.158468344798136,0.03675804524932785,1.1176607690556062,10.018214066266577,12.48387317426721
ymlfiles\Case_369_H4_T659_dir135_linhigh.yml,4,6.59,4.6738,135,linhigh,linhigh,linhigh,6.5,1,300,300,325,200,0.5561115904416235,1.9361266177080194,2.0381833469749195,0.8387155532836914,9.054268664724507,8.928198740571704,-0.9158157228965352,0.35817807955089187,0.08080859761515276,1.2201473676927055,7.86744383003714,7.925675875775595
ymlfiles\Case_370_H4_T659_dir180_linhigh.yml,4,6.59,4.6738,180,linhigh,linhigh,linhigh,6.5,1,300,300,325,200,0.5891131673946004,5.8480454757640565,0.0004917833485019083,0.8679864406585693,23.54915695622123,-0.00021868859059428745,-0.928887971421682,0.5611060417758928,-0.002034073182887838,1.3357372162489198,23.262186957299626,-0.00014161419239516987
ymlfiles\Case_371_H4_T709_dir0_linhigh.yml,4,7.09,5.0284,0,linhigh,linhigh,linhigh,6.5,1,300,300,325,200,0.5591603177384206,3.454157146680556,0.0003458960352514698,0.7517115473747253,12.40364999972619,-0.0005644449528735526,-0.891113211648663,0.11800816208211784,-0.002018139811338659,1.2505971262122593,13.568100539188569,-0.0006894236397884785
ymlfiles\Case_372_H4_T709_dir45_linhigh.yml,4,7.09,5.0284,45,linhigh,linhigh,linhigh,6.5,1,300,300,325,200,0.6255088649262369,2.7755821337108775,4.39221281949861,1.0852398872375488,9.95301996043428,17.8214593559915,-0.8893265205613649,0.12352945751269873,0.12365373835190378,1.507469506871042,10.824212021853386,17.066381440862955
ymlfiles\Case_373_H4_T709_dir90_linhigh.yml,4,7.09,5.0284,90,linhigh,linhigh,linhigh,6.5,1,300,300,325,200,0.592979670509834,2.5497694608086436,3.385203480855653,0.8843844532966614,8.557266534673944,13.621046695689984,-0.9089354669503666,0.16186279971339682,0.04902561671594137,1.3612972097882998,10.007858486455495,13.070342324318917
ymlfiles\Case_374_H4_T709_dir135_linhigh.yml,4,7.09,5.0284,135,linhigh,linhigh,linhigh,6.5,1,300,300,325,200,0.6165003497263585,1.9704301386280614,2.1726268429874636,1.0182044506072998,8.696453837127756,8.769646144273613,-0.9127201770278737,0.360671536882439,0.0927081308138784,1.4499757105525408,7.972521381450593,8.429330221875805
ymlfiles\Case_375_H4_T709_dir180_linhigh.yml,4,7.09,5.0284,180,linhigh,linhigh,linhigh,6.5,1,300,300,325,200,0.6506812816558608,5.912132008876465,0.0005339912499616644,1.084815502166748,22.48021015299943,-0.00012555812593453096,-0.9223359890380727,0.5672660386197588,-0.002034933101785076,1.5728845374516536,23.437290825138863,1.710600350258301e-05
ymlfiles\Case_376_H4_T759_dir0_linhigh.yml,4,7.59,5.383,0,linhigh,linhigh,linhigh,6.5,1,300,300,325,200,0.6088446079655122,3.3933077073651354,0.00037517254028117197,0.8606847524642944,13.506622244072052,0.0012678070697169216,-0.8907248727785213,0.11285164249562045,-0.0020199803105748876,1.4341685696447317,13.294224211944703,-0.0005814038353821268
ymlfiles\Case_377_H4_T759_dir45_linhigh.yml,4,7.59,5.383,45,linhigh,linhigh,linhigh,6.5,1,300,300,325,200,0.6783951492639846,2.7949097626217334,4.406671484799452,1.096948504447937,10.90460362314775,16.750156137506046,-0.8873387588060949,0.11257474792179593,0.1303017653341724,1.7047037436328778,10.865970866343465,17.10844352580807
ymlfiles\Case_378_H4_T759_dir90_linhigh.yml,4,7.59,5.383,90,linhigh,linhigh,linhigh,6.5,1,300,300,325,200,0.6459096650091813,2.4978206895154464,3.4393792765241535,0.957874596118927,8.12169854111306,14.813375743626185,-0.9080762960718269,0.17261016026437678,0.06260837283105827,1.5577702008297751,9.808264817134829,13.259870393635051
ymlfiles\Case_379_H4_T759_dir135_linhigh.yml,4,7.59,5.383,135,linhigh,linhigh,linhigh,6.5,1,300,300,325,200,0.6650258398411002,1.9588650916614807,2.2425518818461265,1.0034700632095337,8.710861267408252,8.676276604545892,-0.9113207643923676,0.36409368795216573,0.09975067954128972,1.6297573229157014,7.919079167033114,8.683075071326776
ymlfiles\Case_380_H4_T759_dir180_linhigh.yml,4,7.59,5.383,180,linhigh,linhigh,linhigh,6.5,1,300,300,325,200,0.701936621183055,5.8584566635081545,0.0005552869127674979,1.0910698175430298,23.86852806407456,-0.000148262791040527,-0.9207965584670558,0.5590530543766862,-0.0020341568388788215,1.7625552039115036,23.19470291300871,9.497999851777869e-05
ymlfiles\Case_381_H2_T659_dir0_quadhigh.yml,2,6.59,4.6738,0,quadhigh,quadhigh,quadhigh,1,4,100,1300,150,1300,0.33435844384901986,1.9960234348069659,0.0002733166822353589,0.04287809878587723,7.361486533659594,-0.0008647039186894729,-0.9319131674885187,0.29700888578637596,-0.002035785619502605,0.352817801195091,8.082037647978884,-0.000984064345622457
ymlfiles\Case_382_H2_T659_dir45_quadhigh.yml,2,6.59,4.6738,45,quadhigh,quadhigh,quadhigh,1,4,100,1300,150,1300,0.36807771138458545,1.378238800197459,2.239695734870844,0.25617820024490356,5.795498753686329,8.73182567929196,-0.9335044343729342,0.3130895518803891,0.014414948392707797,0.48107663524118616,5.644257070043914,8.672810761801422
ymlfiles\Case_383_H2_T659_dir90_quadhigh.yml,2,6.59,4.6738,90,quadhigh,quadhigh,quadhigh,1,4,100,1300,150,1300,0.3473564413068647,1.459162721952173,1.536890928235341,0.15411823987960815,5.467485322098813,6.26231486270002,-0.9342395395817075,0.2867048932727883,0.00437900892252779,0.3998656605223644,5.927885562271602,5.932964878042345
ymlfiles\Case_384_H2_T659_dir135_quadhigh.yml,2,6.59,4.6738,135,quadhigh,quadhigh,quadhigh,1,4,100,1300,150,1300,0.3608340801095051,0.8881072155209936,1.0166383694398122,0.2438882291316986,4.5194260369970705,4.308254090220025,-0.9330213765924308,0.3176966088247888,0.01925917254816669,0.4535462525446926,3.7672610743737636,3.9255957867697826
ymlfiles\Case_385_H2_T659_dir180_quadhigh.yml,2,6.59,4.6738,180,quadhigh,quadhigh,quadhigh,1,4,100,1300,150,1300,0.38910595947837545,2.9659232017222776,0.00039337549060561555,0.3426606357097626,12.904135526253459,-0.0007748168324521367,-0.9342270017211517,0.3370611253018172,-0.002039551858264215,0.5620419508674076,11.842460489579013,-0.000527215814243907
ymlfiles\Case_386_H2_T709_dir0_quadhigh.yml,2,7.09,5.0284,0,quadhigh,quadhigh,quadhigh,1,4,100,1300,150,1300,0.3653253350207394,1.9768557314355932,0.000290456105838573,0.15928874909877777,6.978756029744283,-0.0010458310284918817,-0.9307973618578582,0.2955397410894946,-0.0020382125198638266,0.47057192178133134,7.9840317579881255,-0.0009229825520765263
ymlfiles\Case_387_H2_T709_dir45_quadhigh.yml,2,7.09,5.0284,45,quadhigh,quadhigh,quadhigh,1,4,100,1300,150,1300,0.40133452336229464,1.4307158786509542,2.316676741479149,0.3695291578769684,5.641559523285758,8.484002510541803,-0.9335555147705834,0.30995474939717765,0.015133789038678323,0.6062783793714799,5.827773969591403,8.94558269715337
ymlfiles\Case_388_H2_T709_dir90_quadhigh.yml,2,7.09,5.0284,90,quadhigh,quadhigh,quadhigh,1,4,100,1300,150,1300,0.38119320174562465,1.4859415289739808,1.635927005558876,0.27382299304008484,5.46823322781293,5.941565337294813,-0.9336161379060726,0.28819477948713146,0.007486871753362527,0.5280498836565235,6.018774775499999,6.295441849034883
ymlfiles\Case_389_H2_T709_dir135_quadhigh.yml,2,7.09,5.0284,135,quadhigh,quadhigh,quadhigh,1,4,100,1300,150,1300,0.39273087129352996,0.9090221967623153,1.0991297316514266,0.32680004835128784,3.9743197383957543,4.20556176916206,-0.9326523586504135,0.3192687745294849,0.021790276034830972,0.5744303358098662,3.834492055272058,4.2339533462858485
ymlfiles\Case_390_H2_T709_dir180_quadhigh.yml,2,7.09,5.0284,180,quadhigh,quadhigh,quadhigh,1,4,100,1300,150,1300,0.4215713250704622,3.009976233051908,0.00041442741519052663,0.41848334670066833,11.781198638963648,-0.0006000564957408763,-0.9336801978005006,0.34051353905099496,-0.0020417202190689205,0.6851164380261935,11.978810122172723,-0.000451173261839575
ymlfiles\Case_391_H2_T759_dir0_quadhigh.yml,2,7.59,5.383,0,quadhigh,quadhigh,quadhigh,1,4,100,1300,150,1300,0.38854601982328535,1.9287789785027696,0.0002993278744272547,0.2011166512966156,7.513151737953374,-0.001013221711032364,-0.9300542339971137,0.29325935839481176,-0.00204068625602157,0.556429491448642,7.7827277345779855,-0.0008933248372720432
ymlfiles\Case_392_H2_T759_dir45_quadhigh.yml,2,7.59,5.383,45,quadhigh,quadhigh,quadhigh,1,4,100,1300,150,1300,0.42506979030559733,1.438984496903765,2.3210718017575886,0.3554859757423401,5.928421918897593,8.757403883960011,-0.9323840614455973,0.3058489423084766,0.015652696651283483,0.6939045365400266,5.847347088916824,8.953642264987005
ymlfiles\Case_393_H2_T759_dir90_quadhigh.yml,2,7.59,5.383,90,quadhigh,quadhigh,quadhigh,1,4,100,1300,150,1300,0.40623072379145153,1.4665963653663436,1.6801461818649241,0.24811160564422607,5.256428207877188,6.5897549852840775,-0.932921759319569,0.2918592278831587,0.010268264427616336,0.6202991704578492,5.946067537068579,6.456896679768943
ymlfiles\Case_394_H2_T759_dir135_quadhigh.yml,2,7.59,5.383,135,quadhigh,quadhigh,quadhigh,1,4,100,1300,150,1300,0.4159803755611599,0.9040755513728502,1.1435878893787437,0.33378514647483826,4.0333376954665425,4.288974173740371,-0.9323577454887196,0.32157123510717445,0.024278296626820062,0.6590822269187825,3.813744800240392,4.3983720849471
ymlfiles\Case_395_H2_T759_dir180_quadhigh.yml,2,7.59,5.383,180,quadhigh,quadhigh,quadhigh,1,4,100,1300,150,1300,0.4440164801484239,2.9701951019233666,0.00042317059330732585,0.42106544971466064,12.558375128768134,-0.0007254976993964292,-0.9332106114838931,0.3433269911454015,-0.002043834031569007,0.7661041377982626,11.818982380553724,-0.00042070600039592555
ymlfiles\Case_396_H4_T659_dir0_quadhigh.yml,4,6.59,4.6738,0,quadhigh,quadhigh,quadhigh,1,4,100,1300,150,1300,0.5139592857949663,3.5089221038822944,0.00035009216508266887,0.571709156036377,12.409791193563677,-0.00035497541365498407,-0.8925096229898419,0.11741700604653985,-0.0020106220381738054,1.0816448064245445,13.813411954357637,-0.0006633071262880164
ymlfiles\Case_397_H4_T659_dir45_quadhigh.yml,4,6.59,4.6738,45,quadhigh,quadhigh,quadhigh,1,4,100,1300,150,1300,0.572858024001079,2.770607051042819,4.358259824291703,0.947384774684906,10.207791139117633,16.76466687439774,-0.8916207863456743,0.1317338513156823,0.11915409378179145,1.3087596264532033,10.844237842520672,16.980392710309754
ymlfiles\Case_398_H4_T659_dir90_quadhigh.yml,4,6.59,4.6738,90,quadhigh,quadhigh,quadhigh,1,4,100,1300,150,1300,0.541006098169454,2.6076291076789904,3.351388922667268,0.7577025890350342,8.569137403451426,13.927343967698267,-0.9102508214035113,0.14800192913445206,0.04301406498107663,1.1656546278237827,10.23680941466159,12.966316332517492
ymlfiles\Case_399_H4_T659_dir135_quadhigh.yml,4,6.59,4.6738,135,quadhigh,quadhigh,quadhigh,1,4,100,1300,150,1300,0.5693019450576574,2.009602602453051,2.148068287468927,0.8597887754440308,9.197612991061918,9.249478886298057,-0.9142064205036045,0.36232859004193585,0.08572530216473602,1.2724179899104215,8.149507494602597,8.351167273245721
ymlfiles\Case_400_H4_T659_dir180_quadhigh.yml,4,6.59,4.6738,180,quadhigh,quadhigh,quadhigh,1,4,100,1300,150,1300,0.602807433443216,5.828699669106343,0.0005396292568780783,0.8836901783943176,22.934438223372787,-3.678282726720462e-05,-0.9282719913600573,0.572569861045108,-0.0020321806752345113,1.389188053905675,23.198553767810463,4.362855046020778e-05
ymlfiles\Case_401_H4_T709_dir0_quadhigh.yml,4,7.09,5.0284,0,quadhigh,quadhigh,quadhigh,1,4,100,1300,150,1300,0.5719674704438542,3.4928783505854057,0.0003758691809080576,0.7712078094482422,12.482256939336574,-0.00048589089887096307,-0.8898150558149135,0.11354842586828315,-0.002020099570646355,1.301532813443043,13.710279360191901,-0.0005771105925942012
ymlfiles\Case_402_H4_T709_dir45_quadhigh.yml,4,7.09,5.0284,45,quadhigh,quadhigh,quadhigh,1,4,100,1300,150,1300,0.6371188734253798,2.8595451196005914,4.495671063982225,1.1021034717559814,10.067727864902768,18.049908693160916,-0.8880501185414797,0.11206815325387806,0.13665856352208441,1.553449654289792,11.131159647060084,17.479155490070003
ymlfiles\Case_403_H4_T709_dir90_quadhigh.yml,4,7.09,5.0284,90,quadhigh,quadhigh,quadhigh,1,4,100,1300,150,1300,0.6044766545131818,2.6165852182365708,3.5173137492736632,0.9041946530342102,8.604695368270512,13.96031755969015,-0.9077194737414485,0.15201005390072975,0.05691696277685085,1.4070470386307021,10.25247107031818,13.58077608548292
ymlfiles\Case_404_H4_T709_dir135_quadhigh.yml,4,7.09,5.0284,135,quadhigh,quadhigh,quadhigh,1,4,100,1300,150,1300,0.6291596758985061,2.047562796308862,2.2900813137115836,1.0372370481491089,8.84393384300761,9.027501153367227,-0.9111083763545833,0.364731346028647,0.09920630052005264,1.5009506900689205,8.27024740454381,8.886520399139606
ymlfiles\Case_405_H4_T709_dir180_quadhigh.yml,4,7.09,5.0284,180,quadhigh,quadhigh,quadhigh,1,4,100,1300,150,1300,0.6634568029707553,5.902870824084003,0.0005855664194871886,1.1112295389175415,21.9708556258349,-4.856436229069204e-05,-0.9217832438917739,0.5811813283818084,-0.0020313846290385884,1.6227609860525538,23.412799477641318,0.0002174206615301196
ymlfiles\Case_406_H4_T759_dir0_quadhigh.yml,4,7.59,5.383,0,quadhigh,quadhigh,quadhigh,1,4,100,1300,150,1300,0.6209688010187507,3.438888339520388,0.0003946873671775692,0.8823433518409729,13.496997653757859,-0.0005565731327578048,-0.8895723902871248,0.10811287153144894,-0.0020179403610865497,1.482612774365673,13.461847047655672,-0.000505254455943463
ymlfiles\Case_407_H4_T759_dir45_quadhigh.yml,4,7.59,5.383,45,quadhigh,quadhigh,quadhigh,1,4,100,1300,150,1300,0.6891786257373247,2.8805046076305403,4.513056339402452,1.1092945337295532,10.98792168573815,16.678324745552317,-0.8861052096317028,0.10179000955430588,0.14316429365744626,1.747628073604464,11.183132237229508,17.52556950370282
ymlfiles\Case_408_H4_T759_dir90_quadhigh.yml,4,7.59,5.383,90,quadhigh,quadhigh,quadhigh,1,4,100,1300,150,1300,0.6567367862418569,2.568290988326234,3.570629467942832,0.971735417842865,8.28018795816133,14.973600028723636,-0.9069419840677182,0.16364751279259138,0.07063034087180259,1.6008277455115354,10.0695773167837,13.765581056931957
ymlfiles\Case_409_H4_T759_dir135_quadhigh.yml,4,7.59,5.383,135,quadhigh,quadhigh,quadhigh,1,4,100,1300,150,1300,0.6770070294020902,2.0353009416827175,2.3601163751428085,1.023918867111206,8.883665907183222,8.988312089230632,-0.9098091810034756,0.36825462277439375,0.10667969236527983,1.6776467920493172,8.215546676639088,9.137127564685166
ymlfiles\Case_410_H4_T759_dir180_quadhigh.yml,4,7.59,5.383,180,quadhigh,quadhigh,quadhigh,1,4,100,1300,150,1300,0.7137849797486994,5.853964471477291,0.0006072965384825968,1.108367919921875,23.114939632568714,0.00016364932001727638,-0.9201416738663801,0.5731597026212848,-0.002030489351196707,1.8087542481351462,23.189714265210274,0.0002993854154333636
ymlfiles\Case_411_H2_T659_dir0_DOFbest.yml,2,6.59,4.6738,0,DOFbest,DOFbest,DOFbest,3.3,2.4,233,304.5,248,640,0.32942235204760184,1.9700984042106113,0.00025543159968594015,0.03522375971078873,7.287357636823799,-0.001122700151032197,-0.9322210517013294,0.2972000879366616,-0.0020367671324372835,0.33354359470686457,7.9836265624573155,-0.001053222467224591
ymlfiles\Case_412_H2_T659_dir45_DOFbest.yml,2,6.59,4.6738,45,DOFbest,DOFbest,DOFbest,3.3,2.4,233,304.5,248,640,0.3633702687514648,1.3389757647306666,2.1858725012114184,0.24991805851459503,5.677616091914255,8.677478717839815,-0.933742479702186,0.3140649195775375,0.013448363577571662,0.4626296824180298,5.4947228340642935,8.466976579509414
ymlfiles\Case_413_H2_T659_dir90_DOFbest.yml,2,6.59,4.6738,90,DOFbest,DOFbest,DOFbest,3.3,2.4,233,304.5,248,640,0.3429294301787788,1.421639760920398,1.4836252006631165,0.14832600951194763,5.393557062069887,6.141027351626696,-0.9344045060074473,0.28783287957199266,0.003676238660549834,0.38247362491953174,5.78665533575332,5.728134723155652
ymlfiles\Case_414_H2_T659_dir135_DOFbest.yml,2,6.59,4.6738,135,DOFbest,DOFbest,DOFbest,3.3,2.4,233,304.5,248,640,0.3556804004968013,0.8628433587999941,0.9703022987820323,0.23641398549079895,4.447118239348731,4.193159853176609,-0.9332072925773198,0.31704533475560753,0.018704100013838966,0.43338356744864237,3.6704702224501293,3.748405003001815
ymlfiles\Case_415_H2_T659_dir180_DOFbest.yml,2,6.59,4.6738,180,DOFbest,DOFbest,DOFbest,3.3,2.4,233,304.5,248,640,0.3838722617802307,2.9255183571882415,0.000367357709093025,0.3364883363246918,12.895834285090954,-0.0009054540491579239,-0.9343860931153165,0.33541974904701366,-0.002039922248504144,0.5415736344518678,11.686521148698702,-0.0006269658335405191
ymlfiles\Case_416_H2_T709_dir0_DOFbest.yml,2,7.09,5.0284,0,DOFbest,DOFbest,DOFbest,3.3,2.4,233,304.5,248,640,0.3606466793080369,1.947077766378037,0.0002735673899954508,0.15134502947330475,6.946557664223197,-0.0010091266824546641,-0.9310975141875641,0.29591718355846436,-0.0020387960839429553,0.45232555647175765,7.869893702733272,-0.0009872987062407624
ymlfiles\Case_417_H2_T709_dir45_DOFbest.yml,2,7.09,5.0284,45,DOFbest,DOFbest,DOFbest,3.3,2.4,233,304.5,248,640,0.39687215694633415,1.3884317550132879,2.2577546054688313,0.36350399255752563,5.551694297489077,8.341669052201553,-0.9337677849953473,0.31092863949894706,0.014056164387080211,0.5886154092306951,5.6671564263463745,8.719098670031935
ymlfiles\Case_418_H2_T709_dir90_DOFbest.yml,2,7.09,5.0284,90,DOFbest,DOFbest,DOFbest,3.3,2.4,233,304.5,248,640,0.37696778046953955,1.4453398164066729,1.5776551575038553,0.26639145612716675,5.383373676904222,5.800807091331898,-0.9337571581328227,0.2892560029130593,0.006779172089353759,0.5115804117271788,5.864797666685719,6.073798244359464
ymlfiles\Case_419_H2_T709_dir135_DOFbest.yml,2,7.09,5.0284,135,DOFbest,DOFbest,DOFbest,3.3,2.4,233,304.5,248,640,0.3878155218596536,0.8828377206112529,1.0489462242627352,0.3196384012699127,3.875206009576053,4.089898065096595,-0.932823636486855,0.3185862026185092,0.021141106154517357,0.5552683433233634,3.7339704331283463,4.042225309155691
ymlfiles\Case_420_H2_T709_dir180_DOFbest.yml,2,7.09,5.0284,180,DOFbest,DOFbest,DOFbest,3.3,2.4,233,304.5,248,640,0.41655870303972226,2.9651972692351722,0.0003873794967641225,0.41217491030693054,11.778354718947984,-0.0008893915986744893,-0.9338226879280852,0.3388527611367411,-0.0020421266353338632,0.6653844271352408,11.808344902201798,-0.0005545600398421608
ymlfiles\Case_421_H2_T759_dir0_DOFbest.yml,2,7.59,5.383,0,DOFbest,DOFbest,DOFbest,3.3,2.4,233,304.5,248,640,0.3842081953003571,1.8964702895365704,0.0002825469284571238,0.19360169768333435,7.428702425281689,-0.0010683829716060715,-0.9303202727053124,0.29362222830117274,-0.0020379786172483342,0.5392332554467276,7.6602275546094685,-0.0009549399937966148
ymlfiles\Case_422_H2_T759_dir45_DOFbest.yml,2,7.59,5.383,45,DOFbest,DOFbest,DOFbest,3.3,2.4,233,304.5,248,640,0.42090909104392044,1.3964686753530844,2.26107554032446,0.3476845324039459,5.800457471023758,8.689378614921269,-0.9326144528296422,0.3068229495220009,0.014581896040025279,0.6774623382287291,5.684812099093459,8.724361875929166
ymlfiles\Case_423_H2_T759_dir90_DOFbest.yml,2,7.59,5.383,90,DOFbest,DOFbest,DOFbest,3.3,2.4,233,304.5,248,640,0.4022742000299958,1.425469988261033,1.6209434037930397,0.24173203110694885,5.1564914412625,6.430567608279999,-0.9330469515266425,0.2928625055922827,0.009549580531625948,0.60483278793446,5.7893907638408635,6.230628327285455
ymlfiles\Case_424_H2_T759_dir135_DOFbest.yml,2,7.59,5.383,135,DOFbest,DOFbest,DOFbest,3.3,2.4,233,304.5,248,640,0.4114494698498955,0.8785017960076927,1.092535394551873,0.32629337906837463,3.9209904751299414,4.14446487326265,-0.9325216795887338,0.3208570422826201,0.023604072613665258,0.6412972849038473,3.715682262990147,4.203567228835496
ymlfiles\Case_425_H2_T759_dir180_DOFbest.yml,2,7.59,5.383,180,DOFbest,DOFbest,DOFbest,3.3,2.4,233,304.5,248,640,0.4393660918353511,2.9242256761957606,0.0003951579607491662,0.41460874676704407,12.56133516199969,-0.0007586352059232324,-0.9333407722485126,0.3416066901783088,-0.002044470086713621,0.7480994065816909,11.641389259307832,-0.0005272840775483792
ymlfiles\Case_426_H4_T659_dir0_DOFbest.yml,4,6.59,4.6738,0,DOFbest,DOFbest,DOFbest,3.3,2.4,233,304.5,248,640,0.5093313883558812,3.493587506771363,0.0003328519097795702,0.5662570595741272,12.478664259833147,-0.00023896016495562135,-0.893005911754126,0.1186740537505074,-0.002015823696397876,1.0632894247997537,13.755687342364261,-0.0007353865902151244
ymlfiles\Case_427_H4_T659_dir45_DOFbest.yml,4,6.59,4.6738,45,DOFbest,DOFbest,DOFbest,3.3,2.4,233,304.5,248,640,0.568693026778843,2.7293341175830452,4.345866330266198,0.9443479180335999,10.122732232062527,16.89175108164229,-0.8917331618391944,0.13424165190969725,0.11292158947460282,1.2926492585720397,10.688771653001098,16.927475057120486
ymlfiles\Case_428_H4_T659_dir90_DOFbest.yml,4,6.59,4.6738,90,DOFbest,DOFbest,DOFbest,3.3,2.4,233,304.5,248,640,0.5370428904470178,2.573942088680716,3.3068879681587533,0.7552608847618103,8.567279591997183,13.963856451453863,-0.910591273550729,0.15190759225190045,0.040528839496424746,1.1498398396467424,10.114109878538978,12.792729260757962
ymlfiles\Case_429_H4_T659_dir135_DOFbest.yml,4,6.59,4.6738,135,DOFbest,DOFbest,DOFbest,3.3,2.4,233,304.5,248,640,0.5649367411168202,1.9706985486231519,2.089912061122357,0.8550429940223694,9.133313590215417,9.122374188485997,-0.9147537990236283,0.36046857480125577,0.08347457430894316,1.2550135873517454,8.00022980368852,8.12711836835261
ymlfiles\Case_430_H4_T659_dir180_DOFbest.yml,4,6.59,4.6738,180,DOFbest,DOFbest,DOFbest,3.3,2.4,233,304.5,248,640,0.5981344312612918,5.85205443704368,0.0005096119990286737,0.8821771740913391,23.335935525806356,-0.00013901782786392933,-0.9283068776505687,0.5686636617355885,-0.0020320006595141832,1.3710919369990058,23.282886052632847,-7.069252282437431e-05
ymlfiles\Case_431_H4_T709_dir0_DOFbest.yml,4,7.09,5.0284,0,DOFbest,DOFbest,DOFbest,3.3,2.4,233,304.5,248,640,0.5675544275572302,3.4726973290949332,0.0003616128217574842,0.7655626535415649,12.462622706793725,-0.0005708048474172581,-0.8902591192815481,0.11510144075440759,-0.002017706468655177,1.283795738345368,13.63418770421175,-0.0006286205981100162
ymlfiles\Case_432_H4_T709_dir45_DOFbest.yml,4,7.09,5.0284,45,DOFbest,DOFbest,DOFbest,3.3,2.4,233,304.5,248,640,0.6333136980049661,2.8148158529097502,4.479598281103771,1.09871506690979,10.009127403144998,18.113007688260787,-0.888153222099998,0.11502967198181899,0.13004430128681954,1.5386576842854178,10.9648036270342,17.40985678133
ymlfiles\Case_433_H4_T709_dir90_DOFbest.yml,4,7.09,5.0284,90,DOFbest,DOFbest,DOFbest,3.3,2.4,233,304.5,248,640,0.6007845400021166,2.5795980002166976,3.468669937760779,0.901130735874176,8.573799861333606,13.866859227503218,-0.9080177151680061,0.15567834671923225,0.0536586983897584,1.3924048188778393,10.114527616402118,13.395479304005901
ymlfiles\Case_434_H4_T709_dir135_DOFbest.yml,4,7.09,5.0284,135,DOFbest,DOFbest,DOFbest,3.3,2.4,233,304.5,248,640,0.6250432182397784,2.0063368116153093,2.227973040119731,1.0333422422409058,8.777459880684107,8.922705560931721,-0.911639424966471,0.36295138352547024,0.09624644958285003,1.484322987255665,8.11171006062937,8.6448690886429
ymlfiles\Case_435_H4_T709_dir180_DOFbest.yml,4,7.09,5.0284,180,DOFbest,DOFbest,DOFbest,3.3,2.4,233,304.5,248,640,0.6592323458727174,5.921313301352142,0.0005515452958440043,1.1044564247131348,22.30445401772937,-0.00019146104604861954,-0.921709686494453,0.5759743089862233,-0.002032194226453142,1.6067424917578792,23.47978949113106,8.694330813849337e-05
ymlfiles\Case_436_H4_T759_dir0_DOFbest.yml,4,7.59,5.383,0,DOFbest,DOFbest,DOFbest,3.3,2.4,233,304.5,248,640,0.6168738174937647,3.4145773699482445,0.0003811131757079224,0.8755543828010559,13.526915589869807,0.0009188971279310018,-0.8899602804676804,0.1097486808832127,-0.0020151022608946765,1.4659231933580004,13.371414945830203,-0.000552973331316244
ymlfiles\Case_437_H4_T759_dir45_DOFbest.yml,4,7.59,5.383,45,DOFbest,DOFbest,DOFbest,3.3,2.4,233,304.5,248,640,0.6857676035109767,2.834846188830275,4.495345759447392,1.1080390214920044,10.915013685216495,17.021787638155576,-0.8861836566387512,0.1044305105208709,0.13669938356904915,1.734391512550585,11.010130976751029,17.455091216811997
ymlfiles\Case_438_H4_T759_dir90_DOFbest.yml,4,7.59,5.383,90,DOFbest,DOFbest,DOFbest,3.3,2.4,233,304.5,248,640,0.6533363424273854,2.5291658465957947,3.5217873649686067,0.9698343873023987,8.195902570029725,15.156225626751437,-0.9071910736796454,0.16677974707240417,0.06747480654709623,1.5872434439021539,9.922960846083274,13.57860974503508
ymlfiles\Case_439_H4_T759_dir135_DOFbest.yml,4,7.59,5.383,135,DOFbest,DOFbest,DOFbest,3.3,2.4,233,304.5,248,640,0.6731680690260751,1.9941986542510115,2.2980596974720453,1.0191385746002197,8.80715583564803,8.896215526009472,-0.9103064058783423,0.3664818558426292,0.10361062401826507,1.6621212173414368,8.057133039922837,8.89780473131114
ymlfiles\Case_440_H4_T759_dir180_DOFbest.yml,4,7.59,5.383,180,DOFbest,DOFbest,DOFbest,3.3,2.4,233,304.5,248,640,0.7099963245006233,5.869297237112909,0.0005736386796828388,1.106000304222107,23.586004119246155,0.0001756681616706574,-0.9201223802190966,0.567869220018582,-0.0020332843907970148,1.7942890035115564,23.245404415092956,0.00016621863401075675
